Week;Book;Channel;Gross;Returns;Units
2026-W31;Тихий сад;Litres;1047;188.46;3
2026-W31;Северный экспресс;Ozon;1796;323.28;4
2026-W31;Дом у маяка;WB;1495;269.1;5
2026-W31;Игры разума;Litres;3240;583.2;6
2026-W31;Шёпот времени;Ozon;2730;491.4;7
2026-W31;Тихий сад;WB;2792;502.56;8
2026-W31;Северный экспресс;Litres;4041;727.38;9
2026-W31;Дом у маяка;Ozon;897;161.46;3
2026-W31;Игры разума;WB;2160;388.8;4
2026-W31;Шёпот времени;Litres;1950;351;5
2026-W31;Тихий сад;Ozon;2094;376.92;6
2026-W31;Северный экспресс;WB;3143;565.74;7
2026-W31;Дом у маяка;Litres;2392;430.56;8
2026-W31;Игры разума;Ozon;4860;874.8;9
2026-W31;Шёпот времени;WB;1170;210.6;3
2026-W31;Тихий сад;Litres;1396;251.28;4
2026-W31;Северный экспресс;Ozon;2245;404.1;5
2026-W31;Дом у маяка;WB;1794;322.92;6
2026-W31;Игры разума;Litres;3780;680.4;7
2026-W31;Шёпот времени;Ozon;3120;561.6;8
2026-W31;Тихий сад;WB;3141;565.38;9
2026-W31;Северный экспресс;Litres;1347;242.46;3
2026-W31;Дом у маяка;Ozon;1196;215.28;4
2026-W31;Игры разума;WB;2700;486;5
2026-W31;Шёпот времени;Litres;2340;421.2;6
2026-W31;Тихий сад;Ozon;2443;439.74;7
2026-W31;Северный экспресс;WB;3592;646.56;8
2026-W31;Дом у маяка;Litres;2691;484.38;9
2026-W31;Игры разума;Ozon;1620;291.6;3
2026-W31;Шёпот времени;WB;1560;280.8;4
2026-W31;Тихий сад;Litres;1745;314.1;5
2026-W31;Северный экспресс;Ozon;2694;484.92;6
2026-W31;Дом у маяка;WB;2093;376.74;7
2026-W31;Игры разума;Litres;4320;777.6;8
2026-W31;Шёпот времени;Ozon;3510;631.8;9
2026-W31;Тихий сад;WB;1047;188.46;3
2026-W31;Северный экспресс;Litres;1796;323.28;4
2026-W31;Дом у маяка;Ozon;1495;269.1;5
2026-W31;Игры разума;WB;3240;583.2;6
2026-W31;Шёпот времени;Litres;2730;491.4;7
2026-W31;Тихий сад;Ozon;2792;502.56;8
2026-W31;Северный экспресс;WB;4041;727.38;9
2026-W31;Дом у маяка;Litres;897;161.46;3
2026-W31;Игры разума;Ozon;2160;388.8;4
2026-W31;Шёпот времени;WB;1950;351;5
2026-W31;Тихий сад;Litres;2094;376.92;6
2026-W31;Северный экспресс;Ozon;3143;565.74;7
2026-W31;Дом у маяка;WB;2392;430.56;8
2026-W31;Игры разума;Litres;4860;874.8;9
2026-W31;Шёпот времени;Ozon;1170;210.6;3
2026-W31;Тихий сад;WB;1396;251.28;4
2026-W31;Северный экспресс;Litres;2245;404.1;5
2026-W31;Дом у маяка;Ozon;1794;322.92;6
2026-W31;Игры разума;WB;3780;680.4;7
2026-W31;Шёпот времени;Litres;3120;561.6;8
2026-W31;Тихий сад;Ozon;3141;565.38;9
2026-W31;Северный экспресс;WB;1347;242.46;3
2026-W31;Дом у маяка;Litres;1196;215.28;4
2026-W31;Игры разума;Ozon;2700;486;5
2026-W31;Шёпот времени;WB;2340;421.2;6
2026-W31;Тихий сад;Litres;2443;439.74;7
2026-W31;Северный экспресс;Ozon;3592;646.56;8
2026-W31;Дом у маяка;WB;2691;484.38;9
2026-W31;Игры разума;Litres;1620;291.6;3
2026-W31;Шёпот времени;Ozon;1560;280.8;4
2026-W31;Тихий сад;WB;1745;314.1;5
2026-W31;Северный экспресс;Litres;2694;484.92;6
2026-W31;Дом у маяка;Ozon;2093;376.74;7
2026-W31;Игры разума;WB;4320;777.6;8
2026-W31;Шёпот времени;Litres;3510;631.8;9
2026-W31;Тихий сад;Ozon;1047;188.46;3
2026-W31;Северный экспресс;WB;1796;323.28;4
2026-W31;Дом у маяка;Litres;1495;269.1;5
2026-W31;Игры разума;Ozon;3240;583.2;6
2026-W31;Шёпот времени;WB;2730;491.4;7
2026-W31;Тихий сад;Litres;2792;502.56;8
2026-W31;Северный экспресс;Ozon;4041;727.38;9
2026-W31;Дом у маяка;WB;897;161.46;3
2026-W31;Игры разума;Litres;2160;388.8;4
2026-W31;Шёпот времени;Ozon;1950;351;5
2026-W31;Тихий сад;WB;2094;376.92;6
2026-W31;Северный экспресс;Litres;3143;565.74;7
2026-W31;Дом у маяка;Ozon;2392;430.56;8
2026-W31;Игры разума;WB;4860;874.8;9
2026-W31;Шёпот времени;Litres;1170;210.6;3
2026-W31;Тихий сад;Ozon;1396;251.28;4
2026-W31;Северный экспресс;WB;2245;404.1;5
2026-W31;Дом у маяка;Litres;1794;322.92;6
2026-W31;Игры разума;Ozon;3780;680.4;7
2026-W31;Шёпот времени;WB;3120;561.6;8
2026-W31;Тихий сад;Litres;3141;565.38;9
2026-W31;Северный экспресс;Ozon;1347;242.46;3
2026-W31;Дом у маяка;WB;1196;215.28;4
2026-W31;Игры разума;Litres;2700;486;5
2026-W31;Шёпот времени;Ozon;2340;421.2;6
2026-W31;Тихий сад;WB;2443;439.74;7
2026-W31;Северный экспресс;Litres;3592;646.56;8
2026-W31;Дом у маяка;Ozon;2691;484.38;9
2026-W31;Игры разума;WB;1620;291.6;3
2026-W31;Шёпот времени;Litres;1560;280.8;4
2026-W31;Тихий сад;Ozon;1745;314.1;5
2026-W31;Северный экспресс;WB;2694;484.92;6
2026-W31;Дом у маяка;Litres;2093;376.74;7
2026-W31;Игры разума;Ozon;4320;777.6;8
2026-W31;Шёпот времени;WB;3510;631.8;9
2026-W31;Тихий сад;Litres;1047;188.46;3
2026-W31;Северный экспресс;Ozon;1796;323.28;4
2026-W31;Дом у маяка;WB;1495;269.1;5
2026-W31;Игры разума;Litres;3240;583.2;6
2026-W31;Шёпот времени;Ozon;2730;491.4;7
2026-W31;Тихий сад;WB;2792;502.56;8
2026-W31;Северный экспресс;Litres;4041;727.38;9
2026-W31;Дом у маяка;Ozon;897;161.46;3
2026-W31;Игры разума;WB;2160;388.8;4
2026-W31;Шёпот времени;Litres;1950;351;5
2026-W31;Тихий сад;Ozon;2094;376.92;6
2026-W31;Северный экспресс;WB;3143;565.74;7
2026-W31;Дом у маяка;Litres;2392;430.56;8
2026-W31;Игры разума;Ozon;4860;874.8;9
2026-W31;Шёпот времени;WB;1170;210.6;3
2026-W31;Тихий сад;Litres;1396;251.28;4
2026-W31;Северный экспресс;Ozon;2245;404.1;5
2026-W31;Дом у маяка;WB;1794;322.92;6
2026-W31;Игры разума;Litres;3780;680.4;7
2026-W31;Шёпот времени;Ozon;3120;561.6;8
2026-W31;Тихий сад;WB;3141;565.38;9
2026-W31;Северный экспресс;Litres;1347;242.46;3
2026-W31;Дом у маяка;Ozon;1196;215.28;4
2026-W31;Игры разума;WB;2700;486;5
2026-W31;Шёпот времени;Litres;2340;421.2;6
2026-W31;Тихий сад;Ozon;2443;439.74;7
2026-W31;Северный экспресс;WB;3592;646.56;8
2026-W31;Дом у маяка;Litres;2691;484.38;9
2026-W31;Игры разума;Ozon;1620;291.6;3
2026-W31;Шёпот времени;WB;1560;280.8;4
2026-W31;Тихий сад;Litres;1745;314.1;5
2026-W31;Северный экспресс;Ozon;2694;484.92;6
2026-W31;Дом у маяка;WB;2093;376.74;7
2026-W31;Игры разума;Litres;4320;777.6;8
2026-W31;Шёпот времени;Ozon;3510;631.8;9
2026-W31;Тихий сад;WB;1047;188.46;3
2026-W31;Северный экспресс;Litres;1796;323.28;4
2026-W31;Дом у маяка;Ozon;1495;269.1;5
2026-W31;Игры разума;WB;3240;583.2;6
2026-W31;Шёпот времени;Litres;2730;491.4;7
2026-W31;Тихий сад;Ozon;2792;502.56;8
2026-W31;Северный экспресс;WB;4041;727.38;9
2026-W31;Дом у маяка;Litres;897;161.46;3
2026-W31;Игры разума;Ozon;2160;388.8;4
2026-W31;Шёпот времени;WB;1950;351;5
2026-W31;Тихий сад;Litres;2094;376.92;6
2026-W31;Северный экспресс;Ozon;3143;565.74;7
2026-W31;Дом у маяка;WB;2392;430.56;8
2026-W31;Игры разума;Litres;4860;874.8;9
2026-W31;Шёпот времени;Ozon;1170;210.6;3
2026-W31;Тихий сад;WB;1396;251.28;4
2026-W31;Северный экспресс;Litres;2245;404.1;5
2026-W31;Дом у маяка;Ozon;1794;322.92;6
2026-W31;Игры разума;WB;3780;680.4;7
2026-W31;Шёпот времени;Litres;3120;561.6;8
2026-W31;Тихий сад;Ozon;3141;565.38;9
2026-W31;Северный экспресс;WB;1347;242.46;3
2026-W31;Дом у маяка;Litres;1196;215.28;4
2026-W31;Игры разума;Ozon;2700;486;5
2026-W31;Шёпот времени;WB;2340;421.2;6
2026-W31;Тихий сад;Litres;2443;439.74;7
2026-W31;Северный экспресс;Ozon;3592;646.56;8
2026-W31;Дом у маяка;WB;2691;484.38;9
2026-W31;Игры разума;Litres;1620;291.6;3
2026-W31;Шёпот времени;Ozon;1560;280.8;4
2026-W31;Тихий сад;WB;1745;314.1;5
2026-W31;Северный экспресс;Litres;2694;484.92;6
2026-W31;Дом у маяка;Ozon;2093;376.74;7
2026-W31;Игры разума;WB;4320;777.6;8
2026-W31;Шёпот времени;Litres;3510;631.8;9
2026-W31;Тихий сад;Ozon;1047;188.46;3
2026-W31;Северный экспресс;WB;1796;323.28;4
2026-W31;Дом у маяка;Litres;1495;269.1;5
2026-W31;Игры разума;Ozon;3240;583.2;6
2026-W31;Шёпот времени;WB;2730;491.4;7
2026-W31;Тихий сад;Litres;2792;502.56;8
2026-W31;Северный экспресс;Ozon;4041;727.38;9
2026-W31;Дом у маяка;WB;897;161.46;3
2026-W31;Игры разума;Litres;2160;388.8;4
2026-W31;Шёпот времени;Ozon;1950;351;5
2026-W31;Тихий сад;WB;2094;376.92;6
2026-W31;Северный экспресс;Litres;3143;565.74;7
2026-W31;Дом у маяка;Ozon;2392;430.56;8
2026-W31;Игры разума;WB;4860;874.8;9
2026-W31;Шёпот времени;Litres;1170;210.6;3
2026-W31;Тихий сад;Ozon;1396;251.28;4
2026-W31;Северный экспресс;WB;2245;404.1;5
2026-W31;Дом у маяка;Litres;1794;322.92;6
2026-W31;Игры разума;Ozon;3780;680.4;7
2026-W31;Шёпот времени;WB;3120;561.6;8
2026-W31;Тихий сад;Litres;3141;565.38;9
2026-W31;Северный экспресс;Ozon;1347;242.46;3
2026-W31;Дом у маяка;WB;1196;215.28;4
2026-W31;Игры разума;Litres;2700;486;5
2026-W31;Шёпот времени;Ozon;2340;421.2;6
2026-W31;Тихий сад;WB;2443;439.74;7
2026-W31;Северный экспресс;Litres;3592;646.56;8
2026-W31;Дом у маяка;Ozon;2691;484.38;9
2026-W31;Игры разума;WB;1620;291.6;3
2026-W31;Шёпот времени;Litres;1560;280.8;4
2026-W31;Тихий сад;Ozon;1745;314.1;5
2026-W31;Северный экспресс;WB;2694;484.92;6
2026-W31;Дом у маяка;Litres;2093;376.74;7
2026-W31;Игры разума;Ozon;4320;777.6;8
2026-W31;Шёпот времени;WB;3510;631.8;9
2026-W31;Тихий сад;Litres;1047;188.46;3
2026-W31;Северный экспресс;Ozon;1796;323.28;4
2026-W31;Дом у маяка;WB;1495;269.1;5
2026-W31;Игры разума;Litres;3240;583.2;6
2026-W31;Шёпот времени;Ozon;2730;491.4;7
2026-W31;Тихий сад;WB;2792;502.56;8
2026-W31;Северный экспресс;Litres;4041;727.38;9
2026-W31;Дом у маяка;Ozon;897;161.46;3
2026-W31;Игры разума;WB;2160;388.8;4
2026-W31;Шёпот времени;Litres;1950;351;5
2026-W31;Тихий сад;Ozon;2094;376.92;6
2026-W31;Северный экспресс;WB;3143;565.74;7
2026-W31;Дом у маяка;Litres;2392;430.56;8
2026-W31;Игры разума;Ozon;4860;874.8;9
2026-W31;Шёпот времени;WB;1170;210.6;3
2026-W31;Тихий сад;Litres;1396;251.28;4
2026-W31;Северный экспресс;Ozon;2245;404.1;5
2026-W31;Дом у маяка;WB;1794;322.92;6
2026-W31;Игры разума;Litres;3780;680.4;7
2026-W31;Шёпот времени;Ozon;3120;561.6;8
2026-W31;Тихий сад;WB;3141;565.38;9
2026-W31;Северный экспресс;Litres;1347;242.46;3
2026-W31;Дом у маяка;Ozon;1196;215.28;4
2026-W31;Игры разума;WB;2700;486;5
2026-W31;Шёпот времени;Litres;2340;421.2;6
2026-W31;Тихий сад;Ozon;2443;439.74;7
2026-W31;Северный экспресс;WB;3592;646.56;8
2026-W31;Дом у маяка;Litres;2691;484.38;9
2026-W31;Игры разума;Ozon;1620;291.6;3
2026-W31;Шёпот времени;WB;1560;280.8;4
2026-W31;Тихий сад;Litres;1745;314.1;5
2026-W31;Северный экспресс;Ozon;2694;484.92;6
2026-W31;Дом у маяка;WB;2093;376.74;7
2026-W31;Игры разума;Litres;4320;777.6;8
2026-W31;Шёпот времени;Ozon;3510;631.8;9
2026-W31;Тихий сад;WB;1047;188.46;3
2026-W31;Северный экспресс;Litres;1796;323.28;4
2026-W31;Дом у маяка;Ozon;1495;269.1;5
2026-W31;Игры разума;WB;3240;583.2;6
2026-W31;Шёпот времени;Litres;2730;491.4;7
2026-W31;Тихий сад;Ozon;2792;502.56;8
2026-W31;Северный экспресс;WB;4041;727.38;9
2026-W31;Дом у маяка;Litres;897;161.46;3
2026-W31;Игры разума;Ozon;2160;388.8;4
2026-W31;Шёпот времени;WB;1950;351;5
2026-W31;Тихий сад;Litres;2094;376.92;6
2026-W31;Северный экспресс;Ozon;3143;565.74;7
2026-W31;Дом у маяка;WB;2392;430.56;8
2026-W31;Игры разума;Litres;4860;874.8;9
2026-W31;Шёпот времени;Ozon;1170;210.6;3
2026-W31;Тихий сад;WB;1396;251.28;4
2026-W31;Северный экспресс;Litres;2245;404.1;5
2026-W31;Дом у маяка;Ozon;1794;322.92;6
2026-W31;Игры разума;WB;3780;680.4;7
2026-W31;Шёпот времени;Litres;3120;561.6;8
2026-W31;Тихий сад;Ozon;3141;565.38;9
2026-W31;Северный экспресс;WB;1347;242.46;3
2026-W31;Дом у маяка;Litres;1196;215.28;4
2026-W31;Игры разума;Ozon;2700;486;5
2026-W31;Шёпот времени;WB;2340;421.2;6
2026-W31;Тихий сад;Litres;2443;439.74;7
2026-W31;Северный экспресс;Ozon;3592;646.56;8
2026-W31;Дом у маяка;WB;2691;484.38;9
2026-W31;Игры разума;Litres;1620;291.6;3
2026-W31;Шёпот времени;Ozon;1560;280.8;4
2026-W31;Тихий сад;WB;1745;314.1;5
2026-W31;Северный экспресс;Litres;2694;484.92;6
2026-W31;Дом у маяка;Ozon;2093;376.74;7
2026-W31;Игры разума;WB;4320;777.6;8
2026-W31;Шёпот времени;Litres;3510;631.8;9
2026-W31;Тихий сад;Ozon;1047;188.46;3
2026-W31;Северный экспресс;WB;1796;323.28;4
2026-W31;Дом у маяка;Litres;1495;269.1;5
2026-W31;Игры разума;Ozon;3240;583.2;6
2026-W31;Шёпот времени;WB;2730;491.4;7
2026-W31;Тихий сад;Litres;2792;502.56;8
2026-W31;Северный экспресс;Ozon;4041;727.38;9
2026-W31;Дом у маяка;WB;897;161.46;3
2026-W31;Игры разума;Litres;2160;388.8;4
2026-W31;Шёпот времени;Ozon;1950;351;5
2026-W31;Тихий сад;WB;2094;376.92;6
2026-W31;Северный экспресс;Litres;3143;565.74;7
2026-W31;Дом у маяка;Ozon;2392;430.56;8
2026-W31;Игры разума;WB;4860;874.8;9
2026-W31;Шёпот времени;Litres;1170;210.6;3
2026-W31;Тихий сад;Ozon;1396;251.28;4
2026-W31;Северный экспресс;WB;2245;404.1;5
2026-W31;Дом у маяка;Litres;1794;322.92;6
2026-W31;Игры разума;Ozon;3780;680.4;7
2026-W31;Шёпот времени;WB;3120;561.6;8
2026-W31;Тихий сад;Litres;3141;565.38;9
2026-W31;Северный экспресс;Ozon;1347;242.46;3
2026-W31;Дом у маяка;WB;1196;215.28;4
2026-W31;Игры разума;Litres;2700;486;5
2026-W31;Шёпот времени;Ozon;2340;421.2;6
2026-W31;Тихий сад;WB;2443;439.74;7
2026-W31;Северный экспресс;Litres;3592;646.56;8
2026-W31;Дом у маяка;Ozon;2691;484.38;9
2026-W31;Игры разума;WB;1620;291.6;3
2026-W31;Шёпот времени;Litres;1560;280.8;4
2026-W31;Тихий сад;Ozon;1745;314.1;5
2026-W31;Северный экспресс;WB;2694;484.92;6
2026-W31;Дом у маяка;Litres;2093;376.74;7
2026-W31;Игры разума;Ozon;4320;777.6;8
2026-W31;Шёпот времени;WB;3510;631.8;9
2026-W31;Тихий сад;Litres;1047;188.46;3
2026-W31;Северный экспресс;Ozon;1796;323.28;4
2026-W31;Дом у маяка;WB;1495;269.1;5
2026-W31;Игры разума;Litres;3240;583.2;6
2026-W31;Шёпот времени;Ozon;2730;491.4;7
2026-W31;Тихий сад;WB;2792;502.56;8
2026-W31;Северный экспресс;Litres;4041;727.38;9
2026-W31;Дом у маяка;Ozon;897;161.46;3
2026-W31;Игры разума;WB;2160;388.8;4
2026-W31;Шёпот времени;Litres;1950;351;5
2026-W31;Тихий сад;Ozon;2094;376.92;6
2026-W31;Северный экспресс;WB;3143;565.74;7
2026-W31;Дом у маяка;Litres;2392;430.56;8
2026-W31;Игры разума;Ozon;4860;874.8;9
2026-W31;Шёпот времени;WB;1170;210.6;3
2026-W31;Тихий сад;Litres;1396;251.28;4
2026-W31;Северный экспресс;Ozon;2245;404.1;5
2026-W31;Дом у маяка;WB;1794;322.92;6
2026-W31;Игры разума;Litres;3780;680.4;7
2026-W31;Шёпот времени;Ozon;3120;561.6;8
2026-W31;Тихий сад;WB;3141;565.38;9
2026-W31;Северный экспресс;Litres;1347;242.46;3
2026-W31;Дом у маяка;Ozon;1196;215.28;4
2026-W31;Игры разума;WB;2700;486;5
2026-W31;Шёпот времени;Litres;2340;421.2;6
2026-W31;Тихий сад;Ozon;2443;439.74;7
2026-W31;Северный экспресс;WB;3592;646.56;8
2026-W31;Дом у маяка;Litres;2691;484.38;9
2026-W31;Игры разума;Ozon;1620;291.6;3
2026-W31;Шёпот времени;WB;1560;280.8;4
2026-W31;Тихий сад;Litres;1745;314.1;5
2026-W31;Северный экспресс;Ozon;2694;484.92;6
2026-W31;Дом у маяка;WB;2093;376.74;7
2026-W31;Игры разума;Litres;4320;777.6;8
2026-W31;Шёпот времени;Ozon;3510;631.8;9
2026-W31;Тихий сад;WB;1047;188.46;3
2026-W31;Северный экспресс;Litres;1796;323.28;4
2026-W31;Дом у маяка;Ozon;1495;269.1;5
2026-W31;Игры разума;WB;3240;583.2;6
2026-W31;Шёпот времени;Litres;2730;491.4;7
2026-W31;Тихий сад;Ozon;2792;502.56;8
2026-W31;Северный экспресс;WB;4041;727.38;9
2026-W31;Дом у маяка;Litres;897;161.46;3
2026-W31;Игры разума;Ozon;2160;388.8;4
2026-W31;Шёпот времени;WB;1950;351;5
2026-W31;Тихий сад;Litres;2094;376.92;6
2026-W31;Северный экспресс;Ozon;3143;565.74;7
2026-W31;Дом у маяка;WB;2392;430.56;8
2026-W31;Игры разума;Litres;4860;874.8;9
2026-W31;Шёпот времени;Ozon;1170;210.6;3
2026-W31;Тихий сад;WB;1396;251.28;4
2026-W31;Северный экспресс;Litres;2245;404.1;5
2026-W31;Дом у маяка;Ozon;1794;322.92;6
2026-W31;Игры разума;WB;3780;680.4;7
2026-W31;Шёпот времени;Litres;3120;561.6;8
2026-W31;Тихий сад;Ozon;3141;565.38;9
2026-W31;Северный экспресс;WB;1347;242.46;3
2026-W31;Дом у маяка;Litres;1196;215.28;4
2026-W31;Игры разума;Ozon;2700;486;5
2026-W31;Шёпот времени;WB;2340;421.2;6
2026-W31;Тихий сад;Litres;2443;439.74;7
2026-W31;Северный экспресс;Ozon;3592;646.56;8
2026-W31;Дом у маяка;WB;2691;484.38;9
2026-W31;Игры разума;Litres;1620;291.6;3
2026-W31;Шёпот времени;Ozon;1560;280.8;4
2026-W31;Тихий сад;WB;1745;314.1;5
2026-W31;Северный экспресс;Litres;2694;484.92;6
2026-W31;Дом у маяка;Ozon;2093;376.74;7
2026-W31;Игры разума;WB;4320;777.6;8
2026-W31;Шёпот времени;Litres;3510;631.8;9
2026-W31;Тихий сад;Ozon;1047;188.46;3
2026-W31;Северный экспресс;WB;1796;323.28;4
2026-W31;Дом у маяка;Litres;1495;269.1;5
2026-W31;Игры разума;Ozon;3240;583.2;6
2026-W31;Шёпот времени;WB;2730;491.4;7
2026-W31;Тихий сад;Litres;2792;502.56;8
2026-W31;Северный экспресс;Ozon;4041;727.38;9
2026-W31;Дом у маяка;WB;897;161.46;3
2026-W31;Игры разума;Litres;2160;388.8;4
2026-W31;Шёпот времени;Ozon;1950;351;5
2026-W31;Тихий сад;WB;2094;376.92;6
2026-W31;Северный экспресс;Litres;3143;565.74;7
2026-W31;Дом у маяка;Ozon;2392;430.56;8
2026-W31;Игры разума;WB;4860;874.8;9
2026-W31;Шёпот времени;Litres;1170;210.6;3
2026-W31;Тихий сад;Ozon;1396;251.28;4
2026-W31;Северный экспресс;WB;2245;404.1;5
2026-W31;Дом у маяка;Litres;1794;322.92;6
2026-W31;Игры разума;Ozon;3780;680.4;7
2026-W31;Шёпот времени;WB;3120;561.6;8
2026-W31;Тихий сад;Litres;3141;565.38;9
2026-W31;Северный экспресс;Ozon;1347;242.46;3
2026-W31;Дом у маяка;WB;1196;215.28;4
2026-W31;Игры разума;Litres;2700;486;5
2026-W31;Шёпот времени;Ozon;2340;421.2;6
2026-W31;Тихий сад;WB;2443;439.74;7
2026-W31;Северный экспресс;Litres;3592;646.56;8
2026-W31;Дом у маяка;Ozon;2691;484.38;9
2026-W31;Игры разума;WB;1620;291.6;3
2026-W31;Шёпот времени;Litres;1560;280.8;4
2026-W31;Тихий сад;Ozon;1745;314.1;5
2026-W31;Северный экспресс;WB;2694;484.92;6
2026-W31;Дом у маяка;Litres;2093;376.74;7
2026-W31;Игры разума;Ozon;4320;777.6;8
2026-W31;Шёпот времени;WB;3510;631.8;9
2026-W31;Тихий сад;Litres;1047;188.46;3
2026-W31;Северный экспресс;Ozon;1796;323.28;4
2026-W31;Дом у маяка;WB;1495;269.1;5
2026-W31;Игры разума;Litres;3240;583.2;6
2026-W31;Шёпот времени;Ozon;2730;491.4;7
2026-W31;Тихий сад;WB;2792;502.56;8
2026-W31;Северный экспресс;Litres;4041;727.38;9
2026-W31;Дом у маяка;Ozon;897;161.46;3
2026-W31;Игры разума;WB;2160;388.8;4
2026-W31;Шёпот времени;Litres;1950;351;5
2026-W31;Тихий сад;Ozon;2094;376.92;6
2026-W31;Северный экспресс;WB;3143;565.74;7
2026-W31;Дом у маяка;Litres;2392;430.56;8
2026-W31;Игры разума;Ozon;4860;874.8;9
2026-W31;Шёпот времени;WB;1170;210.6;3
2026-W31;Тихий сад;Litres;1396;251.28;4
2026-W31;Северный экспресс;Ozon;2245;404.1;5
2026-W31;Дом у маяка;WB;1794;322.92;6
2026-W31;Игры разума;Litres;3780;680.4;7
2026-W31;Шёпот времени;Ozon;3120;561.6;8
2026-W31;Тихий сад;WB;3141;565.38;9
2026-W31;Северный экспресс;Litres;1347;242.46;3
2026-W31;Дом у маяка;Ozon;1196;215.28;4
2026-W31;Игры разума;WB;2700;486;5
2026-W31;Шёпот времени;Litres;2340;421.2;6
2026-W31;Тихий сад;Ozon;2443;439.74;7
2026-W31;Северный экспресс;WB;3592;646.56;8
2026-W31;Дом у маяка;Litres;2691;484.38;9
2026-W31;Игры разума;Ozon;1620;291.6;3
2026-W31;Шёпот времени;WB;1560;280.8;4
2026-W31;Тихий сад;Litres;1745;314.1;5
2026-W31;Северный экспресс;Ozon;2694;484.92;6
2026-W31;Дом у маяка;WB;2093;376.74;7
2026-W31;Игры разума;Litres;4320;777.6;8
2026-W31;Шёпот времени;Ozon;3510;631.8;9
2026-W31;Тихий сад;WB;1047;188.46;3
2026-W31;Северный экспресс;Litres;1796;323.28;4
2026-W31;Дом у маяка;Ozon;1495;269.1;5
2026-W31;Игры разума;WB;3240;583.2;6
2026-W31;Шёпот времени;Litres;2730;491.4;7
2026-W31;Тихий сад;Ozon;2792;502.56;8
2026-W31;Северный экспресс;WB;4041;727.38;9
2026-W31;Дом у маяка;Litres;897;161.46;3
2026-W31;Игры разума;Ozon;2160;388.8;4
2026-W31;Шёпот времени;WB;1950;351;5
2026-W31;Тихий сад;Litres;2094;376.92;6
2026-W31;Северный экспресс;Ozon;3143;565.74;7
2026-W31;Дом у маяка;WB;2392;430.56;8
2026-W31;Игры разума;Litres;4860;874.8;9
2026-W31;Шёпот времени;Ozon;1170;210.6;3
2026-W31;Тихий сад;WB;1396;251.28;4
2026-W31;Северный экспресс;Litres;2245;404.1;5
2026-W31;Дом у маяка;Ozon;1794;322.92;6
2026-W31;Игры разума;WB;3780;680.4;7
2026-W31;Шёпот времени;Litres;3120;561.6;8
2026-W31;Тихий сад;Ozon;3141;565.38;9
2026-W31;Северный экспресс;WB;1347;242.46;3
2026-W31;Дом у маяка;Litres;1196;215.28;4
2026-W31;Игры разума;Ozon;2700;486;5
2026-W31;Шёпот времени;WB;2340;421.2;6
2026-W31;Тихий сад;Litres;2443;439.74;7
2026-W31;Северный экспресс;Ozon;3592;646.56;8
2026-W31;Дом у маяка;WB;2691;484.38;9
2026-W31;Игры разума;Litres;1620;291.6;3
2026-W31;Шёпот времени;Ozon;1560;280.8;4
2026-W31;Тихий сад;WB;1745;314.1;5
2026-W31;Северный экспресс;Litres;2694;484.92;6
2026-W31;Дом у маяка;Ozon;2093;376.74;7
2026-W31;Игры разума;WB;4320;777.6;8
2026-W31;Шёпот времени;Litres;3510;631.8;9
2026-W31;Тихий сад;Ozon;1047;188.46;3
2026-W31;Северный экспресс;WB;1796;323.28;4
2026-W31;Дом у маяка;Litres;1495;269.1;5
2026-W31;Игры разума;Ozon;3240;583.2;6
2026-W31;Шёпот времени;WB;2730;491.4;7
2026-W31;Тихий сад;Litres;2792;502.56;8
2026-W31;Северный экспресс;Ozon;4041;727.38;9
2026-W31;Дом у маяка;WB;897;161.46;3
2026-W31;Игры разума;Litres;2160;388.8;4
2026-W31;Шёпот времени;Ozon;1950;351;5
2026-W31;Тихий сад;WB;2094;376.92;6
2026-W31;Северный экспресс;Litres;3143;565.74;7
2026-W31;Дом у маяка;Ozon;2392;430.56;8
2026-W31;Игры разума;WB;4860;874.8;9
2026-W31;Шёпот времени;Litres;1170;210.6;3
2026-W31;Тихий сад;Ozon;1396;251.28;4
2026-W31;Северный экспресс;WB;2245;404.1;5
2026-W31;Дом у маяка;Litres;1794;322.92;6
2026-W31;Игры разума;Ozon;3780;680.4;7
2026-W31;Шёпот времени;WB;3120;561.6;8
2026-W31;Тихий сад;Litres;3141;565.38;9
2026-W31;Северный экспресс;Ozon;1347;242.46;3
2026-W31;Дом у маяка;WB;1196;215.28;4
2026-W31;Игры разума;Litres;2700;486;5
2026-W31;Шёпот времени;Ozon;2340;421.2;6
2026-W31;Тихий сад;WB;2443;439.74;7
2026-W31;Северный экспресс;Litres;3592;646.56;8
2026-W31;Дом у маяка;Ozon;2691;484.38;9
2026-W31;Игры разума;WB;1620;291.6;3
2026-W31;Шёпот времени;Litres;1560;280.8;4
2026-W31;Тихий сад;Ozon;1745;314.1;5
2026-W31;Северный экспресс;WB;2694;484.92;6
2026-W31;Дом у маяка;Litres;2093;376.74;7
2026-W31;Игры разума;Ozon;4320;777.6;8
2026-W31;Шёпот времени;WB;3510;631.8;9
2026-W31;Тихий сад;Litres;1047;188.46;3
2026-W31;Северный экспресс;Ozon;1796;323.28;4
2026-W31;Дом у маяка;WB;1495;269.1;5
2026-W31;Игры разума;Litres;3240;583.2;6
2026-W31;Шёпот времени;Ozon;2730;491.4;7
2026-W31;Тихий сад;WB;2792;502.56;8
2026-W31;Северный экспресс;Litres;4041;727.38;9
2026-W31;Дом у маяка;Ozon;897;161.46;3
2026-W31;Игры разума;WB;2160;388.8;4
2026-W31;Шёпот времени;Litres;1950;351;5
2026-W31;Тихий сад;Ozon;2094;376.92;6
2026-W31;Северный экспресс;WB;3143;565.74;7
2026-W31;Дом у маяка;Litres;2392;430.56;8
2026-W31;Игры разума;Ozon;4860;874.8;9
2026-W31;Шёпот времени;WB;1170;210.6;3
2026-W31;Тихий сад;Litres;1396;251.28;4
2026-W31;Северный экспресс;Ozon;2245;404.1;5
2026-W31;Дом у маяка;WB;1794;322.92;6
2026-W31;Игры разума;Litres;3780;680.4;7
2026-W31;Шёпот времени;Ozon;3120;561.6;8
2026-W31;Тихий сад;WB;3141;565.38;9
2026-W31;Северный экспресс;Litres;1347;242.46;3
2026-W31;Дом у маяка;Ozon;1196;215.28;4
2026-W31;Игры разума;WB;2700;486;5
2026-W31;Шёпот времени;Litres;2340;421.2;6
2026-W31;Тихий сад;Ozon;2443;439.74;7
2026-W31;Северный экспресс;WB;3592;646.56;8
2026-W31;Дом у маяка;Litres;2691;484.38;9
2026-W31;Игры разума;Ozon;1620;291.6;3
2026-W31;Шёпот времени;WB;1560;280.8;4
2026-W31;Тихий сад;Litres;1745;314.1;5
2026-W31;Северный экспресс;Ozon;2694;484.92;6
2026-W31;Дом у маяка;WB;2093;376.74;7
2026-W31;Игры разума;Litres;4320;777.6;8
2026-W31;Шёпот времени;Ozon;3510;631.8;9
2026-W31;Тихий сад;WB;1047;188.46;3
2026-W31;Северный экспресс;Litres;1796;323.28;4
2026-W31;Дом у маяка;Ozon;1495;269.1;5
2026-W31;Игры разума;WB;3240;583.2;6
2026-W31;Шёпот времени;Litres;2730;491.4;7
2026-W31;Тихий сад;Ozon;2792;502.56;8
2026-W31;Северный экспресс;WB;4041;727.38;9
2026-W31;Дом у маяка;Litres;897;161.46;3
2026-W31;Игры разума;Ozon;2160;388.8;4
2026-W31;Шёпот времени;WB;1950;351;5
2026-W31;Тихий сад;Litres;2094;376.92;6
2026-W31;Северный экспресс;Ozon;3143;565.74;7
2026-W31;Дом у маяка;WB;2392;430.56;8
2026-W31;Игры разума;Litres;4860;874.8;9
2026-W31;Шёпот времени;Ozon;1170;210.6;3
2026-W31;Тихий сад;WB;1396;251.28;4
2026-W31;Северный экспресс;Litres;2245;404.1;5
2026-W31;Дом у маяка;Ozon;1794;322.92;6
2026-W31;Игры разума;WB;3780;680.4;7
2026-W31;Шёпот времени;Litres;3120;561.6;8
2026-W31;Тихий сад;Ozon;3141;565.38;9
2026-W31;Северный экспресс;WB;1347;242.46;3
2026-W31;Дом у маяка;Litres;1196;215.28;4
2026-W31;Игры разума;Ozon;2700;486;5
2026-W31;Шёпот времени;WB;2340;421.2;6
2026-W31;Тихий сад;Litres;2443;439.74;7
2026-W31;Северный экспресс;Ozon;3592;646.56;8
2026-W31;Дом у маяка;WB;2691;484.38;9
2026-W31;Игры разума;Litres;1620;291.6;3
2026-W31;Шёпот времени;Ozon;1560;280.8;4
2026-W31;Тихий сад;WB;1745;314.1;5
2026-W31;Северный экспресс;Litres;2694;484.92;6
2026-W31;Дом у маяка;Ozon;2093;376.74;7
2026-W31;Игры разума;WB;4320;777.6;8
2026-W31;Шёпот времени;Litres;3510;631.8;9
2026-W31;Тихий сад;Ozon;1047;188.46;3
2026-W31;Северный экспресс;WB;1796;323.28;4
2026-W31;Дом у маяка;Litres;1495;269.1;5
2026-W31;Игры разума;Ozon;3240;583.2;6
2026-W31;Шёпот времени;WB;2730;491.4;7
2026-W31;Тихий сад;Litres;2792;502.56;8
2026-W31;Северный экспресс;Ozon;4041;727.38;9
2026-W31;Дом у маяка;WB;897;161.46;3
2026-W31;Игры разума;Litres;2160;388.8;4
2026-W31;Шёпот времени;Ozon;1950;351;5
2026-W31;Тихий сад;WB;2094;376.92;6
2026-W31;Северный экспресс;Litres;3143;565.74;7
2026-W31;Дом у маяка;Ozon;2392;430.56;8
2026-W31;Игры разума;WB;4860;874.8;9
2026-W31;Шёпот времени;Litres;1170;210.6;3
2026-W31;Тихий сад;Ozon;1396;251.28;4
2026-W31;Северный экспресс;WB;2245;404.1;5
2026-W31;Дом у маяка;Litres;1794;322.92;6
2026-W31;Игры разума;Ozon;3780;680.4;7
2026-W31;Шёпот времени;WB;3120;561.6;8
2026-W31;Тихий сад;Litres;3141;565.38;9
2026-W31;Северный экспресс;Ozon;1347;242.46;3
2026-W31;Дом у маяка;WB;1196;215.28;4
2026-W31;Игры разума;Litres;2700;486;5
2026-W31;Шёпот времени;Ozon;2340;421.2;6
2026-W31;Тихий сад;WB;2443;439.74;7
2026-W31;Северный экспресс;Litres;3592;646.56;8
2026-W31;Дом у маяка;Ozon;2691;484.38;9
2026-W31;Игры разума;WB;1620;291.6;3
2026-W31;Шёпот времени;Litres;1560;280.8;4
2026-W31;Тихий сад;Ozon;1745;314.1;5
2026-W31;Северный экспресс;WB;2694;484.92;6
2026-W31;Дом у маяка;Litres;2093;376.74;7
2026-W31;Игры разума;Ozon;4320;777.6;8
2026-W31;Шёпот времени;WB;3510;631.8;9
2026-W31;Тихий сад;Litres;1047;188.46;3
2026-W31;Северный экспресс;Ozon;1796;323.28;4
2026-W31;Дом у маяка;WB;1495;269.1;5
2026-W31;Игры разума;Litres;3240;583.2;6
2026-W31;Шёпот времени;Ozon;2730;491.4;7
2026-W31;Тихий сад;WB;2792;502.56;8
2026-W31;Северный экспресс;Litres;4041;727.38;9
2026-W31;Дом у маяка;Ozon;897;161.46;3
2026-W31;Игры разума;WB;2160;388.8;4
2026-W31;Шёпот времени;Litres;1950;351;5
2026-W31;Тихий сад;Ozon;2094;376.92;6
2026-W31;Северный экспресс;WB;3143;565.74;7
2026-W31;Дом у маяка;Litres;2392;430.56;8
2026-W31;Игры разума;Ozon;4860;874.8;9
2026-W31;Шёпот времени;WB;1170;210.6;3
2026-W31;Тихий сад;Litres;1396;251.28;4
2026-W31;Северный экспресс;Ozon;2245;404.1;5
2026-W31;Дом у маяка;WB;1794;322.92;6
2026-W31;Игры разума;Litres;3780;680.4;7
2026-W31;Шёпот времени;Ozon;3120;561.6;8
2026-W31;Тихий сад;WB;3141;565.38;9
2026-W31;Северный экспресс;Litres;1347;242.46;3
2026-W31;Дом у маяка;Ozon;1196;215.28;4
2026-W31;Игры разума;WB;2700;486;5
2026-W31;Шёпот времени;Litres;2340;421.2;6
2026-W31;Тихий сад;Ozon;2443;439.74;7
2026-W31;Северный экспресс;WB;3592;646.56;8
2026-W31;Дом у маяка;Litres;2691;484.38;9
2026-W31;Игры разума;Ozon;1620;291.6;3
2026-W31;Шёпот времени;WB;1560;280.8;4
2026-W31;Тихий сад;Litres;1745;314.1;5
2026-W31;Северный экспресс;Ozon;2694;484.92;6
2026-W31;Дом у маяка;WB;2093;376.74;7
2026-W31;Игры разума;Litres;4320;777.6;8
2026-W31;Шёпот времени;Ozon;3510;631.8;9
2026-W31;Тихий сад;WB;1047;188.46;3
2026-W31;Северный экспресс;Litres;1796;323.28;4
2026-W31;Дом у маяка;Ozon;1495;269.1;5
2026-W31;Игры разума;WB;3240;583.2;6
2026-W31;Шёпот времени;Litres;2730;491.4;7
2026-W31;Тихий сад;Ozon;2792;502.56;8
2026-W31;Северный экспресс;WB;4041;727.38;9
2026-W31;Дом у маяка;Litres;897;161.46;3
2026-W31;Игры разума;Ozon;2160;388.8;4
2026-W31;Шёпот времени;WB;1950;351;5
2026-W31;Тихий сад;Litres;2094;376.92;6
2026-W31;Северный экспресс;Ozon;3143;565.74;7
2026-W31;Дом у маяка;WB;2392;430.56;8
2026-W31;Игры разума;Litres;4860;874.8;9
2026-W31;Шёпот времени;Ozon;1170;210.6;3
2026-W31;Тихий сад;WB;1396;251.28;4
2026-W31;Северный экспресс;Litres;2245;404.1;5
2026-W31;Дом у маяка;Ozon;1794;322.92;6
2026-W31;Игры разума;WB;3780;680.4;7
2026-W31;Шёпот времени;Litres;3120;561.6;8
2026-W31;Тихий сад;Ozon;3141;565.38;9
2026-W31;Северный экспресс;WB;1347;242.46;3
2026-W31;Дом у маяка;Litres;1196;215.28;4
2026-W31;Игры разума;Ozon;2700;486;5
2026-W31;Шёпот времени;WB;2340;421.2;6
2026-W31;Тихий сад;Litres;2443;439.74;7
2026-W31;Северный экспресс;Ozon;3592;646.56;8
2026-W31;Дом у маяка;WB;2691;484.38;9
2026-W31;Игры разума;Litres;1620;291.6;3
2026-W31;Шёпот времени;Ozon;1560;280.8;4
2026-W31;Тихий сад;WB;1745;314.1;5
2026-W31;Северный экспресс;Litres;2694;484.92;6
2026-W31;Дом у маяка;Ozon;2093;376.74;7
2026-W31;Игры разума;WB;4320;777.6;8
2026-W31;Шёпот времени;Litres;3510;631.8;9
2026-W31;Тихий сад;Ozon;1047;188.46;3
2026-W31;Северный экспресс;WB;1796;323.28;4
2026-W31;Дом у маяка;Litres;1495;269.1;5
2026-W31;Игры разума;Ozon;3240;583.2;6
2026-W31;Шёпот времени;WB;2730;491.4;7
2026-W31;Тихий сад;Litres;2792;502.56;8
2026-W31;Северный экспресс;Ozon;4041;727.38;9
2026-W31;Дом у маяка;WB;897;161.46;3
2026-W31;Игры разума;Litres;2160;388.8;4
2026-W31;Шёпот времени;Ozon;1950;351;5
2026-W31;Тихий сад;WB;2094;376.92;6
2026-W31;Северный экспресс;Litres;3143;565.74;7
2026-W31;Дом у маяка;Ozon;2392;430.56;8
2026-W31;Игры разума;WB;4860;874.8;9
2026-W31;Шёпот времени;Litres;1170;210.6;3
2026-W31;Тихий сад;Ozon;1396;251.28;4
2026-W31;Северный экспресс;WB;2245;404.1;5
2026-W31;Дом у маяка;Litres;1794;322.92;6
2026-W31;Игры разума;Ozon;3780;680.4;7
2026-W31;Шёпот времени;WB;3120;561.6;8
2026-W31;Тихий сад;Litres;3141;565.38;9
2026-W31;Северный экспресс;Ozon;1347;242.46;3
2026-W31;Дом у маяка;WB;1196;215.28;4
2026-W31;Игры разума;Litres;2700;486;5
2026-W31;Шёпот времени;Ozon;2340;421.2;6
2026-W31;Тихий сад;WB;2443;439.74;7
2026-W31;Северный экспресс;Litres;3592;646.56;8
2026-W31;Дом у маяка;Ozon;2691;484.38;9
2026-W31;Игры разума;WB;1620;291.6;3
2026-W31;Шёпот времени;Litres;1560;280.8;4
2026-W31;Тихий сад;Ozon;1745;314.1;5
2026-W31;Северный экспресс;WB;2694;484.92;6
2026-W31;Дом у маяка;Litres;2093;376.74;7
2026-W31;Игры разума;Ozon;4320;777.6;8
2026-W31;Шёпот времени;WB;3510;631.8;9
2026-W31;Тихий сад;Litres;1047;188.46;3
2026-W31;Северный экспресс;Ozon;1796;323.28;4
2026-W31;Дом у маяка;WB;1495;269.1;5
2026-W31;Игры разума;Litres;3240;583.2;6
2026-W31;Шёпот времени;Ozon;2730;491.4;7
2026-W31;Тихий сад;WB;2792;502.56;8
2026-W31;Северный экспресс;Litres;4041;727.38;9
2026-W31;Дом у маяка;Ozon;897;161.46;3
2026-W31;Игры разума;WB;2160;388.8;4
2026-W31;Шёпот времени;Litres;1950;351;5
2026-W31;Тихий сад;Ozon;2094;376.92;6
2026-W31;Северный экспресс;WB;3143;565.74;7
2026-W31;Дом у маяка;Litres;2392;430.56;8
2026-W31;Игры разума;Ozon;4860;874.8;9
2026-W31;Шёпот времени;WB;1170;210.6;3
2026-W31;Тихий сад;Litres;1396;251.28;4
2026-W31;Северный экспресс;Ozon;2245;404.1;5
2026-W31;Дом у маяка;WB;1794;322.92;6
2026-W31;Игры разума;Litres;3780;680.4;7
2026-W31;Шёпот времени;Ozon;3120;561.6;8
2026-W31;Тихий сад;WB;3141;565.38;9
2026-W31;Северный экспресс;Litres;1347;242.46;3
2026-W31;Дом у маяка;Ozon;1196;215.28;4
2026-W31;Игры разума;WB;2700;486;5
2026-W31;Шёпот времени;Litres;2340;421.2;6
2026-W31;Тихий сад;Ozon;2443;439.74;7
2026-W31;Северный экспресс;WB;3592;646.56;8
2026-W31;Дом у маяка;Litres;2691;484.38;9
2026-W31;Игры разума;Ozon;1620;291.6;3
2026-W31;Шёпот времени;WB;1560;280.8;4
2026-W31;Тихий сад;Litres;1745;314.1;5
2026-W31;Северный экспресс;Ozon;2694;484.92;6
2026-W31;Дом у маяка;WB;2093;376.74;7
2026-W31;Игры разума;Litres;4320;777.6;8
2026-W31;Шёпот времени;Ozon;3510;631.8;9
2026-W31;Тихий сад;WB;1047;188.46;3
2026-W31;Северный экспресс;Litres;1796;323.28;4
2026-W31;Дом у маяка;Ozon;1495;269.1;5
2026-W31;Игры разума;WB;3240;583.2;6
2026-W31;Шёпот времени;Litres;2730;491.4;7
2026-W31;Тихий сад;Ozon;2792;502.56;8
2026-W31;Северный экспресс;WB;4041;727.38;9
2026-W31;Дом у маяка;Litres;897;161.46;3
2026-W31;Игры разума;Ozon;2160;388.8;4
2026-W31;Шёпот времени;WB;1950;351;5
2026-W31;Тихий сад;Litres;2094;376.92;6
2026-W31;Северный экспресс;Ozon;3143;565.74;7
2026-W31;Дом у маяка;WB;2392;430.56;8
2026-W31;Игры разума;Litres;4860;874.8;9
2026-W31;Шёпот времени;Ozon;1170;210.6;3
2026-W31;Тихий сад;WB;1396;251.28;4
2026-W31;Северный экспресс;Litres;2245;404.1;5
2026-W31;Дом у маяка;Ozon;1794;322.92;6
2026-W31;Игры разума;WB;3780;680.4;7
2026-W31;Шёпот времени;Litres;3120;561.6;8
2026-W31;Тихий сад;Ozon;3141;565.38;9
2026-W31;Северный экспресс;WB;1347;242.46;3
2026-W31;Дом у маяка;Litres;1196;215.28;4
2026-W31;Игры разума;Ozon;2700;486;5
2026-W31;Шёпот времени;WB;2340;421.2;6
2026-W31;Тихий сад;Litres;2443;439.74;7
2026-W31;Северный экспресс;Ozon;3592;646.56;8
2026-W31;Дом у маяка;WB;2691;484.38;9
2026-W31;Игры разума;Litres;1620;291.6;3
2026-W31;Шёпот времени;Ozon;1560;280.8;4
2026-W31;Тихий сад;WB;1745;314.1;5
2026-W31;Северный экспресс;Litres;2694;484.92;6
2026-W31;Дом у маяка;Ozon;2093;376.74;7
2026-W31;Игры разума;WB;4320;777.6;8
2026-W31;Шёпот времени;Litres;3510;631.8;9
2026-W31;Тихий сад;Ozon;1047;188.46;3
2026-W31;Северный экспресс;WB;1796;323.28;4
2026-W31;Дом у маяка;Litres;1495;269.1;5
2026-W31;Игры разума;Ozon;3240;583.2;6
2026-W31;Шёпот времени;WB;2730;491.4;7
2026-W31;Тихий сад;Litres;2792;502.56;8
2026-W31;Северный экспресс;Ozon;4041;727.38;9
2026-W31;Дом у маяка;WB;897;161.46;3
2026-W31;Игры разума;Litres;2160;388.8;4
2026-W31;Шёпот времени;Ozon;1950;351;5
2026-W31;Тихий сад;WB;2094;376.92;6
2026-W31;Северный экспресс;Litres;3143;565.74;7
2026-W31;Дом у маяка;Ozon;2392;430.56;8
2026-W31;Игры разума;WB;4860;874.8;9
2026-W31;Шёпот времени;Litres;1170;210.6;3
2026-W31;Тихий сад;Ozon;1396;251.28;4
2026-W31;Северный экспресс;WB;2245;404.1;5
2026-W31;Дом у маяка;Litres;1794;322.92;6
2026-W31;Игры разума;Ozon;3780;680.4;7
2026-W31;Шёпот времени;WB;3120;561.6;8
2026-W31;Тихий сад;Litres;3141;565.38;9
2026-W31;Северный экспресс;Ozon;1347;242.46;3
2026-W31;Дом у маяка;WB;1196;215.28;4
2026-W31;Игры разума;Litres;2700;486;5
2026-W31;Шёпот времени;Ozon;2340;421.2;6
2026-W31;Тихий сад;WB;2443;439.74;7
2026-W31;Северный экспресс;Litres;3592;646.56;8
2026-W31;Дом у маяка;Ozon;2691;484.38;9
2026-W31;Игры разума;WB;1620;291.6;3
2026-W31;Шёпот времени;Litres;1560;280.8;4
2026-W31;Тихий сад;Ozon;1745;314.1;5
2026-W31;Северный экспресс;WB;2694;484.92;6
2026-W31;Дом у маяка;Litres;2093;376.74;7
2026-W31;Игры разума;Ozon;4320;777.6;8
2026-W31;Шёпот времени;WB;3510;631.8;9
2026-W31;Тихий сад;Litres;1047;188.46;3
2026-W31;Северный экспресс;Ozon;1796;323.28;4
2026-W31;Дом у маяка;WB;1495;269.1;5
2026-W31;Игры разума;Litres;3240;583.2;6
2026-W31;Шёпот времени;Ozon;2730;491.4;7
2026-W31;Тихий сад;WB;2792;502.56;8
2026-W31;Северный экспресс;Litres;4041;727.38;9
2026-W31;Дом у маяка;Ozon;897;161.46;3
2026-W31;Игры разума;WB;2160;388.8;4
2026-W31;Шёпот времени;Litres;1950;351;5
2026-W31;Тихий сад;Ozon;2094;376.92;6
2026-W31;Северный экспресс;WB;3143;565.74;7
2026-W31;Дом у маяка;Litres;2392;430.56;8
2026-W31;Игры разума;Ozon;4860;874.8;9
2026-W31;Шёпот времени;WB;1170;210.6;3
2026-W31;Тихий сад;Litres;1396;251.28;4
2026-W31;Северный экспресс;Ozon;2245;404.1;5
2026-W31;Дом у маяка;WB;1794;322.92;6
2026-W31;Игры разума;Litres;3780;680.4;7
2026-W31;Шёпот времени;Ozon;3120;561.6;8
2026-W31;Тихий сад;WB;3141;565.38;9
2026-W31;Северный экспресс;Litres;1347;242.46;3
2026-W31;Дом у маяка;Ozon;1196;215.28;4
2026-W31;Игры разума;WB;2700;486;5
2026-W31;Шёпот времени;Litres;2340;421.2;6
2026-W31;Тихий сад;Ozon;2443;439.74;7
2026-W31;Северный экспресс;WB;3592;646.56;8
2026-W31;Дом у маяка;Litres;2691;484.38;9
2026-W31;Игры разума;Ozon;1620;291.6;3
2026-W31;Шёпот времени;WB;1560;280.8;4
2026-W31;Тихий сад;Litres;1745;314.1;5
2026-W31;Северный экспресс;Ozon;2694;484.92;6
2026-W31;Дом у маяка;WB;2093;376.74;7
2026-W31;Игры разума;Litres;4320;777.6;8
2026-W31;Шёпот времени;Ozon;3510;631.8;9
2026-W31;Тихий сад;WB;1047;188.46;3
2026-W31;Северный экспресс;Litres;1796;323.28;4
2026-W31;Дом у маяка;Ozon;1495;269.1;5
2026-W31;Игры разума;WB;3240;583.2;6
2026-W31;Шёпот времени;Litres;2730;491.4;7
2026-W31;Тихий сад;Ozon;2792;502.56;8
2026-W31;Северный экспресс;WB;4041;727.38;9
2026-W31;Дом у маяка;Litres;897;161.46;3
2026-W31;Игры разума;Ozon;2160;388.8;4
2026-W31;Шёпот времени;WB;1950;351;5
2026-W31;Тихий сад;Litres;2094;376.92;6
2026-W31;Северный экспресс;Ozon;3143;565.74;7
2026-W31;Дом у маяка;WB;2392;430.56;8
2026-W31;Игры разума;Litres;4860;874.8;9
2026-W31;Шёпот времени;Ozon;1170;210.6;3
2026-W31;Тихий сад;WB;1396;251.28;4
2026-W31;Северный экспресс;Litres;2245;404.1;5
2026-W31;Дом у маяка;Ozon;1794;322.92;6
2026-W31;Игры разума;WB;3780;680.4;7
2026-W31;Шёпот времени;Litres;3120;561.6;8
2026-W31;Тихий сад;Ozon;3141;565.38;9
2026-W31;Северный экспресс;WB;1347;242.46;3
2026-W31;Дом у маяка;Litres;1196;215.28;4
2026-W31;Игры разума;Ozon;2700;486;5
2026-W31;Шёпот времени;WB;2340;421.2;6
2026-W31;Тихий сад;Litres;2443;439.74;7
2026-W31;Северный экспресс;Ozon;3592;646.56;8
2026-W31;Дом у маяка;WB;2691;484.38;9
2026-W31;Игры разума;Litres;1620;291.6;3
2026-W31;Шёпот времени;Ozon;1560;280.8;4
2026-W31;Тихий сад;WB;1745;314.1;5
2026-W31;Северный экспресс;Litres;2694;484.92;6
2026-W31;Дом у маяка;Ozon;2093;376.74;7
2026-W31;Игры разума;WB;4320;777.6;8
2026-W31;Шёпот времени;Litres;3510;631.8;9
2026-W31;Тихий сад;Ozon;1047;188.46;3
2026-W31;Северный экспресс;WB;1796;323.28;4
2026-W31;Дом у маяка;Litres;1495;269.1;5
2026-W31;Игры разума;Ozon;3240;583.2;6
2026-W31;Шёпот времени;WB;2730;491.4;7
2026-W31;Тихий сад;Litres;2792;502.56;8
2026-W31;Северный экспресс;Ozon;4041;727.38;9
2026-W31;Дом у маяка;WB;897;161.46;3
2026-W31;Игры разума;Litres;2160;388.8;4
2026-W31;Шёпот времени;Ozon;1950;351;5
2026-W31;Тихий сад;WB;2094;376.92;6
2026-W31;Северный экспресс;Litres;3143;565.74;7
2026-W31;Дом у маяка;Ozon;2392;430.56;8
2026-W31;Игры разума;WB;4860;874.8;9
2026-W31;Шёпот времени;Litres;1170;210.6;3
2026-W31;Тихий сад;Ozon;1396;251.28;4
2026-W31;Северный экспресс;WB;2245;404.1;5
2026-W31;Дом у маяка;Litres;1794;322.92;6
2026-W31;Игры разума;Ozon;3780;680.4;7
2026-W31;Шёпот времени;WB;3120;561.6;8
2026-W31;Тихий сад;Litres;3141;565.38;9
2026-W31;Северный экспресс;Ozon;1347;242.46;3
2026-W31;Дом у маяка;WB;1196;215.28;4
2026-W31;Игры разума;Litres;2700;486;5
2026-W31;Шёпот времени;Ozon;2340;421.2;6
2026-W31;Тихий сад;WB;2443;439.74;7
2026-W31;Северный экспресс;Litres;3592;646.56;8
2026-W31;Дом у маяка;Ozon;2691;484.38;9
2026-W31;Игры разума;WB;1620;291.6;3
2026-W31;Шёпот времени;Litres;1560;280.8;4
2026-W31;Тихий сад;Ozon;1745;314.1;5
2026-W31;Северный экспресс;WB;2694;484.92;6
2026-W31;Дом у маяка;Litres;2093;376.74;7
2026-W31;Игры разума;Ozon;4320;777.6;8
2026-W31;Шёпот времени;WB;3510;631.8;9
2026-W31;Тихий сад;Litres;1047;188.46;3
2026-W31;Северный экспресс;Ozon;1796;323.28;4
2026-W31;Дом у маяка;WB;1495;269.1;5
2026-W31;Игры разума;Litres;3240;583.2;6
2026-W31;Шёпот времени;Ozon;2730;491.4;7
2026-W31;Тихий сад;WB;2792;502.56;8
2026-W31;Северный экспресс;Litres;4041;727.38;9
2026-W31;Дом у маяка;Ozon;897;161.46;3
2026-W31;Игры разума;WB;2160;388.8;4
2026-W31;Шёпот времени;Litres;1950;351;5
2026-W31;Тихий сад;Ozon;2094;376.92;6
2026-W31;Северный экспресс;WB;3143;565.74;7
2026-W31;Дом у маяка;Litres;2392;430.56;8
2026-W31;Игры разума;Ozon;4860;874.8;9
2026-W31;Шёпот времени;WB;1170;210.6;3
2026-W31;Тихий сад;Litres;1396;251.28;4
2026-W31;Северный экспресс;Ozon;2245;404.1;5
2026-W31;Дом у маяка;WB;1794;322.92;6
2026-W31;Игры разума;Litres;3780;680.4;7
2026-W31;Шёпот времени;Ozon;3120;561.6;8
2026-W31;Тихий сад;WB;3141;565.38;9
2026-W31;Северный экспресс;Litres;1347;242.46;3
2026-W31;Дом у маяка;Ozon;1196;215.28;4
2026-W31;Игры разума;WB;2700;486;5
2026-W31;Шёпот времени;Litres;2340;421.2;6
2026-W31;Тихий сад;Ozon;2443;439.74;7
2026-W31;Северный экспресс;WB;3592;646.56;8
2026-W31;Дом у маяка;Litres;2691;484.38;9
2026-W31;Игры разума;Ozon;1620;291.6;3
2026-W31;Шёпот времени;WB;1560;280.8;4
2026-W31;Тихий сад;Litres;1745;314.1;5
2026-W31;Северный экспресс;Ozon;2694;484.92;6
2026-W31;Дом у маяка;WB;2093;376.74;7
2026-W31;Игры разума;Litres;4320;777.6;8
2026-W31;Шёпот времени;Ozon;3510;631.8;9
2026-W31;Тихий сад;WB;1047;188.46;3
2026-W31;Северный экспресс;Litres;1796;323.28;4
2026-W31;Дом у маяка;Ozon;1495;269.1;5
2026-W31;Игры разума;WB;3240;583.2;6
2026-W31;Шёпот времени;Litres;2730;491.4;7
2026-W31;Тихий сад;Ozon;2792;502.56;8
2026-W31;Северный экспресс;WB;4041;727.38;9
2026-W31;Дом у маяка;Litres;897;161.46;3
2026-W31;Игры разума;Ozon;2160;388.8;4
2026-W31;Шёпот времени;WB;1950;351;5
2026-W31;Тихий сад;Litres;2094;376.92;6
2026-W31;Северный экспресс;Ozon;3143;565.74;7
2026-W31;Дом у маяка;WB;2392;430.56;8
2026-W31;Игры разума;Litres;4860;874.8;9
2026-W31;Шёпот времени;Ozon;1170;210.6;3
2026-W31;Тихий сад;WB;1396;251.28;4
2026-W31;Северный экспресс;Litres;2245;404.1;5
2026-W31;Дом у маяка;Ozon;1794;322.92;6
2026-W31;Игры разума;WB;3780;680.4;7
2026-W31;Шёпот времени;Litres;3120;561.6;8
2026-W31;Тихий сад;Ozon;3141;565.38;9
2026-W31;Северный экспресс;WB;1347;242.46;3
2026-W31;Дом у маяка;Litres;1196;215.28;4
2026-W31;Игры разума;Ozon;2700;486;5
2026-W31;Шёпот времени;WB;2340;421.2;6
2026-W31;Тихий сад;Litres;2443;439.74;7
2026-W31;Северный экспресс;Ozon;3592;646.56;8
2026-W31;Дом у маяка;WB;2691;484.38;9
2026-W31;Игры разума;Litres;1620;291.6;3
2026-W31;Шёпот времени;Ozon;1560;280.8;4
2026-W31;Тихий сад;WB;1745;314.1;5
2026-W31;Северный экспресс;Litres;2694;484.92;6
2026-W31;Дом у маяка;Ozon;2093;376.74;7
2026-W31;Игры разума;WB;4320;777.6;8
2026-W31;Шёпот времени;Litres;3510;631.8;9
2026-W31;Тихий сад;Ozon;1047;188.46;3
2026-W31;Северный экспресс;WB;1796;323.28;4
2026-W31;Дом у маяка;Litres;1495;269.1;5
2026-W31;Игры разума;Ozon;3240;583.2;6
2026-W31;Шёпот времени;WB;2730;491.4;7
2026-W31;Тихий сад;Litres;2792;502.56;8
2026-W31;Северный экспресс;Ozon;4041;727.38;9
2026-W31;Дом у маяка;WB;897;161.46;3
2026-W31;Игры разума;Litres;2160;388.8;4
2026-W31;Шёпот времени;Ozon;1950;351;5
2026-W31;Тихий сад;WB;2094;376.92;6
2026-W31;Северный экспресс;Litres;3143;565.74;7
2026-W31;Дом у маяка;Ozon;2392;430.56;8
2026-W31;Игры разума;WB;4860;874.8;9
2026-W31;Шёпот времени;Litres;1170;210.6;3
2026-W31;Тихий сад;Ozon;1396;251.28;4
2026-W31;Северный экспресс;WB;2245;404.1;5
2026-W31;Дом у маяка;Litres;1794;322.92;6
2026-W31;Игры разума;Ozon;3780;680.4;7
2026-W31;Шёпот времени;WB;3120;561.6;8
2026-W31;Тихий сад;Litres;3141;565.38;9
2026-W31;Северный экспресс;Ozon;1347;242.46;3
2026-W31;Дом у маяка;WB;1196;215.28;4
2026-W31;Игры разума;Litres;2700;486;5
2026-W31;Шёпот времени;Ozon;2340;421.2;6
2026-W31;Тихий сад;WB;2443;439.74;7
2026-W31;Северный экспресс;Litres;3592;646.56;8
2026-W31;Дом у маяка;Ozon;2691;484.38;9
2026-W31;Игры разума;WB;1620;291.6;3
2026-W31;Шёпот времени;Litres;1560;280.8;4
2026-W31;Тихий сад;Ozon;1745;314.1;5
2026-W31;Северный экспресс;WB;2694;484.92;6
2026-W31;Дом у маяка;Litres;2093;376.74;7
2026-W31;Игры разума;Ozon;4320;777.6;8
2026-W31;Шёпот времени;WB;3510;631.8;9
2026-W31;Тихий сад;Litres;1047;188.46;3
2026-W31;Северный экспресс;Ozon;1796;323.28;4
2026-W31;Дом у маяка;WB;1495;269.1;5
2026-W31;Игры разума;Litres;3240;583.2;6
2026-W31;Шёпот времени;Ozon;2730;491.4;7
2026-W31;Тихий сад;WB;2792;502.56;8
2026-W31;Северный экспресс;Litres;4041;727.38;9
2026-W31;Дом у маяка;Ozon;897;161.46;3
2026-W31;Игры разума;WB;2160;388.8;4
2026-W31;Шёпот времени;Litres;1950;351;5
2026-W31;Тихий сад;Ozon;2094;376.92;6
2026-W31;Северный экспресс;WB;3143;565.74;7
2026-W31;Дом у маяка;Litres;2392;430.56;8
2026-W31;Игры разума;Ozon;4860;874.8;9
2026-W31;Шёпот времени;WB;1170;210.6;3
2026-W31;Тихий сад;Litres;1396;251.28;4
2026-W31;Северный экспресс;Ozon;2245;404.1;5
2026-W31;Дом у маяка;WB;1794;322.92;6
2026-W31;Игры разума;Litres;3780;680.4;7
2026-W31;Шёпот времени;Ozon;3120;561.6;8
2026-W31;Тихий сад;WB;3141;565.38;9
2026-W31;Северный экспресс;Litres;1347;242.46;3
2026-W31;Дом у маяка;Ozon;1196;215.28;4
2026-W31;Игры разума;WB;2700;486;5
2026-W31;Шёпот времени;Litres;2340;421.2;6
2026-W31;Тихий сад;Ozon;2443;439.74;7
2026-W31;Северный экспресс;WB;3592;646.56;8
2026-W31;Дом у маяка;Litres;2691;484.38;9
2026-W31;Игры разума;Ozon;1620;291.6;3
2026-W31;Шёпот времени;WB;1560;280.8;4
2026-W31;Тихий сад;Litres;1745;314.1;5
2026-W31;Северный экспресс;Ozon;2694;484.92;6
2026-W31;Дом у маяка;WB;2093;376.74;7
2026-W31;Игры разума;Litres;4320;777.6;8
2026-W31;Шёпот времени;Ozon;3510;631.8;9
2026-W31;Тихий сад;WB;1047;188.46;3
2026-W31;Северный экспресс;Litres;1796;323.28;4
2026-W31;Дом у маяка;Ozon;1495;269.1;5
2026-W31;Игры разума;WB;3240;583.2;6
2026-W31;Шёпот времени;Litres;2730;491.4;7
2026-W31;Тихий сад;Ozon;2792;502.56;8
2026-W31;Северный экспресс;WB;4041;727.38;9
2026-W31;Дом у маяка;Litres;897;161.46;3
2026-W31;Игры разума;Ozon;2160;388.8;4
2026-W31;Шёпот времени;WB;1950;351;5
2026-W31;Тихий сад;Litres;2094;376.92;6
2026-W31;Северный экспресс;Ozon;3143;565.74;7
2026-W31;Дом у маяка;WB;2392;430.56;8
2026-W31;Игры разума;Litres;4860;874.8;9
2026-W31;Шёпот времени;Ozon;1170;210.6;3
2026-W31;Тихий сад;WB;1396;251.28;4
2026-W31;Северный экспресс;Litres;2245;404.1;5
2026-W31;Дом у маяка;Ozon;1794;322.92;6
2026-W31;Игры разума;WB;3780;680.4;7
2026-W31;Шёпот времени;Litres;3120;561.6;8
2026-W31;Тихий сад;Ozon;3141;565.38;9
2026-W31;Северный экспресс;WB;1347;242.46;3
2026-W31;Дом у маяка;Litres;1196;215.28;4
2026-W31;Игры разума;Ozon;2700;486;5
2026-W31;Шёпот времени;WB;2340;421.2;6
2026-W31;Тихий сад;Litres;2443;439.74;7
2026-W31;Северный экспресс;Ozon;3592;646.56;8
2026-W31;Дом у маяка;WB;2691;484.38;9
2026-W31;Игры разума;Litres;1620;291.6;3
2026-W31;Шёпот времени;Ozon;1560;280.8;4
2026-W31;Тихий сад;WB;1745;314.1;5
2026-W31;Северный экспресс;Litres;2694;484.92;6
2026-W31;Дом у маяка;Ozon;2093;376.74;7
2026-W31;Игры разума;WB;4320;777.6;8
2026-W31;Шёпот времени;Litres;3510;631.8;9
2026-W31;Тихий сад;Ozon;1047;188.46;3
2026-W31;Северный экспресс;WB;1796;323.28;4
2026-W31;Дом у маяка;Litres;1495;269.1;5
2026-W31;Игры разума;Ozon;3240;583.2;6
2026-W31;Шёпот времени;WB;2730;491.4;7
2026-W31;Тихий сад;Litres;2792;502.56;8
2026-W31;Северный экспресс;Ozon;4041;727.38;9
2026-W31;Дом у маяка;WB;897;161.46;3
2026-W31;Игры разума;Litres;2160;388.8;4
2026-W31;Шёпот времени;Ozon;1950;351;5
2026-W31;Тихий сад;WB;2094;376.92;6
2026-W31;Северный экспресс;Litres;3143;565.74;7
2026-W31;Дом у маяка;Ozon;2392;430.56;8
2026-W31;Игры разума;WB;4860;874.8;9
2026-W31;Шёпот времени;Litres;1170;210.6;3
2026-W31;Тихий сад;Ozon;1396;251.28;4
2026-W31;Северный экспресс;WB;2245;404.1;5
2026-W31;Дом у маяка;Litres;1794;322.92;6
2026-W31;Игры разума;Ozon;3780;680.4;7
2026-W31;Шёпот времени;WB;3120;561.6;8
2026-W31;Тихий сад;Litres;3141;565.38;9
2026-W31;Северный экспресс;Ozon;1347;242.46;3
2026-W31;Дом у маяка;WB;1196;215.28;4
2026-W31;Игры разума;Litres;2700;486;5
2026-W31;Шёпот времени;Ozon;2340;421.2;6
2026-W31;Тихий сад;WB;2443;439.74;7
2026-W31;Северный экспресс;Litres;3592;646.56;8
2026-W31;Дом у маяка;Ozon;2691;484.38;9
2026-W31;Игры разума;WB;1620;291.6;3
2026-W31;Шёпот времени;Litres;1560;280.8;4
2026-W31;Тихий сад;Ozon;1745;314.1;5
2026-W31;Северный экспресс;WB;2694;484.92;6
2026-W31;Дом у маяка;Litres;2093;376.74;7
2026-W31;Игры разума;Ozon;4320;777.6;8
2026-W31;Шёпот времени;WB;3510;631.8;9
2026-W31;Тихий сад;Litres;1047;188.46;3
2026-W31;Северный экспресс;Ozon;1796;323.28;4
2026-W31;Дом у маяка;WB;1495;269.1;5
2026-W31;Игры разума;Litres;3240;583.2;6
2026-W31;Шёпот времени;Ozon;2730;491.4;7
2026-W31;Тихий сад;WB;2792;502.56;8
2026-W31;Северный экспресс;Litres;4041;727.38;9
2026-W31;Дом у маяка;Ozon;897;161.46;3
2026-W31;Игры разума;WB;2160;388.8;4
2026-W31;Шёпот времени;Litres;1950;351;5
2026-W31;Тихий сад;Ozon;2094;376.92;6
2026-W31;Северный экспресс;WB;3143;565.74;7
2026-W31;Дом у маяка;Litres;2392;430.56;8
2026-W31;Игры разума;Ozon;4860;874.8;9
2026-W31;Шёпот времени;WB;1170;210.6;3
2026-W31;Тихий сад;Litres;1396;251.28;4
2026-W31;Северный экспресс;Ozon;2245;404.1;5
2026-W31;Дом у маяка;WB;1794;322.92;6
2026-W31;Игры разума;Litres;3780;680.4;7
2026-W31;Шёпот времени;Ozon;3120;561.6;8
2026-W31;Тихий сад;WB;3141;565.38;9
2026-W31;Северный экспресс;Litres;1347;242.46;3
2026-W31;Дом у маяка;Ozon;1196;215.28;4
2026-W31;Игры разума;WB;2700;486;5
2026-W31;Шёпот времени;Litres;2340;421.2;6
2026-W31;Тихий сад;Ozon;2443;439.74;7
2026-W31;Северный экспресс;WB;3592;646.56;8
2026-W31;Дом у маяка;Litres;2691;484.38;9
2026-W31;Игры разума;Ozon;1620;291.6;3
2026-W31;Шёпот времени;WB;1560;280.8;4
2026-W31;Тихий сад;Litres;1745;314.1;5
2026-W31;Северный экспресс;Ozon;2694;484.92;6
2026-W31;Дом у маяка;WB;2093;376.74;7
2026-W31;Игры разума;Litres;4320;777.6;8
2026-W31;Шёпот времени;Ozon;3510;631.8;9
2026-W31;Тихий сад;WB;1047;188.46;3
2026-W31;Северный экспресс;Litres;1796;323.28;4
2026-W31;Дом у маяка;Ozon;1495;269.1;5
2026-W31;Игры разума;WB;3240;583.2;6
2026-W31;Шёпот времени;Litres;2730;491.4;7
2026-W31;Тихий сад;Ozon;2792;502.56;8
2026-W31;Северный экспресс;WB;4041;727.38;9
2026-W31;Дом у маяка;Litres;897;161.46;3
2026-W31;Игры разума;Ozon;2160;388.8;4
2026-W31;Шёпот времени;WB;1950;351;5
2026-W31;Тихий сад;Litres;2094;376.92;6
2026-W31;Северный экспресс;Ozon;3143;565.74;7
2026-W31;Дом у маяка;WB;2392;430.56;8
2026-W31;Игры разума;Litres;4860;874.8;9
2026-W31;Шёпот времени;Ozon;1170;210.6;3
2026-W31;Тихий сад;WB;1396;251.28;4
2026-W31;Северный экспресс;Litres;2245;404.1;5
2026-W31;Дом у маяка;Ozon;1794;322.92;6
2026-W31;Игры разума;WB;3780;680.4;7
2026-W31;Шёпот времени;Litres;3120;561.6;8
2026-W31;Тихий сад;Ozon;3141;565.38;9
2026-W31;Северный экспресс;WB;1347;242.46;3
2026-W31;Дом у маяка;Litres;1196;215.28;4
2026-W31;Игры разума;Ozon;2700;486;5
2026-W31;Шёпот времени;WB;2340;421.2;6
2026-W31;Тихий сад;Litres;2443;439.74;7
2026-W31;Северный экспресс;Ozon;3592;646.56;8
2026-W31;Дом у маяка;WB;2691;484.38;9
2026-W31;Игры разума;Litres;1620;291.6;3
2026-W31;Шёпот времени;Ozon;1560;280.8;4
2026-W31;Тихий сад;WB;1745;314.1;5
2026-W31;Северный экспресс;Litres;2694;484.92;6
2026-W31;Дом у маяка;Ozon;2093;376.74;7
2026-W31;Игры разума;WB;4320;777.6;8
2026-W31;Шёпот времени;Litres;3510;631.8;9
2026-W31;Тихий сад;Ozon;1047;188.46;3
2026-W31;Северный экспресс;WB;1796;323.28;4
2026-W31;Дом у маяка;Litres;1495;269.1;5
2026-W31;Игры разума;Ozon;3240;583.2;6
2026-W31;Шёпот времени;WB;2730;491.4;7
2026-W31;Тихий сад;Litres;2792;502.56;8
2026-W31;Северный экспресс;Ozon;4041;727.38;9
2026-W31;Дом у маяка;WB;897;161.46;3
2026-W31;Игры разума;Litres;2160;388.8;4
2026-W31;Шёпот времени;Ozon;1950;351;5
2026-W31;Тихий сад;WB;2094;376.92;6
2026-W31;Северный экспресс;Litres;3143;565.74;7
2026-W31;Дом у маяка;Ozon;2392;430.56;8
2026-W31;Игры разума;WB;4860;874.8;9
2026-W31;Шёпот времени;Litres;1170;210.6;3
2026-W31;Тихий сад;Ozon;1396;251.28;4
2026-W31;Северный экспресс;WB;2245;404.1;5
2026-W31;Дом у маяка;Litres;1794;322.92;6
2026-W31;Игры разума;Ozon;3780;680.4;7
2026-W31;Шёпот времени;WB;3120;561.6;8
2026-W31;Тихий сад;Litres;3141;565.38;9
2026-W31;Северный экспресс;Ozon;1347;242.46;3
2026-W31;Дом у маяка;WB;1196;215.28;4
2026-W31;Игры разума;Litres;2700;486;5
2026-W31;Шёпот времени;Ozon;2340;421.2;6
2026-W31;Тихий сад;WB;2443;439.74;7
2026-W31;Северный экспресс;Litres;3592;646.56;8
2026-W31;Дом у маяка;Ozon;2691;484.38;9
2026-W31;Игры разума;WB;1620;291.6;3
2026-W31;Шёпот времени;Litres;1560;280.8;4
2026-W31;Тихий сад;Ozon;1745;314.1;5
2026-W31;Северный экспресс;WB;2694;484.92;6
2026-W31;Дом у маяка;Litres;2093;376.74;7
2026-W31;Игры разума;Ozon;4320;777.6;8
2026-W31;Шёпот времени;WB;3510;631.8;9
2026-W31;Тихий сад;Litres;1047;188.46;3
2026-W31;Северный экспресс;Ozon;1796;323.28;4
2026-W31;Дом у маяка;WB;1495;269.1;5
2026-W31;Игры разума;Litres;3240;583.2;6
2026-W31;Шёпот времени;Ozon;2730;491.4;7
2026-W31;Тихий сад;WB;2792;502.56;8
2026-W31;Северный экспресс;Litres;4041;727.38;9
2026-W31;Дом у маяка;Ozon;897;161.46;3
2026-W31;Игры разума;WB;2160;388.8;4
2026-W31;Шёпот времени;Litres;1950;351;5
2026-W31;Тихий сад;Ozon;2094;376.92;6
2026-W31;Северный экспресс;WB;3143;565.74;7
2026-W31;Дом у маяка;Litres;2392;430.56;8
2026-W31;Игры разума;Ozon;4860;874.8;9
2026-W31;Шёпот времени;WB;1170;210.6;3
2026-W31;Тихий сад;Litres;1396;251.28;4
2026-W31;Северный экспресс;Ozon;2245;404.1;5
2026-W31;Дом у маяка;WB;1794;322.92;6
2026-W31;Игры разума;Litres;3780;680.4;7
2026-W31;Шёпот времени;Ozon;3120;561.6;8
2026-W31;Тихий сад;WB;3141;565.38;9
2026-W31;Северный экспресс;Litres;1347;242.46;3
2026-W31;Дом у маяка;Ozon;1196;215.28;4
2026-W31;Игры разума;WB;2700;486;5
2026-W31;Шёпот времени;Litres;2340;421.2;6
2026-W31;Тихий сад;Ozon;2443;439.74;7
2026-W31;Северный экспресс;WB;3592;646.56;8
2026-W31;Дом у маяка;Litres;2691;484.38;9
2026-W31;Игры разума;Ozon;1620;291.6;3
2026-W31;Шёпот времени;WB;1560;280.8;4
2026-W31;Тихий сад;Litres;1745;314.1;5
2026-W31;Северный экспресс;Ozon;2694;484.92;6
2026-W31;Дом у маяка;WB;2093;376.74;7
2026-W31;Игры разума;Litres;4320;777.6;8
2026-W31;Шёпот времени;Ozon;3510;631.8;9
2026-W31;Тихий сад;WB;1047;188.46;3
2026-W31;Северный экспресс;Litres;1796;323.28;4
2026-W31;Дом у маяка;Ozon;1495;269.1;5
2026-W31;Игры разума;WB;3240;583.2;6
2026-W31;Шёпот времени;Litres;2730;491.4;7
2026-W31;Тихий сад;Ozon;2792;502.56;8
2026-W31;Северный экспресс;WB;4041;727.38;9
2026-W31;Дом у маяка;Litres;897;161.46;3
2026-W31;Игры разума;Ozon;2160;388.8;4
2026-W31;Шёпот времени;WB;1950;351;5
2026-W31;Тихий сад;Litres;2094;376.92;6
2026-W31;Северный экспресс;Ozon;3143;565.74;7
2026-W31;Дом у маяка;WB;2392;430.56;8
2026-W31;Игры разума;Litres;4860;874.8;9
2026-W31;Шёпот времени;Ozon;1170;210.6;3
2026-W31;Тихий сад;WB;1396;251.28;4
2026-W31;Северный экспресс;Litres;2245;404.1;5
2026-W31;Дом у маяка;Ozon;1794;322.92;6
2026-W31;Игры разума;WB;3780;680.4;7
2026-W31;Шёпот времени;Litres;3120;561.6;8
2026-W31;Тихий сад;Ozon;3141;565.38;9
2026-W31;Северный экспресс;WB;1347;242.46;3
2026-W31;Дом у маяка;Litres;1196;215.28;4
2026-W31;Игры разума;Ozon;2700;486;5
2026-W31;Шёпот времени;WB;2340;421.2;6
2026-W31;Тихий сад;Litres;2443;439.74;7
2026-W31;Северный экспресс;Ozon;3592;646.56;8
2026-W31;Дом у маяка;WB;2691;484.38;9
2026-W31;Игры разума;Litres;1620;291.6;3
2026-W31;Шёпот времени;Ozon;1560;280.8;4
2026-W31;Тихий сад;WB;1745;314.1;5
2026-W31;Северный экспресс;Litres;2694;484.92;6
2026-W31;Дом у маяка;Ozon;2093;376.74;7
2026-W31;Игры разума;WB;4320;777.6;8
2026-W31;Шёпот времени;Litres;3510;631.8;9
2026-W31;Тихий сад;Ozon;1047;188.46;3
2026-W31;Северный экспресс;WB;1796;323.28;4
2026-W31;Дом у маяка;Litres;1495;269.1;5
2026-W31;Игры разума;Ozon;3240;583.2;6
2026-W31;Шёпот времени;WB;2730;491.4;7
2026-W31;Тихий сад;Litres;2792;502.56;8
2026-W31;Северный экспресс;Ozon;4041;727.38;9
2026-W31;Дом у маяка;WB;897;161.46;3
2026-W31;Игры разума;Litres;2160;388.8;4
2026-W31;Шёпот времени;Ozon;1950;351;5
2026-W31;Тихий сад;WB;2094;376.92;6
2026-W31;Северный экспресс;Litres;3143;565.74;7
2026-W31;Дом у маяка;Ozon;2392;430.56;8
2026-W31;Игры разума;WB;4860;874.8;9
2026-W31;Шёпот времени;Litres;1170;210.6;3
2026-W31;Тихий сад;Ozon;1396;251.28;4
2026-W31;Северный экспресс;WB;2245;404.1;5
2026-W31;Дом у маяка;Litres;1794;322.92;6
2026-W31;Игры разума;Ozon;3780;680.4;7
2026-W31;Шёпот времени;WB;3120;561.6;8
2026-W31;Тихий сад;Litres;3141;565.38;9
2026-W31;Северный экспресс;Ozon;1347;242.46;3
2026-W31;Дом у маяка;WB;1196;215.28;4
2026-W31;Игры разума;Litres;2700;486;5
2026-W31;Шёпот времени;Ozon;2340;421.2;6
2026-W31;Тихий сад;WB;2443;439.74;7
2026-W31;Северный экспресс;Litres;3592;646.56;8
2026-W31;Дом у маяка;Ozon;2691;484.38;9
2026-W31;Игры разума;WB;1620;291.6;3
2026-W31;Шёпот времени;Litres;1560;280.8;4
2026-W31;Тихий сад;Ozon;1745;314.1;5
2026-W31;Северный экспресс;WB;2694;484.92;6
2026-W31;Дом у маяка;Litres;2093;376.74;7
2026-W31;Игры разума;Ozon;4320;777.6;8
2026-W31;Шёпот времени;WB;3510;631.8;9
2026-W31;Тихий сад;Litres;1047;188.46;3
2026-W31;Северный экспресс;Ozon;1796;323.28;4
2026-W31;Дом у маяка;WB;1495;269.1;5
2026-W31;Игры разума;Litres;3240;583.2;6
2026-W31;Шёпот времени;Ozon;2730;491.4;7
2026-W31;Тихий сад;WB;2792;502.56;8
2026-W31;Северный экспресс;Litres;4041;727.38;9
2026-W31;Дом у маяка;Ozon;897;161.46;3
2026-W31;Игры разума;WB;2160;388.8;4
2026-W31;Шёпот времени;Litres;1950;351;5
2026-W31;Тихий сад;Ozon;2094;376.92;6
2026-W31;Северный экспресс;WB;3143;565.74;7
2026-W31;Дом у маяка;Litres;2392;430.56;8
2026-W31;Игры разума;Ozon;4860;874.8;9
2026-W31;Шёпот времени;WB;1170;210.6;3
2026-W31;Тихий сад;Litres;1396;251.28;4
2026-W31;Северный экспресс;Ozon;2245;404.1;5
2026-W31;Дом у маяка;WB;1794;322.92;6
2026-W31;Игры разума;Litres;3780;680.4;7
2026-W31;Шёпот времени;Ozon;3120;561.6;8
2026-W31;Тихий сад;WB;3141;565.38;9
2026-W31;Северный экспресс;Litres;1347;242.46;3
2026-W31;Дом у маяка;Ozon;1196;215.28;4
2026-W31;Игры разума;WB;2700;486;5
2026-W31;Шёпот времени;Litres;2340;421.2;6
2026-W31;Тихий сад;Ozon;2443;439.74;7
2026-W31;Северный экспресс;WB;3592;646.56;8
2026-W31;Дом у маяка;Litres;2691;484.38;9
2026-W31;Игры разума;Ozon;1620;291.6;3
2026-W31;Шёпот времени;WB;1560;280.8;4
2026-W31;Тихий сад;Litres;1745;314.1;5
2026-W31;Северный экспресс;Ozon;2694;484.92;6
2026-W31;Дом у маяка;WB;2093;376.74;7
2026-W31;Игры разума;Litres;4320;777.6;8
2026-W31;Шёпот времени;Ozon;3510;631.8;9
2026-W31;Тихий сад;WB;1047;188.46;3
2026-W31;Северный экспресс;Litres;1796;323.28;4
2026-W31;Дом у маяка;Ozon;1495;269.1;5
2026-W31;Игры разума;WB;3240;583.2;6
2026-W31;Шёпот времени;Litres;2730;491.4;7
2026-W31;Тихий сад;Ozon;2792;502.56;8
2026-W31;Северный экспресс;WB;4041;727.38;9
2026-W31;Дом у маяка;Litres;897;161.46;3
2026-W31;Игры разума;Ozon;2160;388.8;4
2026-W31;Шёпот времени;WB;1950;351;5
2026-W31;Тихий сад;Litres;2094;376.92;6
2026-W31;Северный экспресс;Ozon;3143;565.74;7
2026-W31;Дом у маяка;WB;2392;430.56;8
2026-W31;Игры разума;Litres;4860;874.8;9
2026-W31;Шёпот времени;Ozon;1170;210.6;3
2026-W31;Тихий сад;WB;1396;251.28;4
2026-W31;Северный экспресс;Litres;2245;404.1;5
2026-W31;Дом у маяка;Ozon;1794;322.92;6
2026-W31;Игры разума;WB;3780;680.4;7
2026-W31;Шёпот времени;Litres;3120;561.6;8
2026-W31;Тихий сад;Ozon;3141;565.38;9
2026-W31;Северный экспресс;WB;1347;242.46;3
2026-W31;Дом у маяка;Litres;1196;215.28;4
2026-W31;Игры разума;Ozon;2700;486;5
2026-W31;Шёпот времени;WB;2340;421.2;6
2026-W31;Тихий сад;Litres;2443;439.74;7
2026-W31;Северный экспресс;Ozon;3592;646.56;8
2026-W31;Дом у маяка;WB;2691;484.38;9
2026-W31;Игры разума;Litres;1620;291.6;3
2026-W31;Шёпот времени;Ozon;1560;280.8;4
2026-W31;Тихий сад;WB;1745;314.1;5
2026-W31;Северный экспресс;Litres;2694;484.92;6
2026-W31;Дом у маяка;Ozon;2093;376.74;7
2026-W31;Игры разума;WB;4320;777.6;8
2026-W31;Шёпот времени;Litres;3510;631.8;9
2026-W31;Тихий сад;Ozon;1047;188.46;3
2026-W31;Северный экспресс;WB;1796;323.28;4
2026-W31;Дом у маяка;Litres;1495;269.1;5
2026-W31;Игры разума;Ozon;3240;583.2;6
2026-W31;Шёпот времени;WB;2730;491.4;7
2026-W31;Тихий сад;Litres;2792;502.56;8
2026-W31;Северный экспресс;Ozon;4041;727.38;9
2026-W31;Дом у маяка;WB;897;161.46;3
2026-W31;Игры разума;Litres;2160;388.8;4
2026-W31;Шёпот времени;Ozon;1950;351;5
2026-W31;Тихий сад;WB;2094;376.92;6
2026-W31;Северный экспресс;Litres;3143;565.74;7
2026-W31;Дом у маяка;Ozon;2392;430.56;8
2026-W31;Игры разума;WB;4860;874.8;9
2026-W31;Шёпот времени;Litres;1170;210.6;3
2026-W31;Тихий сад;Ozon;1396;251.28;4
2026-W31;Северный экспресс;WB;2245;404.1;5
2026-W31;Дом у маяка;Litres;1794;322.92;6
2026-W31;Игры разума;Ozon;3780;680.4;7
2026-W31;Шёпот времени;WB;3120;561.6;8
2026-W31;Тихий сад;Litres;3141;565.38;9
2026-W31;Северный экспресс;Ozon;1347;242.46;3
2026-W31;Дом у маяка;WB;1196;215.28;4
2026-W31;Игры разума;Litres;2700;486;5
2026-W31;Шёпот времени;Ozon;2340;421.2;6
2026-W31;Тихий сад;WB;2443;439.74;7
2026-W31;Северный экспресс;Litres;3592;646.56;8
2026-W31;Дом у маяка;Ozon;2691;484.38;9
2026-W31;Игры разума;WB;1620;291.6;3
2026-W31;Шёпот времени;Litres;1560;280.8;4
2026-W31;Тихий сад;Ozon;1745;314.1;5
2026-W31;Северный экспресс;WB;2694;484.92;6
2026-W31;Дом у маяка;Litres;2093;376.74;7
2026-W31;Игры разума;Ozon;4320;777.6;8
2026-W31;Шёпот времени;WB;3510;631.8;9
2026-W31;Тихий сад;Litres;1047;188.46;3
2026-W31;Северный экспресс;Ozon;1796;323.28;4
2026-W31;Дом у маяка;WB;1495;269.1;5
2026-W31;Игры разума;Litres;3240;583.2;6
2026-W31;Шёпот времени;Ozon;2730;491.4;7
2026-W31;Тихий сад;WB;2792;502.56;8
2026-W31;Северный экспресс;Litres;4041;727.38;9
2026-W31;Дом у маяка;Ozon;897;161.46;3
2026-W31;Игры разума;WB;2160;388.8;4
2026-W31;Шёпот времени;Litres;1950;351;5
2026-W31;Тихий сад;Ozon;2094;376.92;6
2026-W31;Северный экспресс;WB;3143;565.74;7
2026-W31;Дом у маяка;Litres;2392;430.56;8
2026-W31;Игры разума;Ozon;4860;874.8;9
2026-W31;Шёпот времени;WB;1170;210.6;3
2026-W31;Тихий сад;Litres;1396;251.28;4
2026-W31;Северный экспресс;Ozon;2245;404.1;5
2026-W31;Дом у маяка;WB;1794;322.92;6
2026-W31;Игры разума;Litres;3780;680.4;7
2026-W31;Шёпот времени;Ozon;3120;561.6;8
2026-W31;Тихий сад;WB;3141;565.38;9
2026-W31;Северный экспресс;Litres;1347;242.46;3
2026-W31;Дом у маяка;Ozon;1196;215.28;4
2026-W31;Игры разума;WB;2700;486;5
2026-W31;Шёпот времени;Litres;2340;421.2;6
2026-W31;Тихий сад;Ozon;2443;439.74;7
2026-W31;Северный экспресс;WB;3592;646.56;8
2026-W31;Дом у маяка;Litres;2691;484.38;9
2026-W31;Игры разума;Ozon;1620;291.6;3
2026-W31;Шёпот времени;WB;1560;280.8;4
2026-W31;Тихий сад;Litres;1745;314.1;5
2026-W31;Северный экспресс;Ozon;2694;484.92;6
2026-W31;Дом у маяка;WB;2093;376.74;7
2026-W31;Игры разума;Litres;4320;777.6;8
2026-W31;Шёпот времени;Ozon;3510;631.8;9
2026-W31;Тихий сад;WB;1047;188.46;3
2026-W31;Северный экспресс;Litres;1796;323.28;4
2026-W31;Дом у маяка;Ozon;1495;269.1;5
2026-W31;Игры разума;WB;3240;583.2;6
2026-W31;Шёпот времени;Litres;2730;491.4;7
2026-W31;Тихий сад;Ozon;2792;502.56;8
2026-W31;Северный экспресс;WB;4041;727.38;9
2026-W31;Дом у маяка;Litres;897;161.46;3
2026-W31;Игры разума;Ozon;2160;388.8;4
2026-W31;Шёпот времени;WB;1950;351;5
2026-W31;Тихий сад;Litres;2094;376.92;6
2026-W31;Северный экспресс;Ozon;3143;565.74;7
2026-W31;Дом у маяка;WB;2392;430.56;8
2026-W31;Игры разума;Litres;4860;874.8;9
2026-W31;Шёпот времени;Ozon;1170;210.6;3
2026-W31;Тихий сад;WB;1396;251.28;4
2026-W31;Северный экспресс;Litres;2245;404.1;5
2026-W31;Дом у маяка;Ozon;1794;322.92;6
2026-W31;Игры разума;WB;3780;680.4;7
2026-W31;Шёпот времени;Litres;3120;561.6;8
2026-W31;Тихий сад;Ozon;3141;565.38;9
2026-W31;Северный экспресс;WB;1347;242.46;3
2026-W31;Дом у маяка;Litres;1196;215.28;4
2026-W31;Игры разума;Ozon;2700;486;5
2026-W31;Шёпот времени;WB;2340;421.2;6
2026-W31;Тихий сад;Litres;2443;439.74;7
2026-W31;Северный экспресс;Ozon;3592;646.56;8
2026-W31;Дом у маяка;WB;2691;484.38;9
2026-W31;Игры разума;Litres;1620;291.6;3
2026-W31;Шёпот времени;Ozon;1560;280.8;4
2026-W31;Тихий сад;WB;1745;314.1;5
2026-W31;Северный экспресс;Litres;2694;484.92;6
2026-W31;Дом у маяка;Ozon;2093;376.74;7
2026-W31;Игры разума;WB;4320;777.6;8
2026-W31;Шёпот времени;Litres;3510;631.8;9
2026-W31;Тихий сад;Ozon;1047;188.46;3
2026-W31;Северный экспресс;WB;1796;323.28;4
2026-W31;Дом у маяка;Litres;1495;269.1;5
2026-W31;Игры разума;Ozon;3240;583.2;6
2026-W31;Шёпот времени;WB;2730;491.4;7
2026-W31;Тихий сад;Litres;2792;502.56;8
2026-W31;Северный экспресс;Ozon;4041;727.38;9
2026-W31;Дом у маяка;WB;897;161.46;3
2026-W31;Игры разума;Litres;2160;388.8;4
2026-W31;Шёпот времени;Ozon;1950;351;5
2026-W31;Тихий сад;WB;2094;376.92;6
2026-W31;Северный экспресс;Litres;3143;565.74;7
2026-W31;Дом у маяка;Ozon;2392;430.56;8
2026-W31;Игры разума;WB;4860;874.8;9
2026-W31;Шёпот времени;Litres;1170;210.6;3
2026-W31;Тихий сад;Ozon;1396;251.28;4
2026-W31;Северный экспресс;WB;2245;404.1;5
2026-W31;Дом у маяка;Litres;1794;322.92;6
2026-W31;Игры разума;Ozon;3780;680.4;7
2026-W31;Шёпот времени;WB;3120;561.6;8
2026-W31;Тихий сад;Litres;3141;565.38;9
2026-W31;Северный экспресс;Ozon;1347;242.46;3
2026-W31;Дом у маяка;WB;1196;215.28;4
2026-W31;Игры разума;Litres;2700;486;5
2026-W31;Шёпот времени;Ozon;2340;421.2;6
2026-W31;Тихий сад;WB;2443;439.74;7
2026-W31;Северный экспресс;Litres;3592;646.56;8
2026-W31;Дом у маяка;Ozon;2691;484.38;9
2026-W31;Игры разума;WB;1620;291.6;3
2026-W31;Шёпот времени;Litres;1560;280.8;4
2026-W31;Тихий сад;Ozon;1745;314.1;5
2026-W31;Северный экспресс;WB;2694;484.92;6
2026-W31;Дом у маяка;Litres;2093;376.74;7
2026-W31;Игры разума;Ozon;4320;777.6;8
2026-W31;Шёпот времени;WB;3510;631.8;9
2026-W31;Тихий сад;Litres;1047;188.46;3
2026-W31;Северный экспресс;Ozon;1796;323.28;4
2026-W31;Дом у маяка;WB;1495;269.1;5
2026-W31;Игры разума;Litres;3240;583.2;6
2026-W31;Шёпот времени;Ozon;2730;491.4;7
2026-W31;Тихий сад;WB;2792;502.56;8
2026-W31;Северный экспресс;Litres;4041;727.38;9
2026-W31;Дом у маяка;Ozon;897;161.46;3
2026-W31;Игры разума;WB;2160;388.8;4
2026-W31;Шёпот времени;Litres;1950;351;5
2026-W31;Тихий сад;Ozon;2094;376.92;6
2026-W31;Северный экспресс;WB;3143;565.74;7
2026-W31;Дом у маяка;Litres;2392;430.56;8
2026-W31;Игры разума;Ozon;4860;874.8;9
2026-W31;Шёпот времени;WB;1170;210.6;3
2026-W31;Тихий сад;Litres;1396;251.28;4
2026-W31;Северный экспресс;Ozon;2245;404.1;5
2026-W31;Дом у маяка;WB;1794;322.92;6
2026-W31;Игры разума;Litres;3780;680.4;7
2026-W31;Шёпот времени;Ozon;3120;561.6;8
2026-W31;Тихий сад;WB;3141;565.38;9
2026-W31;Северный экспресс;Litres;1347;242.46;3
2026-W31;Дом у маяка;Ozon;1196;215.28;4
2026-W31;Игры разума;WB;2700;486;5
2026-W31;Шёпот времени;Litres;2340;421.2;6
2026-W31;Тихий сад;Ozon;2443;439.74;7
2026-W31;Северный экспресс;WB;3592;646.56;8
2026-W31;Дом у маяка;Litres;2691;484.38;9
2026-W31;Игры разума;Ozon;1620;291.6;3
2026-W31;Шёпот времени;WB;1560;280.8;4
2026-W31;Тихий сад;Litres;1745;314.1;5
2026-W31;Северный экспресс;Ozon;2694;484.92;6
2026-W31;Дом у маяка;WB;2093;376.74;7
2026-W31;Игры разума;Litres;4320;777.6;8
2026-W31;Шёпот времени;Ozon;3510;631.8;9
2026-W31;Тихий сад;WB;1047;188.46;3
2026-W31;Северный экспресс;Litres;1796;323.28;4
2026-W31;Дом у маяка;Ozon;1495;269.1;5
2026-W31;Игры разума;WB;3240;583.2;6
2026-W31;Шёпот времени;Litres;2730;491.4;7
2026-W31;Тихий сад;Ozon;2792;502.56;8
2026-W31;Северный экспресс;WB;4041;727.38;9
2026-W31;Дом у маяка;Litres;897;161.46;3
2026-W31;Игры разума;Ozon;2160;388.8;4
2026-W31;Шёпот времени;WB;1950;351;5
2026-W31;Тихий сад;Litres;2094;376.92;6
2026-W31;Северный экспресс;Ozon;3143;565.74;7
2026-W31;Дом у маяка;WB;2392;430.56;8
2026-W31;Игры разума;Litres;4860;874.8;9
2026-W31;Шёпот времени;Ozon;1170;210.6;3
2026-W31;Тихий сад;WB;1396;251.28;4
2026-W31;Северный экспресс;Litres;2245;404.1;5
2026-W31;Дом у маяка;Ozon;1794;322.92;6
2026-W31;Игры разума;WB;3780;680.4;7
2026-W31;Шёпот времени;Litres;3120;561.6;8
2026-W31;Тихий сад;Ozon;3141;565.38;9
2026-W31;Северный экспресс;WB;1347;242.46;3
2026-W31;Дом у маяка;Litres;1196;215.28;4
2026-W31;Игры разума;Ozon;2700;486;5
2026-W31;Шёпот времени;WB;2340;421.2;6
2026-W31;Тихий сад;Litres;2443;439.74;7
2026-W31;Северный экспресс;Ozon;3592;646.56;8
2026-W31;Дом у маяка;WB;2691;484.38;9
2026-W31;Игры разума;Litres;1620;291.6;3
2026-W31;Шёпот времени;Ozon;1560;280.8;4
2026-W31;Тихий сад;WB;1745;314.1;5
2026-W31;Северный экспресс;Litres;2694;484.92;6
2026-W31;Дом у маяка;Ozon;2093;376.74;7
2026-W31;Игры разума;WB;4320;777.6;8
2026-W31;Шёпот времени;Litres;3510;631.8;9
2026-W31;Тихий сад;Ozon;1047;188.46;3
2026-W31;Северный экспресс;WB;1796;323.28;4
2026-W31;Дом у маяка;Litres;1495;269.1;5
2026-W31;Игры разума;Ozon;3240;583.2;6
2026-W31;Шёпот времени;WB;2730;491.4;7
2026-W31;Тихий сад;Litres;2792;502.56;8
2026-W31;Северный экспресс;Ozon;4041;727.38;9
2026-W31;Дом у маяка;WB;897;161.46;3
2026-W31;Игры разума;Litres;2160;388.8;4
2026-W31;Шёпот времени;Ozon;1950;351;5
2026-W31;Тихий сад;WB;2094;376.92;6
2026-W31;Северный экспресс;Litres;3143;565.74;7
2026-W31;Дом у маяка;Ozon;2392;430.56;8
2026-W31;Игры разума;WB;4860;874.8;9
2026-W31;Шёпот времени;Litres;1170;210.6;3
2026-W31;Тихий сад;Ozon;1396;251.28;4
2026-W31;Северный экспресс;WB;2245;404.1;5
2026-W31;Дом у маяка;Litres;1794;322.92;6
2026-W31;Игры разума;Ozon;3780;680.4;7
2026-W31;Шёпот времени;WB;3120;561.6;8
2026-W31;Тихий сад;Litres;3141;565.38;9
2026-W31;Северный экспресс;Ozon;1347;242.46;3
2026-W31;Дом у маяка;WB;1196;215.28;4
2026-W31;Игры разума;Litres;2700;486;5
2026-W31;Шёпот времени;Ozon;2340;421.2;6
2026-W31;Тихий сад;WB;2443;439.74;7
2026-W31;Северный экспресс;Litres;3592;646.56;8
2026-W31;Дом у маяка;Ozon;2691;484.38;9
2026-W31;Игры разума;WB;1620;291.6;3
2026-W31;Шёпот времени;Litres;1560;280.8;4
2026-W31;Тихий сад;Ozon;1745;314.1;5
2026-W31;Северный экспресс;WB;2694;484.92;6
2026-W31;Дом у маяка;Litres;2093;376.74;7
2026-W31;Игры разума;Ozon;4320;777.6;8
2026-W31;Шёпот времени;WB;3510;631.8;9
2026-W31;Тихий сад;Litres;1047;188.46;3
2026-W31;Северный экспресс;Ozon;1796;323.28;4
2026-W31;Дом у маяка;WB;1495;269.1;5
2026-W31;Игры разума;Litres;3240;583.2;6
2026-W31;Шёпот времени;Ozon;2730;491.4;7
2026-W31;Тихий сад;WB;2792;502.56;8
2026-W31;Северный экспресс;Litres;4041;727.38;9
2026-W31;Дом у маяка;Ozon;897;161.46;3
2026-W31;Игры разума;WB;2160;388.8;4
2026-W31;Шёпот времени;Litres;1950;351;5
2026-W31;Тихий сад;Ozon;2094;376.92;6
2026-W31;Северный экспресс;WB;3143;565.74;7
2026-W31;Дом у маяка;Litres;2392;430.56;8
2026-W31;Игры разума;Ozon;4860;874.8;9
2026-W31;Шёпот времени;WB;1170;210.6;3
2026-W31;Тихий сад;Litres;1396;251.28;4
2026-W31;Северный экспресс;Ozon;2245;404.1;5
2026-W31;Дом у маяка;WB;1794;322.92;6
2026-W31;Игры разума;Litres;3780;680.4;7
2026-W31;Шёпот времени;Ozon;3120;561.6;8
2026-W31;Тихий сад;WB;3141;565.38;9
2026-W31;Северный экспресс;Litres;1347;242.46;3
2026-W31;Дом у маяка;Ozon;1196;215.28;4
2026-W31;Игры разума;WB;2700;486;5
2026-W31;Шёпот времени;Litres;2340;421.2;6
2026-W31;Тихий сад;Ozon;2443;439.74;7
2026-W31;Северный экспресс;WB;3592;646.56;8
2026-W31;Дом у маяка;Litres;2691;484.38;9
2026-W31;Игры разума;Ozon;1620;291.6;3
2026-W31;Шёпот времени;WB;1560;280.8;4
2026-W31;Тихий сад;Litres;1745;314.1;5
2026-W31;Северный экспресс;Ozon;2694;484.92;6
2026-W31;Дом у маяка;WB;2093;376.74;7
2026-W31;Игры разума;Litres;4320;777.6;8
2026-W31;Шёпот времени;Ozon;3510;631.8;9
2026-W31;Тихий сад;WB;1047;188.46;3
2026-W31;Северный экспресс;Litres;1796;323.28;4
2026-W31;Дом у маяка;Ozon;1495;269.1;5
2026-W31;Игры разума;WB;3240;583.2;6
2026-W31;Шёпот времени;Litres;2730;491.4;7
2026-W31;Тихий сад;Ozon;2792;502.56;8
2026-W31;Северный экспресс;WB;4041;727.38;9
2026-W31;Дом у маяка;Litres;897;161.46;3
2026-W31;Игры разума;Ozon;2160;388.8;4
2026-W31;Шёпот времени;WB;1950;351;5
2026-W31;Тихий сад;Litres;2094;376.92;6
2026-W31;Северный экспресс;Ozon;3143;565.74;7
2026-W31;Дом у маяка;WB;2392;430.56;8
2026-W31;Игры разума;Litres;4860;874.8;9
2026-W31;Шёпот времени;Ozon;1170;210.6;3
2026-W31;Тихий сад;WB;1396;251.28;4
2026-W31;Северный экспресс;Litres;2245;404.1;5
2026-W31;Дом у маяка;Ozon;1794;322.92;6
2026-W31;Игры разума;WB;3780;680.4;7
2026-W31;Шёпот времени;Litres;3120;561.6;8
2026-W31;Тихий сад;Ozon;3141;565.38;9
2026-W31;Северный экспресс;WB;1347;242.46;3
2026-W31;Дом у маяка;Litres;1196;215.28;4
2026-W31;Игры разума;Ozon;2700;486;5
2026-W31;Шёпот времени;WB;2340;421.2;6
2026-W31;Тихий сад;Litres;2443;439.74;7
2026-W31;Северный экспресс;Ozon;3592;646.56;8
2026-W31;Дом у маяка;WB;2691;484.38;9
2026-W31;Игры разума;Litres;1620;291.6;3
2026-W31;Шёпот времени;Ozon;1560;280.8;4
2026-W31;Тихий сад;WB;1745;314.1;5
2026-W31;Северный экспресс;Litres;2694;484.92;6
2026-W31;Дом у маяка;Ozon;2093;376.74;7
2026-W31;Игры разума;WB;4320;777.6;8
2026-W31;Шёпот времени;Litres;3510;631.8;9
2026-W31;Тихий сад;Ozon;1047;188.46;3
2026-W31;Северный экспресс;WB;1796;323.28;4
2026-W31;Дом у маяка;Litres;1495;269.1;5
2026-W31;Игры разума;Ozon;3240;583.2;6
2026-W31;Шёпот времени;WB;2730;491.4;7
2026-W31;Тихий сад;Litres;2792;502.56;8
2026-W31;Северный экспресс;Ozon;4041;727.38;9
2026-W31;Дом у маяка;WB;897;161.46;3
2026-W31;Игры разума;Litres;2160;388.8;4
2026-W31;Шёпот времени;Ozon;1950;351;5
2026-W31;Тихий сад;WB;2094;376.92;6
2026-W31;Северный экспресс;Litres;3143;565.74;7
2026-W31;Дом у маяка;Ozon;2392;430.56;8
2026-W31;Игры разума;WB;4860;874.8;9
2026-W31;Шёпот времени;Litres;1170;210.6;3
2026-W31;Тихий сад;Ozon;1396;251.28;4
2026-W31;Северный экспресс;WB;2245;404.1;5
2026-W31;Дом у маяка;Litres;1794;322.92;6
2026-W31;Игры разума;Ozon;3780;680.4;7
2026-W31;Шёпот времени;WB;3120;561.6;8
2026-W31;Тихий сад;Litres;3141;565.38;9
2026-W31;Северный экспресс;Ozon;1347;242.46;3
2026-W31;Дом у маяка;WB;1196;215.28;4
2026-W31;Игры разума;Litres;2700;486;5
2026-W31;Шёпот времени;Ozon;2340;421.2;6
2026-W31;Тихий сад;WB;2443;439.74;7
2026-W31;Северный экспресс;Litres;3592;646.56;8
2026-W31;Дом у маяка;Ozon;2691;484.38;9
2026-W31;Игры разума;WB;1620;291.6;3
2026-W31;Шёпот времени;Litres;1560;280.8;4
2026-W31;Тихий сад;Ozon;1745;314.1;5
2026-W31;Северный экспресс;WB;2694;484.92;6
2026-W31;Дом у маяка;Litres;2093;376.74;7
2026-W31;Игры разума;Ozon;4320;777.6;8
2026-W31;Шёпот времени;WB;3510;631.8;9
2026-W31;Тихий сад;Litres;1047;188.46;3
2026-W31;Северный экспресс;Ozon;1796;323.28;4
2026-W31;Дом у маяка;WB;1495;269.1;5
2026-W31;Игры разума;Litres;3240;583.2;6
2026-W31;Шёпот времени;Ozon;2730;491.4;7
2026-W31;Тихий сад;WB;2792;502.56;8
2026-W31;Северный экспресс;Litres;4041;727.38;9
2026-W31;Дом у маяка;Ozon;897;161.46;3
2026-W31;Игры разума;WB;2160;388.8;4
2026-W31;Шёпот времени;Litres;1950;351;5
2026-W31;Тихий сад;Ozon;2094;376.92;6
2026-W31;Северный экспресс;WB;3143;565.74;7
2026-W31;Дом у маяка;Litres;2392;430.56;8
2026-W31;Игры разума;Ozon;4860;874.8;9
2026-W31;Шёпот времени;WB;1170;210.6;3
2026-W31;Тихий сад;Litres;1396;251.28;4
2026-W31;Северный экспресс;Ozon;2245;404.1;5
2026-W31;Дом у маяка;WB;1794;322.92;6
2026-W31;Игры разума;Litres;3780;680.4;7
2026-W31;Шёпот времени;Ozon;3120;561.6;8
2026-W31;Тихий сад;WB;3141;565.38;9
2026-W31;Северный экспресс;Litres;1347;242.46;3
2026-W31;Дом у маяка;Ozon;1196;215.28;4
2026-W31;Игры разума;WB;2700;486;5
2026-W31;Шёпот времени;Litres;2340;421.2;6
2026-W31;Тихий сад;Ozon;2443;439.74;7
2026-W31;Северный экспресс;WB;3592;646.56;8
2026-W31;Дом у маяка;Litres;2691;484.38;9
2026-W31;Игры разума;Ozon;1620;291.6;3
2026-W31;Шёпот времени;WB;1560;280.8;4
2026-W31;Тихий сад;Litres;1745;314.1;5
2026-W31;Северный экспресс;Ozon;2694;484.92;6
2026-W31;Дом у маяка;WB;2093;376.74;7
2026-W31;Игры разума;Litres;4320;777.6;8
2026-W31;Шёпот времени;Ozon;3510;631.8;9
2026-W31;Тихий сад;WB;1047;188.46;3
2026-W31;Северный экспресс;Litres;1796;323.28;4
2026-W31;Дом у маяка;Ozon;1495;269.1;5
2026-W31;Игры разума;WB;3240;583.2;6
2026-W31;Шёпот времени;Litres;2730;491.4;7
2026-W31;Тихий сад;Ozon;2792;502.56;8
2026-W31;Северный экспресс;WB;4041;727.38;9
2026-W31;Дом у маяка;Litres;897;161.46;3
2026-W31;Игры разума;Ozon;2160;388.8;4
2026-W31;Шёпот времени;WB;1950;351;5
2026-W31;Тихий сад;Litres;2094;376.92;6
2026-W31;Северный экспресс;Ozon;3143;565.74;7
2026-W31;Дом у маяка;WB;2392;430.56;8
2026-W31;Игры разума;Litres;4860;874.8;9
2026-W31;Шёпот времени;Ozon;1170;210.6;3
2026-W31;Тихий сад;WB;1396;251.28;4
2026-W31;Северный экспресс;Litres;2245;404.1;5
2026-W31;Дом у маяка;Ozon;1794;322.92;6
2026-W31;Игры разума;WB;3780;680.4;7
2026-W31;Шёпот времени;Litres;3120;561.6;8
2026-W31;Тихий сад;Ozon;3141;565.38;9
2026-W31;Северный экспресс;WB;1347;242.46;3
2026-W31;Дом у маяка;Litres;1196;215.28;4
2026-W31;Игры разума;Ozon;2700;486;5
2026-W31;Шёпот времени;WB;2340;421.2;6
2026-W31;Тихий сад;Litres;2443;439.74;7
2026-W31;Северный экспресс;Ozon;3592;646.56;8
2026-W31;Дом у маяка;WB;2691;484.38;9
2026-W31;Игры разума;Litres;1620;291.6;3
2026-W31;Шёпот времени;Ozon;1560;280.8;4
2026-W31;Тихий сад;WB;1745;314.1;5
2026-W31;Северный экспресс;Litres;2694;484.92;6
2026-W31;Дом у маяка;Ozon;2093;376.74;7
2026-W31;Игры разума;WB;4320;777.6;8
2026-W31;Шёпот времени;Litres;3510;631.8;9
2026-W31;Тихий сад;Ozon;1047;188.46;3
2026-W31;Северный экспресс;WB;1796;323.28;4
2026-W31;Дом у маяка;Litres;1495;269.1;5
2026-W31;Игры разума;Ozon;3240;583.2;6
2026-W31;Шёпот времени;WB;2730;491.4;7
2026-W31;Тихий сад;Litres;2792;502.56;8
2026-W31;Северный экспресс;Ozon;4041;727.38;9
2026-W31;Дом у маяка;WB;897;161.46;3
2026-W31;Игры разума;Litres;2160;388.8;4
2026-W31;Шёпот времени;Ozon;1950;351;5
2026-W31;Тихий сад;WB;2094;376.92;6
2026-W31;Северный экспресс;Litres;3143;565.74;7
2026-W31;Дом у маяка;Ozon;2392;430.56;8
2026-W31;Игры разума;WB;4860;874.8;9
2026-W31;Шёпот времени;Litres;1170;210.6;3
2026-W31;Тихий сад;Ozon;1396;251.28;4
2026-W31;Северный экспресс;WB;2245;404.1;5
2026-W31;Дом у маяка;Litres;1794;322.92;6
2026-W31;Игры разума;Ozon;3780;680.4;7
2026-W31;Шёпот времени;WB;3120;561.6;8
2026-W31;Тихий сад;Litres;3141;565.38;9
2026-W31;Северный экспресс;Ozon;1347;242.46;3
2026-W31;Дом у маяка;WB;1196;215.28;4
2026-W31;Игры разума;Litres;2700;486;5
2026-W31;Шёпот времени;Ozon;2340;421.2;6
2026-W31;Тихий сад;WB;2443;439.74;7
2026-W31;Северный экспресс;Litres;3592;646.56;8
2026-W31;Дом у маяка;Ozon;2691;484.38;9
2026-W31;Игры разума;WB;1620;291.6;3
2026-W31;Шёпот времени;Litres;1560;280.8;4
2026-W31;Тихий сад;Ozon;1745;314.1;5
2026-W31;Северный экспресс;WB;2694;484.92;6
2026-W31;Дом у маяка;Litres;2093;376.74;7
2026-W31;Игры разума;Ozon;4320;777.6;8
2026-W31;Шёпот времени;WB;3510;631.8;9
2026-W31;Тихий сад;Litres;1047;188.46;3
2026-W31;Северный экспресс;Ozon;1796;323.28;4
2026-W31;Дом у маяка;WB;1495;269.1;5
2026-W31;Игры разума;Litres;3240;583.2;6
2026-W31;Шёпот времени;Ozon;2730;491.4;7
2026-W31;Тихий сад;WB;2792;502.56;8
2026-W31;Северный экспресс;Litres;4041;727.38;9
2026-W31;Дом у маяка;Ozon;897;161.46;3
2026-W31;Игры разума;WB;2160;388.8;4
2026-W31;Шёпот времени;Litres;1950;351;5
2026-W31;Тихий сад;Ozon;2094;376.92;6
2026-W31;Северный экспресс;WB;3143;565.74;7
2026-W31;Дом у маяка;Litres;2392;430.56;8
2026-W31;Игры разума;Ozon;4860;874.8;9
2026-W31;Шёпот времени;WB;1170;210.6;3
2026-W31;Тихий сад;Litres;1396;251.28;4
2026-W31;Северный экспресс;Ozon;2245;404.1;5
2026-W31;Дом у маяка;WB;1794;322.92;6
2026-W31;Игры разума;Litres;3780;680.4;7
2026-W31;Шёпот времени;Ozon;3120;561.6;8
2026-W31;Тихий сад;WB;3141;565.38;9
2026-W31;Северный экспресс;Litres;1347;242.46;3
2026-W31;Дом у маяка;Ozon;1196;215.28;4
2026-W31;Игры разума;WB;2700;486;5
2026-W31;Шёпот времени;Litres;2340;421.2;6
2026-W31;Тихий сад;Ozon;2443;439.74;7
2026-W31;Северный экспресс;WB;3592;646.56;8
2026-W31;Дом у маяка;Litres;2691;484.38;9
2026-W31;Игры разума;Ozon;1620;291.6;3
2026-W31;Шёпот времени;WB;1560;280.8;4
2026-W31;Тихий сад;Litres;1745;314.1;5
2026-W31;Северный экспресс;Ozon;2694;484.92;6
2026-W31;Дом у маяка;WB;2093;376.74;7
2026-W31;Игры разума;Litres;4320;777.6;8
2026-W31;Шёпот времени;Ozon;3510;631.8;9
2026-W31;Тихий сад;WB;1047;188.46;3
2026-W31;Северный экспресс;Litres;1796;323.28;4
2026-W31;Дом у маяка;Ozon;1495;269.1;5
2026-W31;Игры разума;WB;3240;583.2;6
2026-W31;Шёпот времени;Litres;2730;491.4;7
2026-W31;Тихий сад;Ozon;2792;502.56;8
2026-W31;Северный экспресс;WB;4041;727.38;9
2026-W31;Дом у маяка;Litres;897;161.46;3
2026-W31;Игры разума;Ozon;2160;388.8;4
2026-W31;Шёпот времени;WB;1950;351;5
2026-W31;Тихий сад;Litres;2094;376.92;6
2026-W31;Северный экспресс;Ozon;3143;565.74;7
2026-W31;Дом у маяка;WB;2392;430.56;8
2026-W31;Игры разума;Litres;4860;874.8;9
2026-W31;Шёпот времени;Ozon;1170;210.6;3
2026-W31;Тихий сад;WB;1396;251.28;4
2026-W31;Северный экспресс;Litres;2245;404.1;5
2026-W31;Дом у маяка;Ozon;1794;322.92;6
2026-W31;Игры разума;WB;3780;680.4;7
2026-W31;Шёпот времени;Litres;3120;561.6;8
2026-W31;Тихий сад;Ozon;3141;565.38;9
2026-W31;Северный экспресс;WB;1347;242.46;3
2026-W31;Дом у маяка;Litres;1196;215.28;4
2026-W31;Игры разума;Ozon;2700;486;5
2026-W31;Шёпот времени;WB;2340;421.2;6
2026-W31;Тихий сад;Litres;2443;439.74;7
2026-W31;Северный экспресс;Ozon;3592;646.56;8
2026-W31;Дом у маяка;WB;2691;484.38;9
2026-W31;Игры разума;Litres;1620;291.6;3
2026-W31;Шёпот времени;Ozon;1560;280.8;4
2026-W31;Тихий сад;WB;1745;314.1;5
2026-W31;Северный экспресс;Litres;2694;484.92;6
2026-W31;Дом у маяка;Ozon;2093;376.74;7
2026-W31;Игры разума;WB;4320;777.6;8
2026-W31;Шёпот времени;Litres;3510;631.8;9
2026-W31;Тихий сад;Ozon;1047;188.46;3
2026-W31;Северный экспресс;WB;1796;323.28;4
2026-W31;Дом у маяка;Litres;1495;269.1;5
2026-W31;Игры разума;Ozon;3240;583.2;6
2026-W31;Шёпот времени;WB;2730;491.4;7
2026-W31;Тихий сад;Litres;2792;502.56;8
2026-W31;Северный экспресс;Ozon;4041;727.38;9
2026-W31;Дом у маяка;WB;897;161.46;3
2026-W31;Игры разума;Litres;2160;388.8;4
2026-W31;Шёпот времени;Ozon;1950;351;5
2026-W31;Тихий сад;WB;2094;376.92;6
2026-W31;Северный экспресс;Litres;3143;565.74;7
2026-W31;Дом у маяка;Ozon;2392;430.56;8
2026-W31;Игры разума;WB;4860;874.8;9
2026-W31;Шёпот времени;Litres;1170;210.6;3
2026-W31;Тихий сад;Ozon;1396;251.28;4
2026-W31;Северный экспресс;WB;2245;404.1;5
2026-W31;Дом у маяка;Litres;1794;322.92;6
2026-W31;Игры разума;Ozon;3780;680.4;7
2026-W31;Шёпот времени;WB;3120;561.6;8
2026-W31;Тихий сад;Litres;3141;565.38;9
2026-W31;Северный экспресс;Ozon;1347;242.46;3
2026-W31;Дом у маяка;WB;1196;215.28;4
2026-W31;Игры разума;Litres;2700;486;5
2026-W31;Шёпот времени;Ozon;2340;421.2;6
2026-W31;Тихий сад;WB;2443;439.74;7
2026-W31;Северный экспресс;Litres;3592;646.56;8
2026-W31;Дом у маяка;Ozon;2691;484.38;9
2026-W31;Игры разума;WB;1620;291.6;3
2026-W31;Шёпот времени;Litres;1560;280.8;4
2026-W31;Тихий сад;Ozon;1745;314.1;5
2026-W31;Северный экспресс;WB;2694;484.92;6
2026-W31;Дом у маяка;Litres;2093;376.74;7
2026-W31;Игры разума;Ozon;4320;777.6;8
2026-W31;Шёпот времени;WB;3510;631.8;9
2026-W31;Тихий сад;Litres;1047;188.46;3
2026-W31;Северный экспресс;Ozon;1796;323.28;4
2026-W31;Дом у маяка;WB;1495;269.1;5
2026-W31;Игры разума;Litres;3240;583.2;6
2026-W31;Шёпот времени;Ozon;2730;491.4;7
2026-W31;Тихий сад;WB;2792;502.56;8
2026-W31;Северный экспресс;Litres;4041;727.38;9
2026-W31;Дом у маяка;Ozon;897;161.46;3
2026-W31;Игры разума;WB;2160;388.8;4
2026-W31;Шёпот времени;Litres;1950;351;5
2026-W31;Тихий сад;Ozon;2094;376.92;6
2026-W31;Северный экспресс;WB;3143;565.74;7
2026-W31;Дом у маяка;Litres;2392;430.56;8
2026-W31;Игры разума;Ozon;4860;874.8;9
2026-W31;Шёпот времени;WB;1170;210.6;3
2026-W31;Тихий сад;Litres;1396;251.28;4
2026-W31;Северный экспресс;Ozon;2245;404.1;5
2026-W31;Дом у маяка;WB;1794;322.92;6
2026-W31;Игры разума;Litres;3780;680.4;7
2026-W31;Шёпот времени;Ozon;3120;561.6;8
2026-W31;Тихий сад;WB;3141;565.38;9
2026-W31;Северный экспресс;Litres;1347;242.46;3
2026-W31;Дом у маяка;Ozon;1196;215.28;4
2026-W31;Игры разума;WB;2700;486;5
2026-W31;Шёпот времени;Litres;2340;421.2;6
2026-W31;Тихий сад;Ozon;2443;439.74;7
2026-W31;Северный экспресс;WB;3592;646.56;8
2026-W31;Дом у маяка;Litres;2691;484.38;9
2026-W31;Игры разума;Ozon;1620;291.6;3
2026-W31;Шёпот времени;WB;1560;280.8;4
2026-W31;Тихий сад;Litres;1745;314.1;5
2026-W31;Северный экспресс;Ozon;2694;484.92;6
2026-W31;Дом у маяка;WB;2093;376.74;7
2026-W31;Игры разума;Litres;4320;777.6;8
2026-W31;Шёпот времени;Ozon;3510;631.8;9
2026-W31;Тихий сад;WB;1047;188.46;3
2026-W31;Северный экспресс;Litres;1796;323.28;4
2026-W31;Дом у маяка;Ozon;1495;269.1;5
2026-W31;Игры разума;WB;3240;583.2;6
2026-W31;Шёпот времени;Litres;2730;491.4;7
2026-W31;Тихий сад;Ozon;2792;502.56;8
2026-W31;Северный экспресс;WB;4041;727.38;9
2026-W31;Дом у маяка;Litres;897;161.46;3
2026-W31;Игры разума;Ozon;2160;388.8;4
2026-W31;Шёпот времени;WB;1950;351;5
2026-W31;Тихий сад;Litres;2094;376.92;6
2026-W31;Северный экспресс;Ozon;3143;565.74;7
2026-W31;Дом у маяка;WB;2392;430.56;8
2026-W31;Игры разума;Litres;4860;874.8;9
2026-W31;Шёпот времени;Ozon;1170;210.6;3
2026-W31;Тихий сад;WB;1396;251.28;4
2026-W31;Северный экспресс;Litres;2245;404.1;5
2026-W31;Дом у маяка;Ozon;1794;322.92;6
2026-W31;Игры разума;WB;3780;680.4;7
2026-W31;Шёпот времени;Litres;3120;561.6;8
2026-W31;Тихий сад;Ozon;3141;565.38;9
2026-W31;Северный экспресс;WB;1347;242.46;3
2026-W31;Дом у маяка;Litres;1196;215.28;4
2026-W31;Игры разума;Ozon;2700;486;5
2026-W31;Шёпот времени;WB;2340;421.2;6
2026-W31;Тихий сад;Litres;2443;439.74;7
2026-W31;Северный экспресс;Ozon;3592;646.56;8
2026-W31;Дом у маяка;WB;2691;484.38;9
2026-W31;Игры разума;Litres;1620;291.6;3
2026-W31;Шёпот времени;Ozon;1560;280.8;4
2026-W31;Тихий сад;WB;1745;314.1;5
2026-W31;Северный экспресс;Litres;2694;484.92;6
2026-W31;Дом у маяка;Ozon;2093;376.74;7
2026-W31;Игры разума;WB;4320;777.6;8
2026-W31;Шёпот времени;Litres;3510;631.8;9
2026-W31;Тихий сад;Ozon;1047;188.46;3
2026-W31;Северный экспресс;WB;1796;323.28;4
2026-W31;Дом у маяка;Litres;1495;269.1;5
2026-W31;Игры разума;Ozon;3240;583.2;6
2026-W31;Шёпот времени;WB;2730;491.4;7
2026-W31;Тихий сад;Litres;2792;502.56;8
2026-W31;Северный экспресс;Ozon;4041;727.38;9
2026-W31;Дом у маяка;WB;897;161.46;3
2026-W31;Игры разума;Litres;2160;388.8;4
2026-W31;Шёпот времени;Ozon;1950;351;5
2026-W31;Тихий сад;WB;2094;376.92;6
2026-W31;Северный экспресс;Litres;3143;565.74;7
2026-W31;Дом у маяка;Ozon;2392;430.56;8
2026-W31;Игры разума;WB;4860;874.8;9
2026-W31;Шёпот времени;Litres;1170;210.6;3
2026-W31;Тихий сад;Ozon;1396;251.28;4
2026-W31;Северный экспресс;WB;2245;404.1;5
2026-W31;Дом у маяка;Litres;1794;322.92;6
2026-W31;Игры разума;Ozon;3780;680.4;7
2026-W31;Шёпот времени;WB;3120;561.6;8
2026-W31;Тихий сад;Litres;3141;565.38;9
2026-W31;Северный экспресс;Ozon;1347;242.46;3
2026-W31;Дом у маяка;WB;1196;215.28;4
2026-W31;Игры разума;Litres;2700;486;5
2026-W31;Шёпот времени;Ozon;2340;421.2;6
2026-W31;Тихий сад;WB;2443;439.74;7
2026-W31;Северный экспресс;Litres;3592;646.56;8
2026-W31;Дом у маяка;Ozon;2691;484.38;9
2026-W31;Игры разума;WB;1620;291.6;3
2026-W31;Шёпот времени;Litres;1560;280.8;4
2026-W31;Тихий сад;Ozon;1745;314.1;5
2026-W31;Северный экспресс;WB;2694;484.92;6
2026-W31;Дом у маяка;Litres;2093;376.74;7
2026-W31;Игры разума;Ozon;4320;777.6;8
2026-W31;Шёпот времени;WB;3510;631.8;9
2026-W31;Тихий сад;Litres;1047;188.46;3
2026-W31;Северный экспресс;Ozon;1796;323.28;4
2026-W31;Дом у маяка;WB;1495;269.1;5
2026-W31;Игры разума;Litres;3240;583.2;6
2026-W31;Шёпот времени;Ozon;2730;491.4;7
2026-W31;Тихий сад;WB;2792;502.56;8
2026-W31;Северный экспресс;Litres;4041;727.38;9
2026-W31;Дом у маяка;Ozon;897;161.46;3
2026-W31;Игры разума;WB;2160;388.8;4
2026-W31;Шёпот времени;Litres;1950;351;5
2026-W31;Тихий сад;Ozon;2094;376.92;6
2026-W31;Северный экспресс;WB;3143;565.74;7
2026-W31;Дом у маяка;Litres;2392;430.56;8
2026-W31;Игры разума;Ozon;4860;874.8;9
2026-W31;Шёпот времени;WB;1170;210.6;3
2026-W31;Тихий сад;Litres;1396;251.28;4
2026-W31;Северный экспресс;Ozon;2245;404.1;5
2026-W31;Дом у маяка;WB;1794;322.92;6
2026-W31;Игры разума;Litres;3780;680.4;7
2026-W31;Шёпот времени;Ozon;3120;561.6;8
2026-W31;Тихий сад;WB;3141;565.38;9
2026-W31;Северный экспресс;Litres;1347;242.46;3
2026-W31;Дом у маяка;Ozon;1196;215.28;4
2026-W31;Игры разума;WB;2700;486;5
2026-W31;Шёпот времени;Litres;2340;421.2;6
2026-W31;Тихий сад;Ozon;2443;439.74;7
2026-W31;Северный экспресс;WB;3592;646.56;8
2026-W31;Дом у маяка;Litres;2691;484.38;9
2026-W31;Игры разума;Ozon;1620;291.6;3
2026-W31;Шёпот времени;WB;1560;280.8;4
2026-W31;Тихий сад;Litres;1745;314.1;5
2026-W31;Северный экспресс;Ozon;2694;484.92;6
2026-W31;Дом у маяка;WB;2093;376.74;7
2026-W31;Игры разума;Litres;4320;777.6;8
2026-W31;Шёпот времени;Ozon;3510;631.8;9
2026-W31;Тихий сад;WB;1047;188.46;3
2026-W31;Северный экспресс;Litres;1796;323.28;4
2026-W31;Дом у маяка;Ozon;1495;269.1;5
2026-W31;Игры разума;WB;3240;583.2;6
2026-W31;Шёпот времени;Litres;2730;491.4;7
2026-W31;Тихий сад;Ozon;2792;502.56;8
2026-W31;Северный экспресс;WB;4041;727.38;9
2026-W31;Дом у маяка;Litres;897;161.46;3
2026-W31;Игры разума;Ozon;2160;388.8;4
2026-W31;Шёпот времени;WB;1950;351;5
2026-W31;Тихий сад;Litres;2094;376.92;6
2026-W31;Северный экспресс;Ozon;3143;565.74;7
2026-W31;Дом у маяка;WB;2392;430.56;8
2026-W31;Игры разума;Litres;4860;874.8;9
2026-W31;Шёпот времени;Ozon;1170;210.6;3
2026-W31;Тихий сад;WB;1396;251.28;4
2026-W31;Северный экспресс;Litres;2245;404.1;5
2026-W31;Дом у маяка;Ozon;1794;322.92;6
2026-W31;Игры разума;WB;3780;680.4;7
2026-W31;Шёпот времени;Litres;3120;561.6;8
2026-W31;Тихий сад;Ozon;3141;565.38;9
2026-W31;Северный экспресс;WB;1347;242.46;3
2026-W31;Дом у маяка;Litres;1196;215.28;4
2026-W31;Игры разума;Ozon;2700;486;5
2026-W31;Шёпот времени;WB;2340;421.2;6
2026-W31;Тихий сад;Litres;2443;439.74;7
2026-W31;Северный экспресс;Ozon;3592;646.56;8
2026-W31;Дом у маяка;WB;2691;484.38;9
2026-W31;Игры разума;Litres;1620;291.6;3
2026-W31;Шёпот времени;Ozon;1560;280.8;4
2026-W31;Тихий сад;WB;1745;314.1;5
2026-W31;Северный экспресс;Litres;2694;484.92;6
2026-W31;Дом у маяка;Ozon;2093;376.74;7
2026-W31;Игры разума;WB;4320;777.6;8
2026-W31;Шёпот времени;Litres;3510;631.8;9
2026-W31;Тихий сад;Ozon;1047;188.46;3
2026-W31;Северный экспресс;WB;1796;323.28;4
2026-W31;Дом у маяка;Litres;1495;269.1;5
2026-W31;Игры разума;Ozon;3240;583.2;6
2026-W31;Шёпот времени;WB;2730;491.4;7
2026-W31;Тихий сад;Litres;2792;502.56;8
2026-W31;Северный экспресс;Ozon;4041;727.38;9
2026-W31;Дом у маяка;WB;897;161.46;3
2026-W31;Игры разума;Litres;2160;388.8;4
2026-W31;Шёпот времени;Ozon;1950;351;5
2026-W31;Тихий сад;WB;2094;376.92;6
2026-W31;Северный экспресс;Litres;3143;565.74;7
2026-W31;Дом у маяка;Ozon;2392;430.56;8
2026-W31;Игры разума;WB;4860;874.8;9
2026-W31;Шёпот времени;Litres;1170;210.6;3
2026-W31;Тихий сад;Ozon;1396;251.28;4
2026-W31;Северный экспресс;WB;2245;404.1;5
2026-W31;Дом у маяка;Litres;1794;322.92;6
2026-W31;Игры разума;Ozon;3780;680.4;7
2026-W31;Шёпот времени;WB;3120;561.6;8
2026-W31;Тихий сад;Litres;3141;565.38;9
2026-W31;Северный экспресс;Ozon;1347;242.46;3
2026-W31;Дом у маяка;WB;1196;215.28;4
2026-W31;Игры разума;Litres;2700;486;5
2026-W31;Шёпот времени;Ozon;2340;421.2;6
2026-W31;Тихий сад;WB;2443;439.74;7
2026-W31;Северный экспресс;Litres;3592;646.56;8
2026-W31;Дом у маяка;Ozon;2691;484.38;9
2026-W31;Игры разума;WB;1620;291.6;3
2026-W31;Шёпот времени;Litres;1560;280.8;4
2026-W31;Тихий сад;Ozon;1745;314.1;5
2026-W31;Северный экспресс;WB;2694;484.92;6
2026-W31;Дом у маяка;Litres;2093;376.74;7
2026-W31;Игры разума;Ozon;4320;777.6;8
2026-W31;Шёпот времени;WB;3510;631.8;9
2026-W31;Тихий сад;Litres;1047;188.46;3
2026-W31;Северный экспресс;Ozon;1796;323.28;4
2026-W31;Дом у маяка;WB;1495;269.1;5
2026-W31;Игры разума;Litres;3240;583.2;6
2026-W31;Шёпот времени;Ozon;2730;491.4;7
2026-W31;Тихий сад;WB;2792;502.56;8
2026-W31;Северный экспресс;Litres;4041;727.38;9
2026-W31;Дом у маяка;Ozon;897;161.46;3
2026-W31;Игры разума;WB;2160;388.8;4
2026-W31;Шёпот времени;Litres;1950;351;5
2026-W31;Тихий сад;Ozon;2094;376.92;6
2026-W31;Северный экспресс;WB;3143;565.74;7
2026-W31;Дом у маяка;Litres;2392;430.56;8
2026-W31;Игры разума;Ozon;4860;874.8;9
2026-W31;Шёпот времени;WB;1170;210.6;3
2026-W31;Тихий сад;Litres;1396;251.28;4
2026-W31;Северный экспресс;Ozon;2245;404.1;5
2026-W31;Дом у маяка;WB;1794;322.92;6
2026-W31;Игры разума;Litres;3780;680.4;7
2026-W31;Шёпот времени;Ozon;3120;561.6;8
2026-W31;Тихий сад;WB;3141;565.38;9
2026-W31;Северный экспресс;Litres;1347;242.46;3
2026-W31;Дом у маяка;Ozon;1196;215.28;4
2026-W31;Игры разума;WB;2700;486;5
2026-W31;Шёпот времени;Litres;2340;421.2;6
2026-W31;Тихий сад;Ozon;2443;439.74;7
2026-W31;Северный экспресс;WB;3592;646.56;8
2026-W31;Дом у маяка;Litres;2691;484.38;9
2026-W31;Игры разума;Ozon;1620;291.6;3
2026-W31;Шёпот времени;WB;1560;280.8;4
2026-W31;Тихий сад;Litres;1745;314.1;5
2026-W31;Северный экспресс;Ozon;2694;484.92;6
2026-W31;Дом у маяка;WB;2093;376.74;7
2026-W31;Игры разума;Litres;4320;777.6;8
2026-W31;Шёпот времени;Ozon;3510;631.8;9
2026-W31;Тихий сад;WB;1047;188.46;3
2026-W31;Северный экспресс;Litres;1796;323.28;4
2026-W31;Дом у маяка;Ozon;1495;269.1;5
2026-W31;Игры разума;WB;3240;583.2;6
2026-W31;Шёпот времени;Litres;2730;491.4;7
2026-W31;Тихий сад;Ozon;2792;502.56;8
2026-W31;Северный экспресс;WB;4041;727.38;9
2026-W31;Дом у маяка;Litres;897;161.46;3
2026-W31;Игры разума;Ozon;2160;388.8;4
2026-W31;Шёпот времени;WB;1950;351;5
2026-W31;Тихий сад;Litres;2094;376.92;6
2026-W31;Северный экспресс;Ozon;3143;565.74;7
2026-W31;Дом у маяка;WB;2392;430.56;8
2026-W31;Игры разума;Litres;4860;874.8;9
2026-W31;Шёпот времени;Ozon;1170;210.6;3
2026-W31;Тихий сад;WB;1396;251.28;4
2026-W31;Северный экспресс;Litres;2245;404.1;5
2026-W31;Дом у маяка;Ozon;1794;322.92;6
2026-W31;Игры разума;WB;3780;680.4;7
2026-W31;Шёпот времени;Litres;3120;561.6;8
2026-W31;Тихий сад;Ozon;3141;565.38;9
2026-W31;Северный экспресс;WB;1347;242.46;3
2026-W31;Дом у маяка;Litres;1196;215.28;4
2026-W31;Игры разума;Ozon;2700;486;5
2026-W31;Шёпот времени;WB;2340;421.2;6
2026-W31;Тихий сад;Litres;2443;439.74;7
2026-W31;Северный экспресс;Ozon;3592;646.56;8
2026-W31;Дом у маяка;WB;2691;484.38;9
2026-W31;Игры разума;Litres;1620;291.6;3
2026-W31;Шёпот времени;Ozon;1560;280.8;4
2026-W31;Тихий сад;WB;1745;314.1;5
2026-W31;Северный экспресс;Litres;2694;484.92;6
2026-W31;Дом у маяка;Ozon;2093;376.74;7
2026-W31;Игры разума;WB;4320;777.6;8
2026-W31;Шёпот времени;Litres;3510;631.8;9
2026-W31;Тихий сад;Ozon;1047;188.46;3
2026-W31;Северный экспресс;WB;1796;323.28;4
2026-W31;Дом у маяка;Litres;1495;269.1;5
2026-W31;Игры разума;Ozon;3240;583.2;6
2026-W31;Шёпот времени;WB;2730;491.4;7
2026-W31;Тихий сад;Litres;2792;502.56;8
2026-W31;Северный экспресс;Ozon;4041;727.38;9
2026-W31;Дом у маяка;WB;897;161.46;3
2026-W31;Игры разума;Litres;2160;388.8;4
2026-W31;Шёпот времени;Ozon;1950;351;5
2026-W31;Тихий сад;WB;2094;376.92;6
2026-W31;Северный экспресс;Litres;3143;565.74;7
2026-W31;Дом у маяка;Ozon;2392;430.56;8
2026-W31;Игры разума;WB;4860;874.8;9
2026-W31;Шёпот времени;Litres;1170;210.6;3
2026-W31;Тихий сад;Ozon;1396;251.28;4
2026-W31;Северный экспресс;WB;2245;404.1;5
2026-W31;Дом у маяка;Litres;1794;322.92;6
2026-W31;Игры разума;Ozon;3780;680.4;7
2026-W31;Шёпот времени;WB;3120;561.6;8
2026-W31;Тихий сад;Litres;3141;565.38;9
2026-W31;Северный экспресс;Ozon;1347;242.46;3
2026-W31;Дом у маяка;WB;1196;215.28;4
2026-W31;Игры разума;Litres;2700;486;5
2026-W31;Шёпот времени;Ozon;2340;421.2;6
2026-W31;Тихий сад;WB;2443;439.74;7
2026-W31;Северный экспресс;Litres;3592;646.56;8
2026-W31;Дом у маяка;Ozon;2691;484.38;9
2026-W31;Игры разума;WB;1620;291.6;3
2026-W31;Шёпот времени;Litres;1560;280.8;4
2026-W31;Тихий сад;Ozon;1745;314.1;5
2026-W31;Северный экспресс;WB;2694;484.92;6
2026-W31;Дом у маяка;Litres;2093;376.74;7
2026-W31;Игры разума;Ozon;4320;777.6;8
2026-W31;Шёпот времени;WB;3510;631.8;9
2026-W31;Тихий сад;Litres;1047;188.46;3
2026-W31;Северный экспресс;Ozon;1796;323.28;4
2026-W31;Дом у маяка;WB;1495;269.1;5
2026-W31;Игры разума;Litres;3240;583.2;6
2026-W31;Шёпот времени;Ozon;2730;491.4;7
2026-W31;Тихий сад;WB;2792;502.56;8
2026-W31;Северный экспресс;Litres;4041;727.38;9
2026-W31;Дом у маяка;Ozon;897;161.46;3
2026-W31;Игры разума;WB;2160;388.8;4
2026-W31;Шёпот времени;Litres;1950;351;5
2026-W31;Тихий сад;Ozon;2094;376.92;6
2026-W31;Северный экспресс;WB;3143;565.74;7
2026-W31;Дом у маяка;Litres;2392;430.56;8
2026-W31;Игры разума;Ozon;4860;874.8;9
2026-W31;Шёпот времени;WB;1170;210.6;3
2026-W31;Тихий сад;Litres;1396;251.28;4
2026-W31;Северный экспресс;Ozon;2245;404.1;5
2026-W31;Дом у маяка;WB;1794;322.92;6
2026-W31;Игры разума;Litres;3780;680.4;7
2026-W31;Шёпот времени;Ozon;3120;561.6;8
2026-W31;Тихий сад;WB;3141;565.38;9
2026-W31;Северный экспресс;Litres;1347;242.46;3
2026-W31;Дом у маяка;Ozon;1196;215.28;4
2026-W31;Игры разума;WB;2700;486;5
2026-W31;Шёпот времени;Litres;2340;421.2;6
2026-W31;Тихий сад;Ozon;2443;439.74;7
2026-W31;Северный экспресс;WB;3592;646.56;8
2026-W31;Дом у маяка;Litres;2691;484.38;9
2026-W31;Игры разума;Ozon;1620;291.6;3
2026-W31;Шёпот времени;WB;1560;280.8;4
2026-W31;Тихий сад;Litres;1745;314.1;5
2026-W31;Северный экспресс;Ozon;2694;484.92;6
2026-W31;Дом у маяка;WB;2093;376.74;7
2026-W31;Игры разума;Litres;4320;777.6;8
2026-W31;Шёпот времени;Ozon;3510;631.8;9
2026-W31;Тихий сад;WB;1047;188.46;3
2026-W31;Северный экспресс;Litres;1796;323.28;4
2026-W31;Дом у маяка;Ozon;1495;269.1;5
2026-W31;Игры разума;WB;3240;583.2;6
2026-W31;Шёпот времени;Litres;2730;491.4;7
2026-W31;Тихий сад;Ozon;2792;502.56;8
2026-W31;Северный экспресс;WB;4041;727.38;9
2026-W31;Дом у маяка;Litres;897;161.46;3
2026-W31;Игры разума;Ozon;2160;388.8;4
2026-W31;Шёпот времени;WB;1950;351;5
2026-W31;Тихий сад;Litres;2094;376.92;6
2026-W31;Северный экспресс;Ozon;3143;565.74;7
2026-W31;Дом у маяка;WB;2392;430.56;8
2026-W31;Игры разума;Litres;4860;874.8;9
2026-W31;Шёпот времени;Ozon;1170;210.6;3
2026-W31;Тихий сад;WB;1396;251.28;4
2026-W31;Северный экспресс;Litres;2245;404.1;5
2026-W31;Дом у маяка;Ozon;1794;322.92;6
2026-W31;Игры разума;WB;3780;680.4;7
2026-W31;Шёпот времени;Litres;3120;561.6;8
2026-W31;Тихий сад;Ozon;3141;565.38;9
2026-W31;Северный экспресс;WB;1347;242.46;3
2026-W31;Дом у маяка;Litres;1196;215.28;4
2026-W31;Игры разума;Ozon;2700;486;5
2026-W31;Шёпот времени;WB;2340;421.2;6
2026-W31;Тихий сад;Litres;2443;439.74;7
2026-W31;Северный экспресс;Ozon;3592;646.56;8
2026-W31;Дом у маяка;WB;2691;484.38;9
2026-W31;Игры разума;Litres;1620;291.6;3
2026-W31;Шёпот времени;Ozon;1560;280.8;4
2026-W31;Тихий сад;WB;1745;314.1;5
2026-W31;Северный экспресс;Litres;2694;484.92;6
2026-W31;Дом у маяка;Ozon;2093;376.74;7
2026-W31;Игры разума;WB;4320;777.6;8
2026-W31;Шёпот времени;Litres;3510;631.8;9
2026-W31;Тихий сад;Ozon;1047;188.46;3
2026-W31;Северный экспресс;WB;1796;323.28;4
2026-W31;Дом у маяка;Litres;1495;269.1;5
2026-W31;Игры разума;Ozon;3240;583.2;6
2026-W31;Шёпот времени;WB;2730;491.4;7
2026-W31;Тихий сад;Litres;2792;502.56;8
2026-W31;Северный экспресс;Ozon;4041;727.38;9
2026-W31;Дом у маяка;WB;897;161.46;3
2026-W31;Игры разума;Litres;2160;388.8;4
2026-W31;Шёпот времени;Ozon;1950;351;5
2026-W31;Тихий сад;WB;2094;376.92;6
2026-W31;Северный экспресс;Litres;3143;565.74;7
2026-W31;Дом у маяка;Ozon;2392;430.56;8
2026-W31;Игры разума;WB;4860;874.8;9
2026-W31;Шёпот времени;Litres;1170;210.6;3
2026-W31;Тихий сад;Ozon;1396;251.28;4
2026-W31;Северный экспресс;WB;2245;404.1;5
2026-W31;Дом у маяка;Litres;1794;322.92;6
2026-W31;Игры разума;Ozon;3780;680.4;7
2026-W31;Шёпот времени;WB;3120;561.6;8
2026-W31;Тихий сад;Litres;3141;565.38;9
2026-W31;Северный экспресс;Ozon;1347;242.46;3
2026-W31;Дом у маяка;WB;1196;215.28;4
2026-W31;Игры разума;Litres;2700;486;5
2026-W31;Шёпот времени;Ozon;2340;421.2;6
2026-W31;Тихий сад;WB;2443;439.74;7
2026-W31;Северный экспресс;Litres;3592;646.56;8
2026-W31;Дом у маяка;Ozon;2691;484.38;9
2026-W31;Игры разума;WB;1620;291.6;3
2026-W31;Шёпот времени;Litres;1560;280.8;4
2026-W31;Тихий сад;Ozon;1745;314.1;5
2026-W31;Северный экспресс;WB;2694;484.92;6
2026-W31;Дом у маяка;Litres;2093;376.74;7
2026-W31;Игры разума;Ozon;4320;777.6;8
2026-W31;Шёпот времени;WB;3510;631.8;9
2026-W31;Тихий сад;Litres;1047;188.46;3
2026-W31;Северный экспресс;Ozon;1796;323.28;4
2026-W31;Дом у маяка;WB;1495;269.1;5
2026-W31;Игры разума;Litres;3240;583.2;6
2026-W31;Шёпот времени;Ozon;2730;491.4;7
2026-W31;Тихий сад;WB;2792;502.56;8
2026-W31;Северный экспресс;Litres;4041;727.38;9
2026-W31;Дом у маяка;Ozon;897;161.46;3
2026-W31;Игры разума;WB;2160;388.8;4
2026-W31;Шёпот времени;Litres;1950;351;5
2026-W31;Тихий сад;Ozon;2094;376.92;6
2026-W31;Северный экспресс;WB;3143;565.74;7
2026-W31;Дом у маяка;Litres;2392;430.56;8
2026-W31;Игры разума;Ozon;4860;874.8;9
2026-W31;Шёпот времени;WB;1170;210.6;3
2026-W31;Тихий сад;Litres;1396;251.28;4
2026-W31;Северный экспресс;Ozon;2245;404.1;5
2026-W31;Дом у маяка;WB;1794;322.92;6
2026-W31;Игры разума;Litres;3780;680.4;7
2026-W31;Шёпот времени;Ozon;3120;561.6;8
2026-W31;Тихий сад;WB;3141;565.38;9
2026-W31;Северный экспресс;Litres;1347;242.46;3
2026-W31;Дом у маяка;Ozon;1196;215.28;4
2026-W31;Игры разума;WB;2700;486;5
2026-W31;Шёпот времени;Litres;2340;421.2;6
2026-W31;Тихий сад;Ozon;2443;439.74;7
2026-W31;Северный экспресс;WB;3592;646.56;8
2026-W31;Дом у маяка;Litres;2691;484.38;9
2026-W31;Игры разума;Ozon;1620;291.6;3
2026-W31;Шёпот времени;WB;1560;280.8;4
2026-W31;Тихий сад;Litres;1745;314.1;5
2026-W31;Северный экспресс;Ozon;2694;484.92;6
2026-W31;Дом у маяка;WB;2093;376.74;7
2026-W31;Игры разума;Litres;4320;777.6;8
2026-W31;Шёпот времени;Ozon;3510;631.8;9
2026-W31;Тихий сад;WB;1047;188.46;3
2026-W31;Северный экспресс;Litres;1796;323.28;4
2026-W31;Дом у маяка;Ozon;1495;269.1;5
2026-W31;Игры разума;WB;3240;583.2;6
2026-W31;Шёпот времени;Litres;2730;491.4;7
2026-W31;Тихий сад;Ozon;2792;502.56;8
2026-W31;Северный экспресс;WB;4041;727.38;9
2026-W31;Дом у маяка;Litres;897;161.46;3
2026-W31;Игры разума;Ozon;2160;388.8;4
2026-W31;Шёпот времени;WB;1950;351;5
2026-W31;Тихий сад;Litres;2094;376.92;6
2026-W31;Северный экспресс;Ozon;3143;565.74;7
2026-W31;Дом у маяка;WB;2392;430.56;8
2026-W31;Игры разума;Litres;4860;874.8;9
2026-W31;Шёпот времени;Ozon;1170;210.6;3
2026-W31;Тихий сад;WB;1396;251.28;4
2026-W31;Северный экспресс;Litres;2245;404.1;5
2026-W31;Дом у маяка;Ozon;1794;322.92;6
2026-W31;Игры разума;WB;3780;680.4;7
2026-W31;Шёпот времени;Litres;3120;561.6;8
2026-W31;Тихий сад;Ozon;3141;565.38;9
2026-W31;Северный экспресс;WB;1347;242.46;3
2026-W31;Дом у маяка;Litres;1196;215.28;4
2026-W31;Игры разума;Ozon;2700;486;5
2026-W31;Шёпот времени;WB;2340;421.2;6
2026-W31;Тихий сад;Litres;2443;439.74;7
2026-W31;Северный экспресс;Ozon;3592;646.56;8
2026-W31;Дом у маяка;WB;2691;484.38;9
2026-W31;Игры разума;Litres;1620;291.6;3
2026-W31;Шёпот времени;Ozon;1560;280.8;4
2026-W31;Тихий сад;WB;1745;314.1;5
2026-W31;Северный экспресс;Litres;2694;484.92;6
2026-W31;Дом у маяка;Ozon;2093;376.74;7
2026-W31;Игры разума;WB;4320;777.6;8
2026-W31;Шёпот времени;Litres;3510;631.8;9
2026-W31;Тихий сад;Ozon;1047;188.46;3
2026-W31;Северный экспресс;WB;1796;323.28;4
2026-W31;Дом у маяка;Litres;1495;269.1;5
2026-W31;Игры разума;Ozon;3240;583.2;6
2026-W31;Шёпот времени;WB;2730;491.4;7
2026-W31;Тихий сад;Litres;2792;502.56;8
2026-W31;Северный экспресс;Ozon;4041;727.38;9
2026-W31;Дом у маяка;WB;897;161.46;3
2026-W31;Игры разума;Litres;2160;388.8;4
2026-W31;Шёпот времени;Ozon;1950;351;5
2026-W31;Тихий сад;WB;2094;376.92;6
2026-W31;Северный экспресс;Litres;3143;565.74;7
2026-W31;Дом у маяка;Ozon;2392;430.56;8
2026-W31;Игры разума;WB;4860;874.8;9
2026-W31;Шёпот времени;Litres;1170;210.6;3
2026-W31;Тихий сад;Ozon;1396;251.28;4
2026-W31;Северный экспресс;WB;2245;404.1;5
2026-W31;Дом у маяка;Litres;1794;322.92;6
2026-W31;Игры разума;Ozon;3780;680.4;7
2026-W31;Шёпот времени;WB;3120;561.6;8
2026-W31;Тихий сад;Litres;3141;565.38;9
2026-W31;Северный экспресс;Ozon;1347;242.46;3
2026-W31;Дом у маяка;WB;1196;215.28;4
2026-W31;Игры разума;Litres;2700;486;5
2026-W31;Шёпот времени;Ozon;2340;421.2;6
2026-W31;Тихий сад;WB;2443;439.74;7
2026-W31;Северный экспресс;Litres;3592;646.56;8
2026-W31;Дом у маяка;Ozon;2691;484.38;9
2026-W31;Игры разума;WB;1620;291.6;3
2026-W31;Шёпот времени;Litres;1560;280.8;4
2026-W31;Тихий сад;Ozon;1745;314.1;5
2026-W31;Северный экспресс;WB;2694;484.92;6
2026-W31;Дом у маяка;Litres;2093;376.74;7
2026-W31;Игры разума;Ozon;4320;777.6;8
2026-W31;Шёпот времени;WB;3510;631.8;9
2026-W31;Тихий сад;Litres;1047;188.46;3
2026-W31;Северный экспресс;Ozon;1796;323.28;4
2026-W31;Дом у маяка;WB;1495;269.1;5
2026-W31;Игры разума;Litres;3240;583.2;6
2026-W31;Шёпот времени;Ozon;2730;491.4;7
2026-W31;Тихий сад;WB;2792;502.56;8
2026-W31;Северный экспресс;Litres;4041;727.38;9
2026-W31;Дом у маяка;Ozon;897;161.46;3
2026-W31;Игры разума;WB;2160;388.8;4
2026-W31;Шёпот времени;Litres;1950;351;5
2026-W31;Тихий сад;Ozon;2094;376.92;6
2026-W31;Северный экспресс;WB;3143;565.74;7
2026-W31;Дом у маяка;Litres;2392;430.56;8
2026-W31;Игры разума;Ozon;4860;874.8;9
2026-W31;Шёпот времени;WB;1170;210.6;3
2026-W31;Тихий сад;Litres;1396;251.28;4
2026-W31;Северный экспресс;Ozon;2245;404.1;5
2026-W31;Дом у маяка;WB;1794;322.92;6
2026-W31;Игры разума;Litres;3780;680.4;7
2026-W31;Шёпот времени;Ozon;3120;561.6;8
2026-W31;Тихий сад;WB;3141;565.38;9
2026-W31;Северный экспресс;Litres;1347;242.46;3
2026-W31;Дом у маяка;Ozon;1196;215.28;4
2026-W31;Игры разума;WB;2700;486;5
2026-W31;Шёпот времени;Litres;2340;421.2;6
2026-W31;Тихий сад;Ozon;2443;439.74;7
2026-W31;Северный экспресс;WB;3592;646.56;8
2026-W31;Дом у маяка;Litres;2691;484.38;9
2026-W31;Игры разума;Ozon;1620;291.6;3
2026-W31;Шёпот времени;WB;1560;280.8;4
2026-W31;Тихий сад;Litres;1745;314.1;5
2026-W31;Северный экспресс;Ozon;2694;484.92;6
2026-W31;Дом у маяка;WB;2093;376.74;7
2026-W31;Игры разума;Litres;4320;777.6;8
2026-W31;Шёпот времени;Ozon;3510;631.8;9
2026-W31;Тихий сад;WB;1047;188.46;3
2026-W31;Северный экспресс;Litres;1796;323.28;4
2026-W31;Дом у маяка;Ozon;1495;269.1;5
2026-W31;Игры разума;WB;3240;583.2;6
2026-W31;Шёпот времени;Litres;2730;491.4;7
2026-W31;Тихий сад;Ozon;2792;502.56;8
2026-W31;Северный экспресс;WB;4041;727.38;9
2026-W31;Дом у маяка;Litres;897;161.46;3
2026-W31;Игры разума;Ozon;2160;388.8;4
2026-W31;Шёпот времени;WB;1950;351;5
2026-W31;Тихий сад;Litres;2094;376.92;6
2026-W31;Северный экспресс;Ozon;3143;565.74;7
2026-W31;Дом у маяка;WB;2392;430.56;8
2026-W31;Игры разума;Litres;4860;874.8;9
2026-W31;Шёпот времени;Ozon;1170;210.6;3
2026-W31;Тихий сад;WB;1396;251.28;4
2026-W31;Северный экспресс;Litres;2245;404.1;5
2026-W31;Дом у маяка;Ozon;1794;322.92;6
2026-W31;Игры разума;WB;3780;680.4;7
2026-W31;Шёпот времени;Litres;3120;561.6;8
2026-W31;Тихий сад;Ozon;3141;565.38;9
2026-W31;Северный экспресс;WB;1347;242.46;3
2026-W31;Дом у маяка;Litres;1196;215.28;4
2026-W31;Игры разума;Ozon;2700;486;5
2026-W31;Шёпот времени;WB;2340;421.2;6
2026-W31;Тихий сад;Litres;2443;439.74;7
2026-W31;Северный экспресс;Ozon;3592;646.56;8
2026-W31;Дом у маяка;WB;2691;484.38;9
2026-W31;Игры разума;Litres;1620;291.6;3
2026-W31;Шёпот времени;Ozon;1560;280.8;4
2026-W31;Тихий сад;WB;1745;314.1;5
2026-W31;Северный экспресс;Litres;2694;484.92;6
2026-W31;Дом у маяка;Ozon;2093;376.74;7
2026-W31;Игры разума;WB;4320;777.6;8
2026-W31;Шёпот времени;Litres;3510;631.8;9
2026-W31;Тихий сад;Ozon;1047;188.46;3
2026-W31;Северный экспресс;WB;1796;323.28;4
2026-W31;Дом у маяка;Litres;1495;269.1;5
2026-W31;Игры разума;Ozon;3240;583.2;6
2026-W31;Шёпот времени;WB;2730;491.4;7
2026-W31;Тихий сад;Litres;2792;502.56;8
2026-W31;Северный экспресс;Ozon;4041;727.38;9
2026-W31;Дом у маяка;WB;897;161.46;3
2026-W31;Игры разума;Litres;2160;388.8;4
2026-W31;Шёпот времени;Ozon;1950;351;5
2026-W31;Тихий сад;WB;2094;376.92;6
2026-W31;Северный экспресс;Litres;3143;565.74;7
2026-W31;Дом у маяка;Ozon;2392;430.56;8
2026-W31;Игры разума;WB;4860;874.8;9
2026-W31;Шёпот времени;Litres;1170;210.6;3
2026-W31;Тихий сад;Ozon;1396;251.28;4
2026-W31;Северный экспресс;WB;2245;404.1;5
2026-W31;Дом у маяка;Litres;1794;322.92;6
2026-W31;Игры разума;Ozon;3780;680.4;7
2026-W31;Шёпот времени;WB;3120;561.6;8
2026-W31;Тихий сад;Litres;3141;565.38;9
2026-W31;Северный экспресс;Ozon;1347;242.46;3
2026-W31;Дом у маяка;WB;1196;215.28;4
2026-W31;Игры разума;Litres;2700;486;5
2026-W31;Шёпот времени;Ozon;2340;421.2;6
2026-W31;Тихий сад;WB;2443;439.74;7
2026-W31;Северный экспресс;Litres;3592;646.56;8
2026-W31;Дом у маяка;Ozon;2691;484.38;9
2026-W31;Игры разума;WB;1620;291.6;3
2026-W31;Шёпот времени;Litres;1560;280.8;4
2026-W31;Тихий сад;Ozon;1745;314.1;5
2026-W31;Северный экспресс;WB;2694;484.92;6
2026-W31;Дом у маяка;Litres;2093;376.74;7
2026-W31;Игры разума;Ozon;4320;777.6;8
2026-W31;Шёпот времени;WB;3510;631.8;9
2026-W31;Тихий сад;Litres;1047;188.46;3
2026-W31;Северный экспресс;Ozon;1796;323.28;4
2026-W31;Дом у маяка;WB;1495;269.1;5
2026-W31;Игры разума;Litres;3240;583.2;6
2026-W31;Шёпот времени;Ozon;2730;491.4;7
2026-W31;Тихий сад;WB;2792;502.56;8
2026-W31;Северный экспресс;Litres;4041;727.38;9
2026-W31;Дом у маяка;Ozon;897;161.46;3
2026-W31;Игры разума;WB;2160;388.8;4
2026-W31;Шёпот времени;Litres;1950;351;5
2026-W31;Тихий сад;Ozon;2094;376.92;6
2026-W31;Северный экспресс;WB;3143;565.74;7
2026-W31;Дом у маяка;Litres;2392;430.56;8
2026-W31;Игры разума;Ozon;4860;874.8;9
2026-W31;Шёпот времени;WB;1170;210.6;3
2026-W31;Тихий сад;Litres;1396;251.28;4
2026-W31;Северный экспресс;Ozon;2245;404.1;5
2026-W31;Дом у маяка;WB;1794;322.92;6
2026-W31;Игры разума;Litres;3780;680.4;7
2026-W31;Шёпот времени;Ozon;3120;561.6;8
2026-W31;Тихий сад;WB;3141;565.38;9
2026-W31;Северный экспресс;Litres;1347;242.46;3
2026-W31;Дом у маяка;Ozon;1196;215.28;4
2026-W31;Игры разума;WB;2700;486;5
2026-W31;Шёпот времени;Litres;2340;421.2;6
2026-W31;Тихий сад;Ozon;2443;439.74;7
2026-W31;Северный экспресс;WB;3592;646.56;8
2026-W31;Дом у маяка;Litres;2691;484.38;9
2026-W31;Игры разума;Ozon;1620;291.6;3
2026-W31;Шёпот времени;WB;1560;280.8;4
2026-W31;Тихий сад;Litres;1745;314.1;5
2026-W31;Северный экспресс;Ozon;2694;484.92;6
2026-W31;Дом у маяка;WB;2093;376.74;7
2026-W31;Игры разума;Litres;4320;777.6;8
2026-W31;Шёпот времени;Ozon;3510;631.8;9
2026-W31;Тихий сад;WB;1047;188.46;3
2026-W31;Северный экспресс;Litres;1796;323.28;4
2026-W31;Дом у маяка;Ozon;1495;269.1;5
2026-W31;Игры разума;WB;3240;583.2;6
2026-W31;Шёпот времени;Litres;2730;491.4;7
2026-W31;Тихий сад;Ozon;2792;502.56;8
2026-W31;Северный экспресс;WB;4041;727.38;9
2026-W31;Дом у маяка;Litres;897;161.46;3
2026-W31;Игры разума;Ozon;2160;388.8;4
2026-W31;Шёпот времени;WB;1950;351;5
2026-W31;Тихий сад;Litres;2094;376.92;6
2026-W31;Северный экспресс;Ozon;3143;565.74;7
2026-W31;Дом у маяка;WB;2392;430.56;8
2026-W31;Игры разума;Litres;4860;874.8;9
2026-W31;Шёпот времени;Ozon;1170;210.6;3
2026-W31;Тихий сад;WB;1396;251.28;4
2026-W31;Северный экспресс;Litres;2245;404.1;5
2026-W31;Дом у маяка;Ozon;1794;322.92;6
2026-W31;Игры разума;WB;3780;680.4;7
2026-W31;Шёпот времени;Litres;3120;561.6;8
2026-W31;Тихий сад;Ozon;3141;565.38;9
2026-W31;Северный экспресс;WB;1347;242.46;3
2026-W31;Дом у маяка;Litres;1196;215.28;4
2026-W31;Игры разума;Ozon;2700;486;5
2026-W31;Шёпот времени;WB;2340;421.2;6
2026-W31;Тихий сад;Litres;2443;439.74;7
2026-W31;Северный экспресс;Ozon;3592;646.56;8
2026-W31;Дом у маяка;WB;2691;484.38;9
2026-W31;Игры разума;Litres;1620;291.6;3
2026-W31;Шёпот времени;Ozon;1560;280.8;4
2026-W31;Тихий сад;WB;1745;314.1;5
2026-W31;Северный экспресс;Litres;2694;484.92;6
2026-W31;Дом у маяка;Ozon;2093;376.74;7
2026-W31;Игры разума;WB;4320;777.6;8
2026-W31;Шёпот времени;Litres;3510;631.8;9
2026-W31;Тихий сад;Ozon;1047;188.46;3
2026-W31;Северный экспресс;WB;1796;323.28;4
2026-W31;Дом у маяка;Litres;1495;269.1;5
2026-W31;Игры разума;Ozon;3240;583.2;6
2026-W31;Шёпот времени;WB;2730;491.4;7
2026-W31;Тихий сад;Litres;2792;502.56;8
2026-W31;Северный экспресс;Ozon;4041;727.38;9
2026-W31;Дом у маяка;WB;897;161.46;3
2026-W31;Игры разума;Litres;2160;388.8;4
2026-W31;Шёпот времени;Ozon;1950;351;5
2026-W31;Тихий сад;WB;2094;376.92;6
2026-W31;Северный экспресс;Litres;3143;565.74;7
2026-W31;Дом у маяка;Ozon;2392;430.56;8
2026-W31;Игры разума;WB;4860;874.8;9
2026-W31;Шёпот времени;Litres;1170;210.6;3
2026-W31;Тихий сад;Ozon;1396;251.28;4
2026-W31;Северный экспресс;WB;2245;404.1;5
2026-W31;Дом у маяка;Litres;1794;322.92;6
2026-W31;Игры разума;Ozon;3780;680.4;7
2026-W31;Шёпот времени;WB;3120;561.6;8
2026-W31;Тихий сад;Litres;3141;565.38;9
2026-W31;Северный экспресс;Ozon;1347;242.46;3
2026-W31;Дом у маяка;WB;1196;215.28;4
2026-W31;Игры разума;Litres;2700;486;5
2026-W31;Шёпот времени;Ozon;2340;421.2;6
2026-W31;Тихий сад;WB;2443;439.74;7
2026-W31;Северный экспресс;Litres;3592;646.56;8
2026-W31;Дом у маяка;Ozon;2691;484.38;9
2026-W31;Игры разума;WB;1620;291.6;3
2026-W31;Шёпот времени;Litres;1560;280.8;4
2026-W31;Тихий сад;Ozon;1745;314.1;5
2026-W31;Северный экспресс;WB;2694;484.92;6
2026-W31;Дом у маяка;Litres;2093;376.74;7
2026-W31;Игры разума;Ozon;4320;777.6;8
2026-W31;Шёпот времени;WB;3510;631.8;9
2026-W31;Тихий сад;Litres;1047;188.46;3
2026-W31;Северный экспресс;Ozon;1796;323.28;4
2026-W31;Дом у маяка;WB;1495;269.1;5
2026-W31;Игры разума;Litres;3240;583.2;6
2026-W31;Шёпот времени;Ozon;2730;491.4;7
2026-W31;Тихий сад;WB;2792;502.56;8
2026-W31;Северный экспресс;Litres;4041;727.38;9
2026-W31;Дом у маяка;Ozon;897;161.46;3
2026-W31;Игры разума;WB;2160;388.8;4
2026-W31;Шёпот времени;Litres;1950;351;5
2026-W31;Тихий сад;Ozon;2094;376.92;6
2026-W31;Северный экспресс;WB;3143;565.74;7
2026-W31;Дом у маяка;Litres;2392;430.56;8
2026-W31;Игры разума;Ozon;4860;874.8;9
2026-W31;Шёпот времени;WB;1170;210.6;3
2026-W31;Тихий сад;Litres;1396;251.28;4
2026-W31;Северный экспресс;Ozon;2245;404.1;5
2026-W31;Дом у маяка;WB;1794;322.92;6
2026-W31;Игры разума;Litres;3780;680.4;7
2026-W31;Шёпот времени;Ozon;3120;561.6;8
2026-W31;Тихий сад;WB;3141;565.38;9
2026-W31;Северный экспресс;Litres;1347;242.46;3
2026-W31;Дом у маяка;Ozon;1196;215.28;4
2026-W31;Игры разума;WB;2700;486;5
2026-W31;Шёпот времени;Litres;2340;421.2;6
2026-W31;Тихий сад;Ozon;2443;439.74;7
2026-W31;Северный экспресс;WB;3592;646.56;8
2026-W31;Дом у маяка;Litres;2691;484.38;9
2026-W31;Игры разума;Ozon;1620;291.6;3
2026-W31;Шёпот времени;WB;1560;280.8;4
2026-W31;Тихий сад;Litres;1745;314.1;5
2026-W31;Северный экспресс;Ozon;2694;484.92;6
2026-W31;Дом у маяка;WB;2093;376.74;7
2026-W31;Игры разума;Litres;4320;777.6;8
2026-W31;Шёпот времени;Ozon;3510;631.8;9
2026-W31;Тихий сад;WB;1047;188.46;3
2026-W31;Северный экспресс;Litres;1796;323.28;4
2026-W31;Дом у маяка;Ozon;1495;269.1;5
2026-W31;Игры разума;WB;3240;583.2;6
2026-W31;Шёпот времени;Litres;2730;491.4;7
2026-W31;Тихий сад;Ozon;2792;502.56;8
2026-W31;Северный экспресс;WB;4041;727.38;9
2026-W31;Дом у маяка;Litres;897;161.46;3
2026-W31;Игры разума;Ozon;2160;388.8;4
2026-W31;Шёпот времени;WB;1950;351;5
2026-W31;Тихий сад;Litres;2094;376.92;6
2026-W31;Северный экспресс;Ozon;3143;565.74;7
2026-W31;Дом у маяка;WB;2392;430.56;8
2026-W31;Игры разума;Litres;4860;874.8;9
2026-W31;Шёпот времени;Ozon;1170;210.6;3
2026-W31;Тихий сад;WB;1396;251.28;4
2026-W31;Северный экспресс;Litres;2245;404.1;5
2026-W31;Дом у маяка;Ozon;1794;322.92;6
2026-W31;Игры разума;WB;3780;680.4;7
2026-W31;Шёпот времени;Litres;3120;561.6;8
2026-W31;Тихий сад;Ozon;3141;565.38;9
2026-W31;Северный экспресс;WB;1347;242.46;3
2026-W31;Дом у маяка;Litres;1196;215.28;4
2026-W31;Игры разума;Ozon;2700;486;5
2026-W31;Шёпот времени;WB;2340;421.2;6
2026-W31;Тихий сад;Litres;2443;439.74;7
2026-W31;Северный экспресс;Ozon;3592;646.56;8
2026-W31;Дом у маяка;WB;2691;484.38;9
2026-W31;Игры разума;Litres;1620;291.6;3
2026-W31;Шёпот времени;Ozon;1560;280.8;4
2026-W31;Тихий сад;WB;1745;314.1;5
2026-W31;Северный экспресс;Litres;2694;484.92;6
2026-W31;Дом у маяка;Ozon;2093;376.74;7
2026-W31;Игры разума;WB;4320;777.6;8
2026-W31;Шёпот времени;Litres;3510;631.8;9
2026-W31;Тихий сад;Ozon;1047;188.46;3
2026-W31;Северный экспресс;WB;1796;323.28;4
2026-W31;Дом у маяка;Litres;1495;269.1;5
2026-W31;Игры разума;Ozon;3240;583.2;6
2026-W31;Шёпот времени;WB;2730;491.4;7
2026-W31;Тихий сад;Litres;2792;502.56;8
2026-W31;Северный экспресс;Ozon;4041;727.38;9
2026-W31;Дом у маяка;WB;897;161.46;3
2026-W31;Игры разума;Litres;2160;388.8;4
2026-W31;Шёпот времени;Ozon;1950;351;5
2026-W31;Тихий сад;WB;2094;376.92;6
2026-W31;Северный экспресс;Litres;3143;565.74;7
2026-W31;Дом у маяка;Ozon;2392;430.56;8
2026-W31;Игры разума;WB;4860;874.8;9
2026-W31;Шёпот времени;Litres;1170;210.6;3
2026-W31;Тихий сад;Ozon;1396;251.28;4
2026-W31;Северный экспресс;WB;2245;404.1;5
2026-W31;Дом у маяка;Litres;1794;322.92;6
2026-W31;Игры разума;Ozon;3780;680.4;7
2026-W31;Шёпот времени;WB;3120;561.6;8
2026-W31;Тихий сад;Litres;3141;565.38;9
2026-W31;Северный экспресс;Ozon;1347;242.46;3
2026-W31;Дом у маяка;WB;1196;215.28;4
2026-W31;Игры разума;Litres;2700;486;5
2026-W31;Шёпот времени;Ozon;2340;421.2;6
2026-W31;Тихий сад;WB;2443;439.74;7
2026-W31;Северный экспресс;Litres;3592;646.56;8
2026-W31;Дом у маяка;Ozon;2691;484.38;9
2026-W31;Игры разума;WB;1620;291.6;3
2026-W31;Шёпот времени;Litres;1560;280.8;4
2026-W31;Тихий сад;Ozon;1745;314.1;5
2026-W31;Северный экспресс;WB;2694;484.92;6
2026-W31;Дом у маяка;Litres;2093;376.74;7
2026-W31;Игры разума;Ozon;4320;777.6;8
2026-W31;Шёпот времени;WB;3510;631.8;9
2026-W31;Тихий сад;Litres;1047;188.46;3
2026-W31;Северный экспресс;Ozon;1796;323.28;4
2026-W31;Дом у маяка;WB;1495;269.1;5
2026-W31;Игры разума;Litres;3240;583.2;6
2026-W31;Шёпот времени;Ozon;2730;491.4;7
2026-W31;Тихий сад;WB;2792;502.56;8
2026-W31;Северный экспресс;Litres;4041;727.38;9
2026-W31;Дом у маяка;Ozon;897;161.46;3
2026-W31;Игры разума;WB;2160;388.8;4
2026-W31;Шёпот времени;Litres;1950;351;5
2026-W31;Тихий сад;Ozon;2094;376.92;6
2026-W31;Северный экспресс;WB;3143;565.74;7
2026-W31;Дом у маяка;Litres;2392;430.56;8
2026-W31;Игры разума;Ozon;4860;874.8;9
2026-W31;Шёпот времени;WB;1170;210.6;3
2026-W31;Тихий сад;Litres;1396;251.28;4
2026-W31;Северный экспресс;Ozon;2245;404.1;5
2026-W31;Дом у маяка;WB;1794;322.92;6
2026-W31;Игры разума;Litres;3780;680.4;7
2026-W31;Шёпот времени;Ozon;3120;561.6;8
2026-W31;Тихий сад;WB;3141;565.38;9
2026-W31;Северный экспресс;Litres;1347;242.46;3
2026-W31;Дом у маяка;Ozon;1196;215.28;4
2026-W31;Игры разума;WB;2700;486;5
2026-W31;Шёпот времени;Litres;2340;421.2;6
2026-W31;Тихий сад;Ozon;2443;439.74;7
2026-W31;Северный экспресс;WB;3592;646.56;8
2026-W31;Дом у маяка;Litres;2691;484.38;9
2026-W31;Игры разума;Ozon;1620;291.6;3
2026-W31;Шёпот времени;WB;1560;280.8;4
2026-W31;Тихий сад;Litres;1745;314.1;5
2026-W31;Северный экспресс;Ozon;2694;484.92;6
2026-W31;Дом у маяка;WB;2093;376.74;7
2026-W31;Игры разума;Litres;4320;777.6;8
2026-W31;Шёпот времени;Ozon;3510;631.8;9
2026-W31;Тихий сад;WB;1047;188.46;3
2026-W31;Северный экспресс;Litres;1796;323.28;4
2026-W31;Дом у маяка;Ozon;1495;269.1;5
2026-W31;Игры разума;WB;3240;583.2;6
2026-W31;Шёпот времени;Litres;2730;491.4;7
2026-W31;Тихий сад;Ozon;2792;502.56;8
2026-W31;Северный экспресс;WB;4041;727.38;9
2026-W31;Дом у маяка;Litres;897;161.46;3
2026-W31;Игры разума;Ozon;2160;388.8;4
2026-W31;Шёпот времени;WB;1950;351;5
2026-W31;Тихий сад;Litres;2094;376.92;6
2026-W31;Северный экспресс;Ozon;3143;565.74;7
2026-W31;Дом у маяка;WB;2392;430.56;8
2026-W31;Игры разума;Litres;4860;874.8;9
2026-W31;Шёпот времени;Ozon;1170;210.6;3
2026-W31;Тихий сад;WB;1396;251.28;4
2026-W31;Северный экспресс;Litres;2245;404.1;5
2026-W31;Дом у маяка;Ozon;1794;322.92;6
2026-W31;Игры разума;WB;3780;680.4;7
2026-W31;Шёпот времени;Litres;3120;561.6;8
2026-W31;Тихий сад;Ozon;3141;565.38;9
2026-W31;Северный экспресс;WB;1347;242.46;3
2026-W31;Дом у маяка;Litres;1196;215.28;4
2026-W31;Игры разума;Ozon;2700;486;5
2026-W31;Шёпот времени;WB;2340;421.2;6
2026-W31;Тихий сад;Litres;2443;439.74;7
2026-W31;Северный экспресс;Ozon;3592;646.56;8
2026-W31;Дом у маяка;WB;2691;484.38;9
2026-W31;Игры разума;Litres;1620;291.6;3
2026-W31;Шёпот времени;Ozon;1560;280.8;4
2026-W31;Тихий сад;WB;1745;314.1;5
2026-W31;Северный экспресс;Litres;2694;484.92;6
2026-W31;Дом у маяка;Ozon;2093;376.74;7
2026-W31;Игры разума;WB;4320;777.6;8
2026-W31;Шёпот времени;Litres;3510;631.8;9
2026-W31;Тихий сад;Ozon;1047;188.46;3
2026-W31;Северный экспресс;WB;1796;323.28;4
2026-W31;Дом у маяка;Litres;1495;269.1;5
2026-W31;Игры разума;Ozon;3240;583.2;6
2026-W31;Шёпот времени;WB;2730;491.4;7
2026-W31;Тихий сад;Litres;2792;502.56;8
2026-W31;Северный экспресс;Ozon;4041;727.38;9
2026-W31;Дом у маяка;WB;897;161.46;3
2026-W31;Игры разума;Litres;2160;388.8;4
2026-W31;Шёпот времени;Ozon;1950;351;5
2026-W31;Тихий сад;WB;2094;376.92;6
2026-W31;Северный экспресс;Litres;3143;565.74;7
2026-W31;Дом у маяка;Ozon;2392;430.56;8
2026-W31;Игры разума;WB;4860;874.8;9
2026-W31;Шёпот времени;Litres;1170;210.6;3
2026-W31;Тихий сад;Ozon;1396;251.28;4
2026-W31;Северный экспресс;WB;2245;404.1;5
2026-W31;Дом у маяка;Litres;1794;322.92;6
2026-W31;Игры разума;Ozon;3780;680.4;7
2026-W31;Шёпот времени;WB;3120;561.6;8
2026-W31;Тихий сад;Litres;3141;565.38;9
2026-W31;Северный экспресс;Ozon;1347;242.46;3
2026-W31;Дом у маяка;WB;1196;215.28;4
2026-W31;Игры разума;Litres;2700;486;5
2026-W31;Шёпот времени;Ozon;2340;421.2;6
2026-W31;Тихий сад;WB;2443;439.74;7
2026-W31;Северный экспресс;Litres;3592;646.56;8
2026-W31;Дом у маяка;Ozon;2691;484.38;9
2026-W31;Игры разума;WB;1620;291.6;3
2026-W31;Шёпот времени;Litres;1560;280.8;4
2026-W31;Тихий сад;Ozon;1745;314.1;5
2026-W31;Северный экспресс;WB;2694;484.92;6
2026-W31;Дом у маяка;Litres;2093;376.74;7
2026-W31;Игры разума;Ozon;4320;777.6;8
2026-W31;Шёпот времени;WB;3510;631.8;9
2026-W31;Тихий сад;Litres;1047;188.46;3
2026-W31;Северный экспресс;Ozon;1796;323.28;4
2026-W31;Дом у маяка;WB;1495;269.1;5
2026-W31;Игры разума;Litres;3240;583.2;6
2026-W31;Шёпот времени;Ozon;2730;491.4;7
2026-W31;Тихий сад;WB;2792;502.56;8
2026-W31;Северный экспресс;Litres;4041;727.38;9
2026-W31;Дом у маяка;Ozon;897;161.46;3
2026-W31;Игры разума;WB;2160;388.8;4
2026-W31;Шёпот времени;Litres;1950;351;5
2026-W31;Тихий сад;Ozon;2094;376.92;6
2026-W31;Северный экспресс;WB;3143;565.74;7
2026-W31;Дом у маяка;Litres;2392;430.56;8
2026-W31;Игры разума;Ozon;4860;874.8;9
2026-W31;Шёпот времени;WB;1170;210.6;3
2026-W31;Тихий сад;Litres;1396;251.28;4
2026-W31;Северный экспресс;Ozon;2245;404.1;5
2026-W31;Дом у маяка;WB;1794;322.92;6
2026-W31;Игры разума;Litres;3780;680.4;7
2026-W31;Шёпот времени;Ozon;3120;561.6;8
2026-W31;Тихий сад;WB;3141;565.38;9
2026-W31;Северный экспресс;Litres;1347;242.46;3
2026-W31;Дом у маяка;Ozon;1196;215.28;4
2026-W31;Игры разума;WB;2700;486;5
2026-W31;Шёпот времени;Litres;2340;421.2;6
2026-W31;Тихий сад;Ozon;2443;439.74;7
2026-W31;Северный экспресс;WB;3592;646.56;8
2026-W31;Дом у маяка;Litres;2691;484.38;9
2026-W31;Игры разума;Ozon;1620;291.6;3
2026-W31;Шёпот времени;WB;1560;280.8;4
2026-W31;Тихий сад;Litres;1745;314.1;5
2026-W31;Северный экспресс;Ozon;2694;484.92;6
2026-W31;Дом у маяка;WB;2093;376.74;7
2026-W31;Игры разума;Litres;4320;777.6;8
2026-W31;Шёпот времени;Ozon;3510;631.8;9
2026-W31;Тихий сад;WB;1047;188.46;3
2026-W31;Северный экспресс;Litres;1796;323.28;4
2026-W31;Дом у маяка;Ozon;1495;269.1;5
2026-W31;Игры разума;WB;3240;583.2;6
2026-W31;Шёпот времени;Litres;2730;491.4;7
2026-W31;Тихий сад;Ozon;2792;502.56;8
2026-W31;Северный экспресс;WB;4041;727.38;9
2026-W31;Дом у маяка;Litres;897;161.46;3
2026-W31;Игры разума;Ozon;2160;388.8;4
2026-W31;Шёпот времени;WB;1950;351;5
2026-W31;Тихий сад;Litres;2094;376.92;6
2026-W31;Северный экспресс;Ozon;3143;565.74;7
2026-W31;Дом у маяка;WB;2392;430.56;8
2026-W31;Игры разума;Litres;4860;874.8;9
2026-W31;Шёпот времени;Ozon;1170;210.6;3
2026-W31;Тихий сад;WB;1396;251.28;4
2026-W31;Северный экспресс;Litres;2245;404.1;5
2026-W31;Дом у маяка;Ozon;1794;322.92;6
2026-W31;Игры разума;WB;3780;680.4;7
2026-W31;Шёпот времени;Litres;3120;561.6;8
2026-W31;Тихий сад;Ozon;3141;565.38;9
2026-W31;Северный экспресс;WB;1347;242.46;3
2026-W31;Дом у маяка;Litres;1196;215.28;4
2026-W31;Игры разума;Ozon;2700;486;5
2026-W31;Шёпот времени;WB;2340;421.2;6
2026-W31;Тихий сад;Litres;2443;439.74;7
2026-W31;Северный экспресс;Ozon;3592;646.56;8
2026-W31;Дом у маяка;WB;2691;484.38;9
2026-W31;Игры разума;Litres;1620;291.6;3
2026-W31;Шёпот времени;Ozon;1560;280.8;4
2026-W31;Тихий сад;WB;1745;314.1;5
2026-W31;Северный экспресс;Litres;2694;484.92;6
2026-W31;Дом у маяка;Ozon;2093;376.74;7
2026-W31;Игры разума;WB;4320;777.6;8
2026-W31;Шёпот времени;Litres;3510;631.8;9
2026-W31;Тихий сад;Ozon;1047;188.46;3
2026-W31;Северный экспресс;WB;1796;323.28;4
2026-W31;Дом у маяка;Litres;1495;269.1;5
2026-W31;Игры разума;Ozon;3240;583.2;6
2026-W31;Шёпот времени;WB;2730;491.4;7
2026-W31;Тихий сад;Litres;2792;502.56;8
2026-W31;Северный экспресс;Ozon;4041;727.38;9
2026-W31;Дом у маяка;WB;897;161.46;3
2026-W31;Игры разума;Litres;2160;388.8;4
2026-W31;Шёпот времени;Ozon;1950;351;5
2026-W31;Тихий сад;WB;2094;376.92;6
2026-W31;Северный экспресс;Litres;3143;565.74;7
2026-W31;Дом у маяка;Ozon;2392;430.56;8
2026-W31;Игры разума;WB;4860;874.8;9
2026-W31;Шёпот времени;Litres;1170;210.6;3
2026-W31;Тихий сад;Ozon;1396;251.28;4
2026-W31;Северный экспресс;WB;2245;404.1;5
2026-W31;Дом у маяка;Litres;1794;322.92;6
2026-W31;Игры разума;Ozon;3780;680.4;7
2026-W31;Шёпот времени;WB;3120;561.6;8
2026-W31;Тихий сад;Litres;3141;565.38;9
2026-W31;Северный экспресс;Ozon;1347;242.46;3
2026-W31;Дом у маяка;WB;1196;215.28;4
2026-W31;Игры разума;Litres;2700;486;5
2026-W31;Шёпот времени;Ozon;2340;421.2;6
2026-W31;Тихий сад;WB;2443;439.74;7
2026-W31;Северный экспресс;Litres;3592;646.56;8
2026-W31;Дом у маяка;Ozon;2691;484.38;9
2026-W31;Игры разума;WB;1620;291.6;3
2026-W31;Шёпот времени;Litres;1560;280.8;4
2026-W31;Тихий сад;Ozon;1745;314.1;5
2026-W31;Северный экспресс;WB;2694;484.92;6
2026-W31;Дом у маяка;Litres;2093;376.74;7
2026-W31;Игры разума;Ozon;4320;777.6;8
2026-W31;Шёпот времени;WB;3510;631.8;9
2026-W31;Тихий сад;Litres;1047;188.46;3
2026-W31;Северный экспресс;Ozon;1796;323.28;4
2026-W31;Дом у маяка;WB;1495;269.1;5
2026-W31;Игры разума;Litres;3240;583.2;6
2026-W31;Шёпот времени;Ozon;2730;491.4;7
2026-W31;Тихий сад;WB;2792;502.56;8
2026-W31;Северный экспресс;Litres;4041;727.38;9
2026-W31;Дом у маяка;Ozon;897;161.46;3
2026-W31;Игры разума;WB;2160;388.8;4
2026-W31;Шёпот времени;Litres;1950;351;5
2026-W31;Тихий сад;Ozon;2094;376.92;6
2026-W31;Северный экспресс;WB;3143;565.74;7
2026-W31;Дом у маяка;Litres;2392;430.56;8
2026-W31;Игры разума;Ozon;4860;874.8;9
2026-W31;Шёпот времени;WB;1170;210.6;3
2026-W31;Тихий сад;Litres;1396;251.28;4
2026-W31;Северный экспресс;Ozon;2245;404.1;5
2026-W31;Дом у маяка;WB;1794;322.92;6
2026-W31;Игры разума;Litres;3780;680.4;7
2026-W31;Шёпот времени;Ozon;3120;561.6;8
2026-W31;Тихий сад;WB;3141;565.38;9
2026-W31;Северный экспресс;Litres;1347;242.46;3
2026-W31;Дом у маяка;Ozon;1196;215.28;4
2026-W31;Игры разума;WB;2700;486;5
2026-W31;Шёпот времени;Litres;2340;421.2;6
2026-W31;Тихий сад;Ozon;2443;439.74;7
2026-W31;Северный экспресс;WB;3592;646.56;8
2026-W31;Дом у маяка;Litres;2691;484.38;9
2026-W31;Игры разума;Ozon;1620;291.6;3
2026-W31;Шёпот времени;WB;1560;280.8;4
2026-W31;Тихий сад;Litres;1745;314.1;5
2026-W31;Северный экспресс;Ozon;2694;484.92;6
2026-W31;Дом у маяка;WB;2093;376.74;7
2026-W31;Игры разума;Litres;4320;777.6;8
2026-W31;Шёпот времени;Ozon;3510;631.8;9
2026-W31;Тихий сад;WB;1047;188.46;3
2026-W31;Северный экспресс;Litres;1796;323.28;4
2026-W31;Дом у маяка;Ozon;1495;269.1;5
2026-W31;Игры разума;WB;3240;583.2;6
2026-W31;Шёпот времени;Litres;2730;491.4;7
2026-W31;Тихий сад;Ozon;2792;502.56;8
2026-W31;Северный экспресс;WB;4041;727.38;9
2026-W31;Дом у маяка;Litres;897;161.46;3
2026-W31;Игры разума;Ozon;2160;388.8;4
2026-W31;Шёпот времени;WB;1950;351;5
2026-W31;Тихий сад;Litres;2094;376.92;6
2026-W31;Северный экспресс;Ozon;3143;565.74;7
2026-W31;Дом у маяка;WB;2392;430.56;8
2026-W31;Игры разума;Litres;4860;874.8;9
2026-W31;Шёпот времени;Ozon;1170;210.6;3
2026-W31;Тихий сад;WB;1396;251.28;4
2026-W31;Северный экспресс;Litres;2245;404.1;5
2026-W31;Дом у маяка;Ozon;1794;322.92;6
2026-W31;Игры разума;WB;3780;680.4;7
2026-W31;Шёпот времени;Litres;3120;561.6;8
2026-W31;Тихий сад;Ozon;3141;565.38;9
2026-W31;Северный экспресс;WB;1347;242.46;3
2026-W31;Дом у маяка;Litres;1196;215.28;4
2026-W31;Игры разума;Ozon;2700;486;5
2026-W31;Шёпот времени;WB;2340;421.2;6
2026-W31;Тихий сад;Litres;2443;439.74;7
2026-W31;Северный экспресс;Ozon;3592;646.56;8
2026-W31;Дом у маяка;WB;2691;484.38;9
2026-W31;Игры разума;Litres;1620;291.6;3
2026-W31;Шёпот времени;Ozon;1560;280.8;4
2026-W31;Тихий сад;WB;1745;314.1;5
2026-W31;Северный экспресс;Litres;2694;484.92;6
2026-W31;Дом у маяка;Ozon;2093;376.74;7
2026-W31;Игры разума;WB;4320;777.6;8
2026-W31;Шёпот времени;Litres;3510;631.8;9
2026-W31;Тихий сад;Ozon;1047;188.46;3
2026-W31;Северный экспресс;WB;1796;323.28;4
2026-W31;Дом у маяка;Litres;1495;269.1;5
2026-W31;Игры разума;Ozon;3240;583.2;6
2026-W31;Шёпот времени;WB;2730;491.4;7
2026-W31;Тихий сад;Litres;2792;502.56;8
2026-W31;Северный экспресс;Ozon;4041;727.38;9
2026-W31;Дом у маяка;WB;897;161.46;3
2026-W31;Игры разума;Litres;2160;388.8;4
2026-W31;Шёпот времени;Ozon;1950;351;5
2026-W31;Тихий сад;WB;2094;376.92;6
2026-W31;Северный экспресс;Litres;3143;565.74;7
2026-W31;Дом у маяка;Ozon;2392;430.56;8
2026-W31;Игры разума;WB;4860;874.8;9
2026-W31;Шёпот времени;Litres;1170;210.6;3
2026-W31;Тихий сад;Ozon;1396;251.28;4
2026-W31;Северный экспресс;WB;2245;404.1;5
2026-W31;Дом у маяка;Litres;1794;322.92;6
2026-W31;Игры разума;Ozon;3780;680.4;7
2026-W31;Шёпот времени;WB;3120;561.6;8
2026-W31;Тихий сад;Litres;3141;565.38;9
2026-W31;Северный экспресс;Ozon;1347;242.46;3
2026-W31;Дом у маяка;WB;1196;215.28;4
2026-W31;Игры разума;Litres;2700;486;5
2026-W31;Шёпот времени;Ozon;2340;421.2;6
2026-W31;Тихий сад;WB;2443;439.74;7
2026-W31;Северный экспресс;Litres;3592;646.56;8
2026-W31;Дом у маяка;Ozon;2691;484.38;9
2026-W31;Игры разума;WB;1620;291.6;3
2026-W31;Шёпот времени;Litres;1560;280.8;4
2026-W31;Тихий сад;Ozon;1745;314.1;5
2026-W31;Северный экспресс;WB;2694;484.92;6
2026-W31;Дом у маяка;Litres;2093;376.74;7
2026-W31;Игры разума;Ozon;4320;777.6;8
2026-W31;Шёпот времени;WB;3510;631.8;9
2026-W31;Тихий сад;Litres;1047;188.46;3
2026-W31;Северный экспресс;Ozon;1796;323.28;4
2026-W31;Дом у маяка;WB;1495;269.1;5
2026-W31;Игры разума;Litres;3240;583.2;6
2026-W31;Шёпот времени;Ozon;2730;491.4;7
2026-W31;Тихий сад;WB;2792;502.56;8
2026-W31;Северный экспресс;Litres;4041;727.38;9
2026-W31;Дом у маяка;Ozon;897;161.46;3
2026-W31;Игры разума;WB;2160;388.8;4
2026-W31;Шёпот времени;Litres;1950;351;5
2026-W31;Тихий сад;Ozon;2094;376.92;6
2026-W31;Северный экспресс;WB;3143;565.74;7
2026-W31;Дом у маяка;Litres;2392;430.56;8
2026-W31;Игры разума;Ozon;4860;874.8;9
2026-W31;Шёпот времени;WB;1170;210.6;3
2026-W31;Тихий сад;Litres;1396;251.28;4
2026-W31;Северный экспресс;Ozon;2245;404.1;5
2026-W31;Дом у маяка;WB;1794;322.92;6
2026-W31;Игры разума;Litres;3780;680.4;7
2026-W31;Шёпот времени;Ozon;3120;561.6;8
2026-W31;Тихий сад;WB;3141;565.38;9
2026-W31;Северный экспресс;Litres;1347;242.46;3
2026-W31;Дом у маяка;Ozon;1196;215.28;4
2026-W31;Игры разума;WB;2700;486;5
2026-W31;Шёпот времени;Litres;2340;421.2;6
2026-W31;Тихий сад;Ozon;2443;439.74;7
2026-W31;Северный экспресс;WB;3592;646.56;8
2026-W31;Дом у маяка;Litres;2691;484.38;9
2026-W31;Игры разума;Ozon;1620;291.6;3
2026-W31;Шёпот времени;WB;1560;280.8;4
2026-W31;Тихий сад;Litres;1745;314.1;5
2026-W31;Северный экспресс;Ozon;2694;484.92;6
2026-W31;Дом у маяка;WB;2093;376.74;7
2026-W31;Игры разума;Litres;4320;777.6;8
2026-W31;Шёпот времени;Ozon;3510;631.8;9
2026-W31;Тихий сад;WB;1047;188.46;3
2026-W31;Северный экспресс;Litres;1796;323.28;4
2026-W31;Дом у маяка;Ozon;1495;269.1;5
2026-W31;Игры разума;WB;3240;583.2;6
2026-W31;Шёпот времени;Litres;2730;491.4;7
2026-W31;Тихий сад;Ozon;2792;502.56;8
2026-W31;Северный экспресс;WB;4041;727.38;9
2026-W31;Дом у маяка;Litres;897;161.46;3
2026-W31;Игры разума;Ozon;2160;388.8;4
2026-W31;Шёпот времени;WB;1950;351;5
2026-W31;Тихий сад;Litres;2094;376.92;6
2026-W31;Северный экспресс;Ozon;3143;565.74;7
2026-W31;Дом у маяка;WB;2392;430.56;8
2026-W31;Игры разума;Litres;4860;874.8;9
2026-W31;Шёпот времени;Ozon;1170;210.6;3
2026-W31;Тихий сад;WB;1396;251.28;4
2026-W31;Северный экспресс;Litres;2245;404.1;5
2026-W31;Дом у маяка;Ozon;1794;322.92;6
2026-W31;Игры разума;WB;3780;680.4;7
2026-W31;Шёпот времени;Litres;3120;561.6;8
2026-W31;Тихий сад;Ozon;3141;565.38;9
2026-W31;Северный экспресс;WB;1347;242.46;3
2026-W31;Дом у маяка;Litres;1196;215.28;4
2026-W31;Игры разума;Ozon;2700;486;5
2026-W31;Шёпот времени;WB;2340;421.2;6
2026-W31;Тихий сад;Litres;2443;439.74;7
2026-W31;Северный экспресс;Ozon;3592;646.56;8
2026-W31;Дом у маяка;WB;2691;484.38;9
2026-W31;Игры разума;Litres;1620;291.6;3
2026-W31;Шёпот времени;Ozon;1560;280.8;4
2026-W31;Тихий сад;WB;1745;314.1;5
2026-W31;Северный экспресс;Litres;2694;484.92;6
2026-W31;Дом у маяка;Ozon;2093;376.74;7
2026-W31;Игры разума;WB;4320;777.6;8
2026-W31;Шёпот времени;Litres;3510;631.8;9
2026-W31;Тихий сад;Ozon;1047;188.46;3
2026-W31;Северный экспресс;WB;1796;323.28;4
2026-W31;Дом у маяка;Litres;1495;269.1;5
2026-W31;Игры разума;Ozon;3240;583.2;6
2026-W31;Шёпот времени;WB;2730;491.4;7
2026-W31;Тихий сад;Litres;2792;502.56;8
2026-W31;Северный экспресс;Ozon;4041;727.38;9
2026-W31;Дом у маяка;WB;897;161.46;3
2026-W31;Игры разума;Litres;2160;388.8;4
2026-W31;Шёпот времени;Ozon;1950;351;5
2026-W31;Тихий сад;WB;2094;376.92;6
2026-W31;Северный экспресс;Litres;3143;565.74;7
2026-W31;Дом у маяка;Ozon;2392;430.56;8
2026-W31;Игры разума;WB;4860;874.8;9
2026-W31;Шёпот времени;Litres;1170;210.6;3
2026-W31;Тихий сад;Ozon;1396;251.28;4
2026-W31;Северный экспресс;WB;2245;404.1;5
2026-W31;Дом у маяка;Litres;1794;322.92;6
2026-W31;Игры разума;Ozon;3780;680.4;7
2026-W31;Шёпот времени;WB;3120;561.6;8
2026-W31;Тихий сад;Litres;3141;565.38;9
2026-W31;Северный экспресс;Ozon;1347;242.46;3
2026-W31;Дом у маяка;WB;1196;215.28;4
2026-W31;Игры разума;Litres;2700;486;5
2026-W31;Шёпот времени;Ozon;2340;421.2;6
2026-W31;Тихий сад;WB;2443;439.74;7
2026-W31;Северный экспресс;Litres;3592;646.56;8
2026-W31;Дом у маяка;Ozon;2691;484.38;9
2026-W31;Игры разума;WB;1620;291.6;3
2026-W31;Шёпот времени;Litres;1560;280.8;4
2026-W31;Тихий сад;Ozon;1745;314.1;5
2026-W31;Северный экспресс;WB;2694;484.92;6
2026-W31;Дом у маяка;Litres;2093;376.74;7
2026-W31;Игры разума;Ozon;4320;777.6;8
2026-W31;Шёпот времени;WB;3510;631.8;9
2026-W31;Тихий сад;Litres;1047;188.46;3
2026-W31;Северный экспресс;Ozon;1796;323.28;4
2026-W31;Дом у маяка;WB;1495;269.1;5
2026-W31;Игры разума;Litres;3240;583.2;6
2026-W31;Шёпот времени;Ozon;2730;491.4;7
2026-W31;Тихий сад;WB;2792;502.56;8
2026-W31;Северный экспресс;Litres;4041;727.38;9
2026-W31;Дом у маяка;Ozon;897;161.46;3
2026-W31;Игры разума;WB;2160;388.8;4
2026-W31;Шёпот времени;Litres;1950;351;5
2026-W31;Тихий сад;Ozon;2094;376.92;6
2026-W31;Северный экспресс;WB;3143;565.74;7
2026-W31;Дом у маяка;Litres;2392;430.56;8
2026-W31;Игры разума;Ozon;4860;874.8;9
2026-W31;Шёпот времени;WB;1170;210.6;3
2026-W31;Тихий сад;Litres;1396;251.28;4
2026-W31;Северный экспресс;Ozon;2245;404.1;5
2026-W31;Дом у маяка;WB;1794;322.92;6
2026-W31;Игры разума;Litres;3780;680.4;7
2026-W31;Шёпот времени;Ozon;3120;561.6;8
2026-W31;Тихий сад;WB;3141;565.38;9
2026-W31;Северный экспресс;Litres;1347;242.46;3
2026-W31;Дом у маяка;Ozon;1196;215.28;4
2026-W31;Игры разума;WB;2700;486;5
2026-W31;Шёпот времени;Litres;2340;421.2;6
2026-W31;Тихий сад;Ozon;2443;439.74;7
2026-W31;Северный экспресс;WB;3592;646.56;8
2026-W31;Дом у маяка;Litres;2691;484.38;9
2026-W31;Игры разума;Ozon;1620;291.6;3
2026-W31;Шёпот времени;WB;1560;280.8;4
2026-W31;Тихий сад;Litres;1745;314.1;5
2026-W31;Северный экспресс;Ozon;2694;484.92;6
2026-W31;Дом у маяка;WB;2093;376.74;7
2026-W31;Игры разума;Litres;4320;777.6;8
2026-W31;Шёпот времени;Ozon;3510;631.8;9
2026-W31;Тихий сад;WB;1047;188.46;3
2026-W31;Северный экспресс;Litres;1796;323.28;4
2026-W31;Дом у маяка;Ozon;1495;269.1;5
2026-W31;Игры разума;WB;3240;583.2;6
2026-W31;Шёпот времени;Litres;2730;491.4;7
2026-W31;Тихий сад;Ozon;2792;502.56;8
2026-W31;Северный экспресс;WB;4041;727.38;9
2026-W31;Дом у маяка;Litres;897;161.46;3
2026-W31;Игры разума;Ozon;2160;388.8;4
2026-W31;Шёпот времени;WB;1950;351;5
2026-W31;Тихий сад;Litres;2094;376.92;6
2026-W31;Северный экспресс;Ozon;3143;565.74;7
2026-W31;Дом у маяка;WB;2392;430.56;8
2026-W31;Игры разума;Litres;4860;874.8;9
2026-W31;Шёпот времени;Ozon;1170;210.6;3
2026-W31;Тихий сад;WB;1396;251.28;4
2026-W31;Северный экспресс;Litres;2245;404.1;5
2026-W31;Дом у маяка;Ozon;1794;322.92;6
2026-W31;Игры разума;WB;3780;680.4;7
2026-W31;Шёпот времени;Litres;3120;561.6;8
2026-W31;Тихий сад;Ozon;3141;565.38;9
2026-W31;Северный экспресс;WB;1347;242.46;3
2026-W31;Дом у маяка;Litres;1196;215.28;4
2026-W31;Игры разума;Ozon;2700;486;5
2026-W31;Шёпот времени;WB;2340;421.2;6
2026-W31;Тихий сад;Litres;2443;439.74;7
2026-W31;Северный экспресс;Ozon;3592;646.56;8
2026-W31;Дом у маяка;WB;2691;484.38;9
2026-W31;Игры разума;Litres;1620;291.6;3
2026-W31;Шёпот времени;Ozon;1560;280.8;4
2026-W31;Тихий сад;WB;1745;314.1;5
2026-W31;Северный экспресс;Litres;2694;484.92;6
2026-W31;Дом у маяка;Ozon;2093;376.74;7
2026-W31;Игры разума;WB;4320;777.6;8
2026-W31;Шёпот времени;Litres;3510;631.8;9
2026-W31;Тихий сад;Ozon;1047;188.46;3
2026-W31;Северный экспресс;WB;1796;323.28;4
2026-W31;Дом у маяка;Litres;1495;269.1;5
2026-W31;Игры разума;Ozon;3240;583.2;6
2026-W31;Шёпот времени;WB;2730;491.4;7
2026-W31;Тихий сад;Litres;2792;502.56;8
2026-W31;Северный экспресс;Ozon;4041;727.38;9
2026-W31;Дом у маяка;WB;897;161.46;3
2026-W31;Игры разума;Litres;2160;388.8;4
2026-W31;Шёпот времени;Ozon;1950;351;5
2026-W31;Тихий сад;WB;2094;376.92;6
2026-W31;Северный экспресс;Litres;3143;565.74;7
2026-W31;Дом у маяка;Ozon;2392;430.56;8
2026-W31;Игры разума;WB;4860;874.8;9
2026-W31;Шёпот времени;Litres;1170;210.6;3
2026-W31;Тихий сад;Ozon;1396;251.28;4
2026-W31;Северный экспресс;WB;2245;404.1;5
2026-W31;Дом у маяка;Litres;1794;322.92;6
2026-W31;Игры разума;Ozon;3780;680.4;7
2026-W31;Шёпот времени;WB;3120;561.6;8
2026-W31;Тихий сад;Litres;3141;565.38;9
2026-W31;Северный экспресс;Ozon;1347;242.46;3
2026-W31;Дом у маяка;WB;1196;215.28;4
2026-W31;Игры разума;Litres;2700;486;5
2026-W31;Шёпот времени;Ozon;2340;421.2;6
2026-W31;Тихий сад;WB;2443;439.74;7
2026-W31;Северный экспресс;Litres;3592;646.56;8
2026-W31;Дом у маяка;Ozon;2691;484.38;9
2026-W31;Игры разума;WB;1620;291.6;3
2026-W31;Шёпот времени;Litres;1560;280.8;4
2026-W31;Тихий сад;Ozon;1745;314.1;5
2026-W31;Северный экспресс;WB;2694;484.92;6
2026-W31;Дом у маяка;Litres;2093;376.74;7
2026-W31;Игры разума;Ozon;4320;777.6;8
2026-W31;Шёпот времени;WB;3510;631.8;9
2026-W31;Тихий сад;Litres;1047;188.46;3
2026-W31;Северный экспресс;Ozon;1796;323.28;4
2026-W31;Дом у маяка;WB;1495;269.1;5
2026-W31;Игры разума;Litres;3240;583.2;6
2026-W31;Шёпот времени;Ozon;2730;491.4;7
2026-W31;Тихий сад;WB;2792;502.56;8
2026-W31;Северный экспресс;Litres;4041;727.38;9
2026-W31;Дом у маяка;Ozon;897;161.46;3
2026-W31;Игры разума;WB;2160;388.8;4
2026-W31;Шёпот времени;Litres;1950;351;5
2026-W31;Тихий сад;Ozon;2094;376.92;6
2026-W31;Северный экспресс;WB;3143;565.74;7
2026-W31;Дом у маяка;Litres;2392;430.56;8
2026-W31;Игры разума;Ozon;4860;874.8;9
2026-W31;Шёпот времени;WB;1170;210.6;3
2026-W31;Тихий сад;Litres;1396;251.28;4
2026-W31;Северный экспресс;Ozon;2245;404.1;5
2026-W31;Дом у маяка;WB;1794;322.92;6
2026-W31;Игры разума;Litres;3780;680.4;7
2026-W31;Шёпот времени;Ozon;3120;561.6;8
2026-W31;Тихий сад;WB;3141;565.38;9
2026-W31;Северный экспресс;Litres;1347;242.46;3
2026-W31;Дом у маяка;Ozon;1196;215.28;4
2026-W31;Игры разума;WB;2700;486;5
2026-W31;Шёпот времени;Litres;2340;421.2;6
2026-W31;Тихий сад;Ozon;2443;439.74;7
2026-W31;Северный экспресс;WB;3592;646.56;8
2026-W31;Дом у маяка;Litres;2691;484.38;9
2026-W31;Игры разума;Ozon;1620;291.6;3
2026-W31;Шёпот времени;WB;1560;280.8;4
2026-W31;Тихий сад;Litres;1745;314.1;5
2026-W31;Северный экспресс;Ozon;2694;484.92;6
2026-W31;Дом у маяка;WB;2093;376.74;7
2026-W31;Игры разума;Litres;4320;777.6;8
2026-W31;Шёпот времени;Ozon;3510;631.8;9
2026-W31;Тихий сад;WB;1047;188.46;3
2026-W31;Северный экспресс;Litres;1796;323.28;4
2026-W31;Дом у маяка;Ozon;1495;269.1;5
2026-W31;Игры разума;WB;3240;583.2;6
2026-W31;Шёпот времени;Litres;2730;491.4;7
2026-W31;Тихий сад;Ozon;2792;502.56;8
2026-W31;Северный экспресс;WB;4041;727.38;9
2026-W31;Дом у маяка;Litres;897;161.46;3
2026-W31;Игры разума;Ozon;2160;388.8;4
2026-W31;Шёпот времени;WB;1950;351;5
2026-W31;Тихий сад;Litres;2094;376.92;6
2026-W31;Северный экспресс;Ozon;3143;565.74;7
2026-W31;Дом у маяка;WB;2392;430.56;8
2026-W31;Игры разума;Litres;4860;874.8;9
2026-W31;Шёпот времени;Ozon;1170;210.6;3
2026-W31;Тихий сад;WB;1396;251.28;4
2026-W31;Северный экспресс;Litres;2245;404.1;5
2026-W31;Дом у маяка;Ozon;1794;322.92;6
2026-W31;Игры разума;WB;3780;680.4;7
2026-W31;Шёпот времени;Litres;3120;561.6;8
2026-W31;Тихий сад;Ozon;3141;565.38;9
2026-W31;Северный экспресс;WB;1347;242.46;3
2026-W31;Дом у маяка;Litres;1196;215.28;4
2026-W31;Игры разума;Ozon;2700;486;5
2026-W31;Шёпот времени;WB;2340;421.2;6
2026-W31;Тихий сад;Litres;2443;439.74;7
2026-W31;Северный экспресс;Ozon;3592;646.56;8
2026-W31;Дом у маяка;WB;2691;484.38;9
2026-W31;Игры разума;Litres;1620;291.6;3
2026-W31;Шёпот времени;Ozon;1560;280.8;4
2026-W31;Тихий сад;WB;1745;314.1;5
2026-W31;Северный экспресс;Litres;2694;484.92;6
2026-W31;Дом у маяка;Ozon;2093;376.74;7
2026-W31;Игры разума;WB;4320;777.6;8
2026-W31;Шёпот времени;Litres;3510;631.8;9
2026-W31;Тихий сад;Ozon;1047;188.46;3
2026-W31;Северный экспресс;WB;1796;323.28;4
2026-W31;Дом у маяка;Litres;1495;269.1;5
2026-W31;Игры разума;Ozon;3240;583.2;6
2026-W31;Шёпот времени;WB;2730;491.4;7
2026-W31;Тихий сад;Litres;2792;502.56;8
2026-W31;Северный экспресс;Ozon;4041;727.38;9
2026-W31;Дом у маяка;WB;897;161.46;3
2026-W31;Игры разума;Litres;2160;388.8;4
2026-W31;Шёпот времени;Ozon;1950;351;5
2026-W31;Тихий сад;WB;2094;376.92;6
2026-W31;Северный экспресс;Litres;3143;565.74;7
2026-W31;Дом у маяка;Ozon;2392;430.56;8
2026-W31;Игры разума;WB;4860;874.8;9
2026-W31;Шёпот времени;Litres;1170;210.6;3
2026-W31;Тихий сад;Ozon;1396;251.28;4
2026-W31;Северный экспресс;WB;2245;404.1;5
2026-W31;Дом у маяка;Litres;1794;322.92;6
2026-W31;Игры разума;Ozon;3780;680.4;7
2026-W31;Шёпот времени;WB;3120;561.6;8
2026-W31;Тихий сад;Litres;3141;565.38;9
2026-W31;Северный экспресс;Ozon;1347;242.46;3
2026-W31;Дом у маяка;WB;1196;215.28;4
2026-W31;Игры разума;Litres;2700;486;5
2026-W31;Шёпот времени;Ozon;2340;421.2;6
2026-W31;Тихий сад;WB;2443;439.74;7
2026-W31;Северный экспресс;Litres;3592;646.56;8
2026-W31;Дом у маяка;Ozon;2691;484.38;9
2026-W31;Игры разума;WB;1620;291.6;3
2026-W31;Шёпот времени;Litres;1560;280.8;4
2026-W31;Тихий сад;Ozon;1745;314.1;5
2026-W31;Северный экспресс;WB;2694;484.92;6
2026-W31;Дом у маяка;Litres;2093;376.74;7
2026-W31;Игры разума;Ozon;4320;777.6;8
2026-W31;Шёпот времени;WB;3510;631.8;9
2026-W31;Тихий сад;Litres;1047;188.46;3
2026-W31;Северный экспресс;Ozon;1796;323.28;4
2026-W31;Дом у маяка;WB;1495;269.1;5
2026-W31;Игры разума;Litres;3240;583.2;6
2026-W31;Шёпот времени;Ozon;2730;491.4;7
2026-W31;Тихий сад;WB;2792;502.56;8
2026-W31;Северный экспресс;Litres;4041;727.38;9
2026-W31;Дом у маяка;Ozon;897;161.46;3
2026-W31;Игры разума;WB;2160;388.8;4
2026-W31;Шёпот времени;Litres;1950;351;5
2026-W31;Тихий сад;Ozon;2094;376.92;6
2026-W31;Северный экспресс;WB;3143;565.74;7
2026-W31;Дом у маяка;Litres;2392;430.56;8
2026-W31;Игры разума;Ozon;4860;874.8;9
2026-W31;Шёпот времени;WB;1170;210.6;3
2026-W31;Тихий сад;Litres;1396;251.28;4
2026-W31;Северный экспресс;Ozon;2245;404.1;5
2026-W31;Дом у маяка;WB;1794;322.92;6
2026-W31;Игры разума;Litres;3780;680.4;7
2026-W31;Шёпот времени;Ozon;3120;561.6;8
2026-W31;Тихий сад;WB;3141;565.38;9
2026-W31;Северный экспресс;Litres;1347;242.46;3
2026-W31;Дом у маяка;Ozon;1196;215.28;4
2026-W31;Игры разума;WB;2700;486;5
2026-W31;Шёпот времени;Litres;2340;421.2;6
2026-W31;Тихий сад;Ozon;2443;439.74;7
2026-W31;Северный экспресс;WB;3592;646.56;8
2026-W31;Дом у маяка;Litres;2691;484.38;9
2026-W31;Игры разума;Ozon;1620;291.6;3
2026-W31;Шёпот времени;WB;1560;280.8;4
2026-W31;Тихий сад;Litres;1745;314.1;5
2026-W31;Северный экспресс;Ozon;2694;484.92;6
2026-W31;Дом у маяка;WB;2093;376.74;7
2026-W31;Игры разума;Litres;4320;777.6;8
2026-W31;Шёпот времени;Ozon;3510;631.8;9
2026-W31;Тихий сад;WB;1047;188.46;3
2026-W31;Северный экспресс;Litres;1796;323.28;4
2026-W31;Дом у маяка;Ozon;1495;269.1;5
2026-W31;Игры разума;WB;3240;583.2;6
2026-W31;Шёпот времени;Litres;2730;491.4;7
2026-W31;Тихий сад;Ozon;2792;502.56;8
2026-W31;Северный экспресс;WB;4041;727.38;9
2026-W31;Дом у маяка;Litres;897;161.46;3
2026-W31;Игры разума;Ozon;2160;388.8;4
2026-W31;Шёпот времени;WB;1950;351;5
2026-W31;Тихий сад;Litres;2094;376.92;6
2026-W31;Северный экспресс;Ozon;3143;565.74;7
2026-W31;Дом у маяка;WB;2392;430.56;8
2026-W31;Игры разума;Litres;4860;874.8;9
2026-W31;Шёпот времени;Ozon;1170;210.6;3
2026-W31;Тихий сад;WB;1396;251.28;4
2026-W31;Северный экспресс;Litres;2245;404.1;5
2026-W31;Дом у маяка;Ozon;1794;322.92;6
2026-W31;Игры разума;WB;3780;680.4;7
2026-W31;Шёпот времени;Litres;3120;561.6;8
2026-W31;Тихий сад;Ozon;3141;565.38;9
2026-W31;Северный экспресс;WB;1347;242.46;3
2026-W31;Дом у маяка;Litres;1196;215.28;4
2026-W31;Игры разума;Ozon;2700;486;5
2026-W31;Шёпот времени;WB;2340;421.2;6
2026-W31;Тихий сад;Litres;2443;439.74;7
2026-W31;Северный экспресс;Ozon;3592;646.56;8
2026-W31;Дом у маяка;WB;2691;484.38;9
2026-W31;Игры разума;Litres;1620;291.6;3
2026-W31;Шёпот времени;Ozon;1560;280.8;4
2026-W31;Тихий сад;WB;1745;314.1;5
2026-W31;Северный экспресс;Litres;2694;484.92;6
2026-W31;Дом у маяка;Ozon;2093;376.74;7
2026-W31;Игры разума;WB;4320;777.6;8
2026-W31;Шёпот времени;Litres;3510;631.8;9
2026-W31;Тихий сад;Ozon;1047;188.46;3
2026-W31;Северный экспресс;WB;1796;323.28;4
2026-W31;Дом у маяка;Litres;1495;269.1;5
2026-W31;Игры разума;Ozon;3240;583.2;6
2026-W31;Шёпот времени;WB;2730;491.4;7
2026-W31;Тихий сад;Litres;2792;502.56;8
2026-W31;Северный экспресс;Ozon;4041;727.38;9
2026-W31;Дом у маяка;WB;897;161.46;3
2026-W31;Игры разума;Litres;2160;388.8;4
2026-W31;Шёпот времени;Ozon;1950;351;5
2026-W31;Тихий сад;WB;2094;376.92;6
2026-W31;Северный экспресс;Litres;3143;565.74;7
2026-W31;Дом у маяка;Ozon;2392;430.56;8
2026-W31;Игры разума;WB;4860;874.8;9
2026-W31;Шёпот времени;Litres;1170;210.6;3
2026-W31;Тихий сад;Ozon;1396;251.28;4
2026-W31;Северный экспресс;WB;2245;404.1;5
2026-W31;Дом у маяка;Litres;1794;322.92;6
2026-W31;Игры разума;Ozon;3780;680.4;7
2026-W31;Шёпот времени;WB;3120;561.6;8
2026-W31;Тихий сад;Litres;3141;565.38;9
2026-W31;Северный экспресс;Ozon;1347;242.46;3
2026-W31;Дом у маяка;WB;1196;215.28;4
2026-W31;Игры разума;Litres;2700;486;5
2026-W31;Шёпот времени;Ozon;2340;421.2;6
2026-W31;Тихий сад;WB;2443;439.74;7
2026-W31;Северный экспресс;Litres;3592;646.56;8
2026-W31;Дом у маяка;Ozon;2691;484.38;9
2026-W31;Игры разума;WB;1620;291.6;3
2026-W31;Шёпот времени;Litres;1560;280.8;4
2026-W31;Тихий сад;Ozon;1745;314.1;5
2026-W31;Северный экспресс;WB;2694;484.92;6
2026-W31;Дом у маяка;Litres;2093;376.74;7
2026-W31;Игры разума;Ozon;4320;777.6;8
2026-W31;Шёпот времени;WB;3510;631.8;9
2026-W31;Тихий сад;Litres;1047;188.46;3
2026-W31;Северный экспресс;Ozon;1796;323.28;4
2026-W31;Дом у маяка;WB;1495;269.1;5
2026-W31;Игры разума;Litres;3240;583.2;6
2026-W31;Шёпот времени;Ozon;2730;491.4;7
2026-W31;Тихий сад;WB;2792;502.56;8
2026-W31;Северный экспресс;Litres;4041;727.38;9
2026-W31;Дом у маяка;Ozon;897;161.46;3
2026-W31;Игры разума;WB;2160;388.8;4
2026-W31;Шёпот времени;Litres;1950;351;5
2026-W31;Тихий сад;Ozon;2094;376.92;6
2026-W31;Северный экспресс;WB;3143;565.74;7
2026-W31;Дом у маяка;Litres;2392;430.56;8
2026-W31;Игры разума;Ozon;4860;874.8;9
2026-W31;Шёпот времени;WB;1170;210.6;3
2026-W31;Тихий сад;Litres;1396;251.28;4
2026-W31;Северный экспресс;Ozon;2245;404.1;5
2026-W31;Дом у маяка;WB;1794;322.92;6
2026-W31;Игры разума;Litres;3780;680.4;7
2026-W31;Шёпот времени;Ozon;3120;561.6;8
2026-W31;Тихий сад;WB;3141;565.38;9
2026-W31;Северный экспресс;Litres;1347;242.46;3
2026-W31;Дом у маяка;Ozon;1196;215.28;4
2026-W31;Игры разума;WB;2700;486;5
2026-W31;Шёпот времени;Litres;2340;421.2;6
2026-W31;Тихий сад;Ozon;2443;439.74;7
2026-W31;Северный экспресс;WB;3592;646.56;8
2026-W31;Дом у маяка;Litres;2691;484.38;9
2026-W31;Игры разума;Ozon;1620;291.6;3
2026-W31;Шёпот времени;WB;1560;280.8;4
2026-W31;Тихий сад;Litres;1745;314.1;5
2026-W31;Северный экспресс;Ozon;2694;484.92;6
2026-W31;Дом у маяка;WB;2093;376.74;7
2026-W31;Игры разума;Litres;4320;777.6;8
2026-W31;Шёпот времени;Ozon;3510;631.8;9
2026-W31;Тихий сад;WB;1047;188.46;3
2026-W31;Северный экспресс;Litres;1796;323.28;4
2026-W31;Дом у маяка;Ozon;1495;269.1;5
2026-W31;Игры разума;WB;3240;583.2;6
2026-W31;Шёпот времени;Litres;2730;491.4;7
2026-W31;Тихий сад;Ozon;2792;502.56;8
2026-W31;Северный экспресс;WB;4041;727.38;9
2026-W31;Дом у маяка;Litres;897;161.46;3
2026-W31;Игры разума;Ozon;2160;388.8;4
2026-W31;Шёпот времени;WB;1950;351;5
2026-W31;Тихий сад;Litres;2094;376.92;6
2026-W31;Северный экспресс;Ozon;3143;565.74;7
2026-W31;Дом у маяка;WB;2392;430.56;8
2026-W31;Игры разума;Litres;4860;874.8;9
2026-W31;Шёпот времени;Ozon;1170;210.6;3
2026-W31;Тихий сад;WB;1396;251.28;4
2026-W31;Северный экспресс;Litres;2245;404.1;5
2026-W31;Дом у маяка;Ozon;1794;322.92;6
2026-W31;Игры разума;WB;3780;680.4;7
2026-W31;Шёпот времени;Litres;3120;561.6;8
2026-W31;Тихий сад;Ozon;3141;565.38;9
2026-W31;Северный экспресс;WB;1347;242.46;3
2026-W31;Дом у маяка;Litres;1196;215.28;4
2026-W31;Игры разума;Ozon;2700;486;5
2026-W31;Шёпот времени;WB;2340;421.2;6
2026-W31;Тихий сад;Litres;2443;439.74;7
2026-W31;Северный экспресс;Ozon;3592;646.56;8
2026-W31;Дом у маяка;WB;2691;484.38;9
2026-W31;Игры разума;Litres;1620;291.6;3
2026-W31;Шёпот времени;Ozon;1560;280.8;4
2026-W31;Тихий сад;WB;1745;314.1;5
2026-W31;Северный экспресс;Litres;2694;484.92;6
2026-W31;Дом у маяка;Ozon;2093;376.74;7
2026-W31;Игры разума;WB;4320;777.6;8
2026-W31;Шёпот времени;Litres;3510;631.8;9
2026-W31;Тихий сад;Ozon;1047;188.46;3
2026-W31;Северный экспресс;WB;1796;323.28;4
2026-W31;Дом у маяка;Litres;1495;269.1;5
2026-W31;Игры разума;Ozon;3240;583.2;6
2026-W31;Шёпот времени;WB;2730;491.4;7
2026-W31;Тихий сад;Litres;2792;502.56;8
2026-W31;Северный экспресс;Ozon;4041;727.38;9
2026-W31;Дом у маяка;WB;897;161.46;3
2026-W31;Игры разума;Litres;2160;388.8;4
2026-W31;Шёпот времени;Ozon;1950;351;5
2026-W31;Тихий сад;WB;2094;376.92;6
2026-W31;Северный экспресс;Litres;3143;565.74;7
2026-W31;Дом у маяка;Ozon;2392;430.56;8
2026-W31;Игры разума;WB;4860;874.8;9
2026-W31;Шёпот времени;Litres;1170;210.6;3
2026-W31;Тихий сад;Ozon;1396;251.28;4
2026-W31;Северный экспресс;WB;2245;404.1;5
2026-W31;Дом у маяка;Litres;1794;322.92;6
2026-W31;Игры разума;Ozon;3780;680.4;7
2026-W31;Шёпот времени;WB;3120;561.6;8
2026-W31;Тихий сад;Litres;3141;565.38;9
2026-W31;Северный экспресс;Ozon;1347;242.46;3
2026-W31;Дом у маяка;WB;1196;215.28;4
2026-W31;Игры разума;Litres;2700;486;5
2026-W31;Шёпот времени;Ozon;2340;421.2;6
2026-W31;Тихий сад;WB;2443;439.74;7
2026-W31;Северный экспресс;Litres;3592;646.56;8
2026-W31;Дом у маяка;Ozon;2691;484.38;9
2026-W31;Игры разума;WB;1620;291.6;3
2026-W31;Шёпот времени;Litres;1560;280.8;4
2026-W31;Тихий сад;Ozon;1745;314.1;5
2026-W31;Северный экспресс;WB;2694;484.92;6
2026-W31;Дом у маяка;Litres;2093;376.74;7
2026-W31;Игры разума;Ozon;4320;777.6;8
2026-W31;Шёпот времени;WB;3510;631.8;9
2026-W31;Тихий сад;Litres;1047;188.46;3
2026-W31;Северный экспресс;Ozon;1796;323.28;4
2026-W31;Дом у маяка;WB;1495;269.1;5
2026-W31;Игры разума;Litres;3240;583.2;6
2026-W31;Шёпот времени;Ozon;2730;491.4;7
2026-W31;Тихий сад;WB;2792;502.56;8
2026-W31;Северный экспресс;Litres;4041;727.38;9
2026-W31;Дом у маяка;Ozon;897;161.46;3
2026-W31;Игры разума;WB;2160;388.8;4
2026-W31;Шёпот времени;Litres;1950;351;5
2026-W31;Тихий сад;Ozon;2094;376.92;6
2026-W31;Северный экспресс;WB;3143;565.74;7
2026-W31;Дом у маяка;Litres;2392;430.56;8
2026-W31;Игры разума;Ozon;4860;874.8;9
2026-W31;Шёпот времени;WB;1170;210.6;3
2026-W31;Тихий сад;Litres;1396;251.28;4
2026-W31;Северный экспресс;Ozon;2245;404.1;5
2026-W31;Дом у маяка;WB;1794;322.92;6
2026-W31;Игры разума;Litres;3780;680.4;7
2026-W31;Шёпот времени;Ozon;3120;561.6;8
2026-W31;Тихий сад;WB;3141;565.38;9
2026-W31;Северный экспресс;Litres;1347;242.46;3
2026-W31;Дом у маяка;Ozon;1196;215.28;4
2026-W31;Игры разума;WB;2700;486;5
2026-W31;Шёпот времени;Litres;2340;421.2;6
2026-W31;Тихий сад;Ozon;2443;439.74;7
2026-W31;Северный экспресс;WB;3592;646.56;8
2026-W31;Дом у маяка;Litres;2691;484.38;9
2026-W31;Игры разума;Ozon;1620;291.6;3
2026-W31;Шёпот времени;WB;1560;280.8;4
2026-W31;Тихий сад;Litres;1745;314.1;5
2026-W31;Северный экспресс;Ozon;2694;484.92;6
2026-W31;Дом у маяка;WB;2093;376.74;7
2026-W31;Игры разума;Litres;4320;777.6;8
2026-W31;Шёпот времени;Ozon;3510;631.8;9
2026-W31;Тихий сад;WB;1047;188.46;3
2026-W31;Северный экспресс;Litres;1796;323.28;4
2026-W31;Дом у маяка;Ozon;1495;269.1;5
2026-W31;Игры разума;WB;3240;583.2;6
2026-W31;Шёпот времени;Litres;2730;491.4;7
2026-W31;Тихий сад;Ozon;2792;502.56;8
2026-W31;Северный экспресс;WB;4041;727.38;9
2026-W31;Дом у маяка;Litres;897;161.46;3
2026-W31;Игры разума;Ozon;2160;388.8;4
2026-W31;Шёпот времени;WB;1950;351;5
2026-W31;Тихий сад;Litres;2094;376.92;6
2026-W31;Северный экспресс;Ozon;3143;565.74;7
2026-W31;Дом у маяка;WB;2392;430.56;8
2026-W31;Игры разума;Litres;4860;874.8;9
2026-W31;Шёпот времени;Ozon;1170;210.6;3
2026-W31;Тихий сад;WB;1396;251.28;4
2026-W31;Северный экспресс;Litres;2245;404.1;5
2026-W31;Дом у маяка;Ozon;1794;322.92;6
2026-W31;Игры разума;WB;3780;680.4;7
2026-W31;Шёпот времени;Litres;3120;561.6;8
2026-W31;Тихий сад;Ozon;3141;565.38;9
2026-W31;Северный экспресс;WB;1347;242.46;3
2026-W31;Дом у маяка;Litres;1196;215.28;4
2026-W31;Игры разума;Ozon;2700;486;5
2026-W31;Шёпот времени;WB;2340;421.2;6
2026-W31;Тихий сад;Litres;2443;439.74;7
2026-W31;Северный экспресс;Ozon;3592;646.56;8
2026-W31;Дом у маяка;WB;2691;484.38;9
2026-W31;Игры разума;Litres;1620;291.6;3
2026-W31;Шёпот времени;Ozon;1560;280.8;4
2026-W31;Тихий сад;WB;1745;314.1;5
2026-W31;Северный экспресс;Litres;2694;484.92;6
2026-W31;Дом у маяка;Ozon;2093;376.74;7
2026-W31;Игры разума;WB;4320;777.6;8
2026-W31;Шёпот времени;Litres;3510;631.8;9
2026-W31;Тихий сад;Ozon;1047;188.46;3
2026-W31;Северный экспресс;WB;1796;323.28;4
2026-W31;Дом у маяка;Litres;1495;269.1;5
2026-W31;Игры разума;Ozon;3240;583.2;6
2026-W31;Шёпот времени;WB;2730;491.4;7
2026-W31;Тихий сад;Litres;2792;502.56;8
2026-W31;Северный экспресс;Ozon;4041;727.38;9
2026-W31;Дом у маяка;WB;897;161.46;3
2026-W31;Игры разума;Litres;2160;388.8;4
2026-W31;Шёпот времени;Ozon;1950;351;5
2026-W31;Тихий сад;WB;2094;376.92;6
2026-W31;Северный экспресс;Litres;3143;565.74;7
2026-W31;Дом у маяка;Ozon;2392;430.56;8
2026-W31;Игры разума;WB;4860;874.8;9
2026-W31;Шёпот времени;Litres;1170;210.6;3
2026-W31;Тихий сад;Ozon;1396;251.28;4
2026-W31;Северный экспресс;WB;2245;404.1;5
2026-W31;Дом у маяка;Litres;1794;322.92;6
2026-W31;Игры разума;Ozon;3780;680.4;7
2026-W31;Шёпот времени;WB;3120;561.6;8
2026-W31;Тихий сад;Litres;3141;565.38;9
2026-W31;Северный экспресс;Ozon;1347;242.46;3
2026-W31;Дом у маяка;WB;1196;215.28;4
2026-W31;Игры разума;Litres;2700;486;5
2026-W31;Шёпот времени;Ozon;2340;421.2;6
2026-W31;Тихий сад;WB;2443;439.74;7
2026-W31;Северный экспресс;Litres;3592;646.56;8
2026-W31;Дом у маяка;Ozon;2691;484.38;9
2026-W31;Игры разума;WB;1620;291.6;3
2026-W31;Шёпот времени;Litres;1560;280.8;4
2026-W31;Тихий сад;Ozon;1745;314.1;5
2026-W31;Северный экспресс;WB;2694;484.92;6
2026-W31;Дом у маяка;Litres;2093;376.74;7
2026-W31;Игры разума;Ozon;4320;777.6;8
2026-W31;Шёпот времени;WB;3510;631.8;9
2026-W31;Тихий сад;Litres;1047;188.46;3
2026-W31;Северный экспресс;Ozon;1796;323.28;4
2026-W31;Дом у маяка;WB;1495;269.1;5
2026-W31;Игры разума;Litres;3240;583.2;6
2026-W31;Шёпот времени;Ozon;2730;491.4;7
2026-W31;Тихий сад;WB;2792;502.56;8
2026-W31;Северный экспресс;Litres;4041;727.38;9
2026-W31;Дом у маяка;Ozon;897;161.46;3
2026-W31;Игры разума;WB;2160;388.8;4
2026-W31;Шёпот времени;Litres;1950;351;5
2026-W31;Тихий сад;Ozon;2094;376.92;6
2026-W31;Северный экспресс;WB;3143;565.74;7
2026-W31;Дом у маяка;Litres;2392;430.56;8
2026-W31;Игры разума;Ozon;4860;874.8;9
2026-W31;Шёпот времени;WB;1170;210.6;3
2026-W31;Тихий сад;Litres;1396;251.28;4
2026-W31;Северный экспресс;Ozon;2245;404.1;5
2026-W31;Дом у маяка;WB;1794;322.92;6
2026-W31;Игры разума;Litres;3780;680.4;7
2026-W31;Шёпот времени;Ozon;3120;561.6;8
2026-W31;Тихий сад;WB;3141;565.38;9
2026-W31;Северный экспресс;Litres;1347;242.46;3
2026-W31;Дом у маяка;Ozon;1196;215.28;4
2026-W31;Игры разума;WB;2700;486;5
2026-W31;Шёпот времени;Litres;2340;421.2;6
2026-W31;Тихий сад;Ozon;2443;439.74;7
2026-W31;Северный экспресс;WB;3592;646.56;8
2026-W31;Дом у маяка;Litres;2691;484.38;9
2026-W31;Игры разума;Ozon;1620;291.6;3
2026-W31;Шёпот времени;WB;1560;280.8;4
2026-W31;Тихий сад;Litres;1745;314.1;5
2026-W31;Северный экспресс;Ozon;2694;484.92;6
2026-W31;Дом у маяка;WB;2093;376.74;7
2026-W31;Игры разума;Litres;4320;777.6;8
2026-W31;Шёпот времени;Ozon;3510;631.8;9
2026-W31;Тихий сад;WB;1047;188.46;3
2026-W31;Северный экспресс;Litres;1796;323.28;4
2026-W31;Дом у маяка;Ozon;1495;269.1;5
2026-W31;Игры разума;WB;3240;583.2;6
2026-W31;Шёпот времени;Litres;2730;491.4;7
2026-W31;Тихий сад;Ozon;2792;502.56;8
2026-W31;Северный экспресс;WB;4041;727.38;9
2026-W31;Дом у маяка;Litres;897;161.46;3
2026-W31;Игры разума;Ozon;2160;388.8;4
2026-W31;Шёпот времени;WB;1950;351;5
2026-W31;Тихий сад;Litres;2094;376.92;6
2026-W31;Северный экспресс;Ozon;3143;565.74;7
2026-W31;Дом у маяка;WB;2392;430.56;8
2026-W31;Игры разума;Litres;4860;874.8;9
2026-W31;Шёпот времени;Ozon;1170;210.6;3
2026-W31;Тихий сад;WB;1396;251.28;4
2026-W31;Северный экспресс;Litres;2245;404.1;5
2026-W31;Дом у маяка;Ozon;1794;322.92;6
2026-W31;Игры разума;WB;3780;680.4;7
2026-W31;Шёпот времени;Litres;3120;561.6;8
2026-W31;Тихий сад;Ozon;3141;565.38;9
2026-W31;Северный экспресс;WB;1347;242.46;3
2026-W31;Дом у маяка;Litres;1196;215.28;4
2026-W31;Игры разума;Ozon;2700;486;5
2026-W31;Шёпот времени;WB;2340;421.2;6
2026-W31;Тихий сад;Litres;2443;439.74;7
2026-W31;Северный экспресс;Ozon;3592;646.56;8
2026-W31;Дом у маяка;WB;2691;484.38;9
2026-W31;Игры разума;Litres;1620;291.6;3
2026-W31;Шёпот времени;Ozon;1560;280.8;4
2026-W31;Тихий сад;WB;1745;314.1;5
2026-W31;Северный экспресс;Litres;2694;484.92;6
2026-W31;Дом у маяка;Ozon;2093;376.74;7
2026-W31;Игры разума;WB;4320;777.6;8
2026-W31;Шёпот времени;Litres;3510;631.8;9
2026-W31;Тихий сад;Ozon;1047;188.46;3
2026-W31;Северный экспресс;WB;1796;323.28;4
2026-W31;Дом у маяка;Litres;1495;269.1;5
2026-W31;Игры разума;Ozon;3240;583.2;6
2026-W31;Шёпот времени;WB;2730;491.4;7
2026-W31;Тихий сад;Litres;2792;502.56;8
2026-W31;Северный экспресс;Ozon;4041;727.38;9
2026-W31;Дом у маяка;WB;897;161.46;3
2026-W31;Игры разума;Litres;2160;388.8;4
2026-W31;Шёпот времени;Ozon;1950;351;5
2026-W31;Тихий сад;WB;2094;376.92;6
2026-W31;Северный экспресс;Litres;3143;565.74;7
2026-W31;Дом у маяка;Ozon;2392;430.56;8
2026-W31;Игры разума;WB;4860;874.8;9
2026-W31;Шёпот времени;Litres;1170;210.6;3
2026-W31;Тихий сад;Ozon;1396;251.28;4
2026-W31;Северный экспресс;WB;2245;404.1;5
2026-W31;Дом у маяка;Litres;1794;322.92;6
2026-W31;Игры разума;Ozon;3780;680.4;7
2026-W31;Шёпот времени;WB;3120;561.6;8
2026-W31;Тихий сад;Litres;3141;565.38;9
2026-W31;Северный экспресс;Ozon;1347;242.46;3
2026-W31;Дом у маяка;WB;1196;215.28;4
2026-W31;Игры разума;Litres;2700;486;5
2026-W31;Шёпот времени;Ozon;2340;421.2;6
2026-W31;Тихий сад;WB;2443;439.74;7
2026-W31;Северный экспресс;Litres;3592;646.56;8
2026-W31;Дом у маяка;Ozon;2691;484.38;9
2026-W31;Игры разума;WB;1620;291.6;3
2026-W31;Шёпот времени;Litres;1560;280.8;4
2026-W31;Тихий сад;Ozon;1745;314.1;5
2026-W31;Северный экспресс;WB;2694;484.92;6
2026-W31;Дом у маяка;Litres;2093;376.74;7
2026-W31;Игры разума;Ozon;4320;777.6;8
2026-W31;Шёпот времени;WB;3510;631.8;9
2026-W31;Тихий сад;Litres;1047;188.46;3
2026-W31;Северный экспресс;Ozon;1796;323.28;4
2026-W31;Дом у маяка;WB;1495;269.1;5
2026-W31;Игры разума;Litres;3240;583.2;6
2026-W31;Шёпот времени;Ozon;2730;491.4;7
2026-W31;Тихий сад;WB;2792;502.56;8
2026-W31;Северный экспресс;Litres;4041;727.38;9
2026-W31;Дом у маяка;Ozon;897;161.46;3
2026-W31;Игры разума;WB;2160;388.8;4
2026-W31;Шёпот времени;Litres;1950;351;5
2026-W31;Тихий сад;Ozon;2094;376.92;6
2026-W31;Северный экспресс;WB;3143;565.74;7
2026-W31;Дом у маяка;Litres;2392;430.56;8
2026-W31;Игры разума;Ozon;4860;874.8;9
2026-W31;Шёпот времени;WB;1170;210.6;3
2026-W31;Тихий сад;Litres;1396;251.28;4
2026-W31;Северный экспресс;Ozon;2245;404.1;5
2026-W31;Дом у маяка;WB;1794;322.92;6
2026-W31;Игры разума;Litres;3780;680.4;7
2026-W31;Шёпот времени;Ozon;3120;561.6;8
2026-W31;Тихий сад;WB;3141;565.38;9
2026-W31;Северный экспресс;Litres;1347;242.46;3
2026-W31;Дом у маяка;Ozon;1196;215.28;4
2026-W31;Игры разума;WB;2700;486;5
2026-W31;Шёпот времени;Litres;2340;421.2;6
2026-W31;Тихий сад;Ozon;2443;439.74;7
2026-W31;Северный экспресс;WB;3592;646.56;8
2026-W31;Дом у маяка;Litres;2691;484.38;9
2026-W31;Игры разума;Ozon;1620;291.6;3
2026-W31;Шёпот времени;WB;1560;280.8;4
2026-W31;Тихий сад;Litres;1745;314.1;5
2026-W31;Северный экспресс;Ozon;2694;484.92;6
2026-W31;Дом у маяка;WB;2093;376.74;7
2026-W31;Игры разума;Litres;4320;777.6;8
2026-W31;Шёпот времени;Ozon;3510;631.8;9
2026-W31;Тихий сад;WB;1047;188.46;3
2026-W31;Северный экспресс;Litres;1796;323.28;4
2026-W31;Дом у маяка;Ozon;1495;269.1;5
2026-W31;Игры разума;WB;3240;583.2;6
2026-W31;Шёпот времени;Litres;2730;491.4;7
2026-W31;Тихий сад;Ozon;2792;502.56;8
2026-W31;Северный экспресс;WB;4041;727.38;9
2026-W31;Дом у маяка;Litres;897;161.46;3
2026-W31;Игры разума;Ozon;2160;388.8;4
2026-W31;Шёпот времени;WB;1950;351;5
2026-W31;Тихий сад;Litres;2094;376.92;6
2026-W31;Северный экспресс;Ozon;3143;565.74;7
2026-W31;Дом у маяка;WB;2392;430.56;8
2026-W31;Игры разума;Litres;4860;874.8;9
2026-W31;Шёпот времени;Ozon;1170;210.6;3
2026-W31;Тихий сад;WB;1396;251.28;4
2026-W31;Северный экспресс;Litres;2245;404.1;5
2026-W31;Дом у маяка;Ozon;1794;322.92;6
2026-W31;Игры разума;WB;3780;680.4;7
2026-W31;Шёпот времени;Litres;3120;561.6;8
2026-W31;Тихий сад;Ozon;3141;565.38;9
2026-W31;Северный экспресс;WB;1347;242.46;3
2026-W31;Дом у маяка;Litres;1196;215.28;4
2026-W31;Игры разума;Ozon;2700;486;5
2026-W31;Шёпот времени;WB;2340;421.2;6
2026-W31;Тихий сад;Litres;2443;439.74;7
2026-W31;Северный экспресс;Ozon;3592;646.56;8
2026-W31;Дом у маяка;WB;2691;484.38;9
2026-W31;Игры разума;Litres;1620;291.6;3
2026-W31;Шёпот времени;Ozon;1560;280.8;4
2026-W31;Тихий сад;WB;1745;314.1;5
2026-W31;Северный экспресс;Litres;2694;484.92;6
2026-W31;Дом у маяка;Ozon;2093;376.74;7
2026-W31;Игры разума;WB;4320;777.6;8
2026-W31;Шёпот времени;Litres;3510;631.8;9
2026-W31;Тихий сад;Ozon;1047;188.46;3
2026-W31;Северный экспресс;WB;1796;323.28;4
2026-W31;Дом у маяка;Litres;1495;269.1;5
2026-W31;Игры разума;Ozon;3240;583.2;6
2026-W31;Шёпот времени;WB;2730;491.4;7
2026-W31;Тихий сад;Litres;2792;502.56;8
2026-W31;Северный экспресс;Ozon;4041;727.38;9
2026-W31;Дом у маяка;WB;897;161.46;3
2026-W31;Игры разума;Litres;2160;388.8;4
2026-W31;Шёпот времени;Ozon;1950;351;5
2026-W31;Тихий сад;WB;2094;376.92;6
2026-W31;Северный экспресс;Litres;3143;565.74;7
2026-W31;Дом у маяка;Ozon;2392;430.56;8
2026-W31;Игры разума;WB;4860;874.8;9
2026-W31;Шёпот времени;Litres;1170;210.6;3
2026-W31;Тихий сад;Ozon;1396;251.28;4
2026-W31;Северный экспресс;WB;2245;404.1;5
2026-W31;Дом у маяка;Litres;1794;322.92;6
2026-W31;Игры разума;Ozon;3780;680.4;7
2026-W31;Шёпот времени;WB;3120;561.6;8
2026-W31;Тихий сад;Litres;3141;565.38;9
2026-W31;Северный экспресс;Ozon;1347;242.46;3
2026-W31;Дом у маяка;WB;1196;215.28;4
2026-W31;Игры разума;Litres;2700;486;5
2026-W31;Шёпот времени;Ozon;2340;421.2;6
2026-W31;Тихий сад;WB;2443;439.74;7
2026-W31;Северный экспресс;Litres;3592;646.56;8
2026-W31;Дом у маяка;Ozon;2691;484.38;9
2026-W31;Игры разума;WB;1620;291.6;3
2026-W31;Шёпот времени;Litres;1560;280.8;4
2026-W31;Тихий сад;Ozon;1745;314.1;5
2026-W31;Северный экспресс;WB;2694;484.92;6
2026-W31;Дом у маяка;Litres;2093;376.74;7
2026-W31;Игры разума;Ozon;4320;777.6;8
2026-W31;Шёпот времени;WB;3510;631.8;9
2026-W31;Тихий сад;Litres;1047;188.46;3
2026-W31;Северный экспресс;Ozon;1796;323.28;4
2026-W31;Дом у маяка;WB;1495;269.1;5
2026-W31;Игры разума;Litres;3240;583.2;6
2026-W31;Шёпот времени;Ozon;2730;491.4;7
2026-W31;Тихий сад;WB;2792;502.56;8
2026-W31;Северный экспресс;Litres;4041;727.38;9
2026-W31;Дом у маяка;Ozon;897;161.46;3
2026-W31;Игры разума;WB;2160;388.8;4
2026-W31;Шёпот времени;Litres;1950;351;5
2026-W31;Тихий сад;Ozon;2094;376.92;6
2026-W31;Северный экспресс;WB;3143;565.74;7
2026-W31;Дом у маяка;Litres;2392;430.56;8
2026-W31;Игры разума;Ozon;4860;874.8;9
2026-W31;Шёпот времени;WB;1170;210.6;3
2026-W31;Тихий сад;Litres;1396;251.28;4
2026-W31;Северный экспресс;Ozon;2245;404.1;5
2026-W31;Дом у маяка;WB;1794;322.92;6
2026-W31;Игры разума;Litres;3780;680.4;7
2026-W31;Шёпот времени;Ozon;3120;561.6;8
2026-W31;Тихий сад;WB;3141;565.38;9
2026-W31;Северный экспресс;Litres;1347;242.46;3
2026-W31;Дом у маяка;Ozon;1196;215.28;4
2026-W31;Игры разума;WB;2700;486;5
2026-W31;Шёпот времени;Litres;2340;421.2;6
2026-W31;Тихий сад;Ozon;2443;439.74;7
2026-W31;Северный экспресс;WB;3592;646.56;8
2026-W31;Дом у маяка;Litres;2691;484.38;9
2026-W31;Игры разума;Ozon;1620;291.6;3
2026-W31;Шёпот времени;WB;1560;280.8;4
2026-W31;Тихий сад;Litres;1745;314.1;5
2026-W31;Северный экспресс;Ozon;2694;484.92;6
2026-W31;Дом у маяка;WB;2093;376.74;7
2026-W31;Игры разума;Litres;4320;777.6;8
2026-W31;Шёпот времени;Ozon;3510;631.8;9
2026-W31;Тихий сад;WB;1047;188.46;3
2026-W31;Северный экспресс;Litres;1796;323.28;4
2026-W31;Дом у маяка;Ozon;1495;269.1;5
2026-W31;Игры разума;WB;3240;583.2;6
2026-W31;Шёпот времени;Litres;2730;491.4;7
2026-W31;Тихий сад;Ozon;2792;502.56;8
2026-W31;Северный экспресс;WB;4041;727.38;9
2026-W31;Дом у маяка;Litres;897;161.46;3
2026-W31;Игры разума;Ozon;2160;388.8;4
2026-W31;Шёпот времени;WB;1950;351;5
2026-W31;Тихий сад;Litres;2094;376.92;6
2026-W31;Северный экспресс;Ozon;3143;565.74;7
2026-W31;Дом у маяка;WB;2392;430.56;8
2026-W31;Игры разума;Litres;4860;874.8;9
2026-W31;Шёпот времени;Ozon;1170;210.6;3
2026-W31;Тихий сад;WB;1396;251.28;4
2026-W31;Северный экспресс;Litres;2245;404.1;5
2026-W31;Дом у маяка;Ozon;1794;322.92;6
2026-W31;Игры разума;WB;3780;680.4;7
2026-W31;Шёпот времени;Litres;3120;561.6;8
2026-W31;Тихий сад;Ozon;3141;565.38;9
2026-W31;Северный экспресс;WB;1347;242.46;3
2026-W31;Дом у маяка;Litres;1196;215.28;4
2026-W31;Игры разума;Ozon;2700;486;5
2026-W31;Шёпот времени;WB;2340;421.2;6
2026-W31;Тихий сад;Litres;2443;439.74;7
2026-W31;Северный экспресс;Ozon;3592;646.56;8
2026-W31;Дом у маяка;WB;2691;484.38;9
2026-W31;Игры разума;Litres;1620;291.6;3
2026-W31;Шёпот времени;Ozon;1560;280.8;4
2026-W31;Тихий сад;WB;1745;314.1;5
2026-W31;Северный экспресс;Litres;2694;484.92;6
2026-W31;Дом у маяка;Ozon;2093;376.74;7
2026-W31;Игры разума;WB;4320;777.6;8
2026-W31;Шёпот времени;Litres;3510;631.8;9
2026-W31;Тихий сад;Ozon;1047;188.46;3
2026-W31;Северный экспресс;WB;1796;323.28;4
2026-W31;Дом у маяка;Litres;1495;269.1;5
2026-W31;Игры разума;Ozon;3240;583.2;6
2026-W31;Шёпот времени;WB;2730;491.4;7
2026-W31;Тихий сад;Litres;2792;502.56;8
2026-W31;Северный экспресс;Ozon;4041;727.38;9
2026-W31;Дом у маяка;WB;897;161.46;3
2026-W31;Игры разума;Litres;2160;388.8;4
2026-W31;Шёпот времени;Ozon;1950;351;5
2026-W31;Тихий сад;WB;2094;376.92;6
2026-W31;Северный экспресс;Litres;3143;565.74;7
2026-W31;Дом у маяка;Ozon;2392;430.56;8
2026-W31;Игры разума;WB;4860;874.8;9
2026-W31;Шёпот времени;Litres;1170;210.6;3
2026-W31;Тихий сад;Ozon;1396;251.28;4
2026-W31;Северный экспресс;WB;2245;404.1;5
2026-W31;Дом у маяка;Litres;1794;322.92;6
2026-W31;Игры разума;Ozon;3780;680.4;7
2026-W31;Шёпот времени;WB;3120;561.6;8
2026-W31;Тихий сад;Litres;3141;565.38;9
2026-W31;Северный экспресс;Ozon;1347;242.46;3
2026-W31;Дом у маяка;WB;1196;215.28;4
2026-W31;Игры разума;Litres;2700;486;5
2026-W31;Шёпот времени;Ozon;2340;421.2;6
2026-W31;Тихий сад;WB;2443;439.74;7
2026-W31;Северный экспресс;Litres;3592;646.56;8
2026-W31;Дом у маяка;Ozon;2691;484.38;9
2026-W31;Игры разума;WB;1620;291.6;3
2026-W31;Шёпот времени;Litres;1560;280.8;4
2026-W31;Тихий сад;Ozon;1745;314.1;5
2026-W31;Северный экспресс;WB;2694;484.92;6
2026-W31;Дом у маяка;Litres;2093;376.74;7
2026-W31;Игры разума;Ozon;4320;777.6;8
2026-W31;Шёпот времени;WB;3510;631.8;9
2026-W31;Тихий сад;Litres;1047;188.46;3
2026-W31;Северный экспресс;Ozon;1796;323.28;4
2026-W31;Дом у маяка;WB;1495;269.1;5
2026-W31;Игры разума;Litres;3240;583.2;6
2026-W31;Шёпот времени;Ozon;2730;491.4;7
2026-W31;Тихий сад;WB;2792;502.56;8
2026-W31;Северный экспресс;Litres;4041;727.38;9
2026-W31;Дом у маяка;Ozon;897;161.46;3
2026-W31;Игры разума;WB;2160;388.8;4
2026-W31;Шёпот времени;Litres;1950;351;5
2026-W31;Тихий сад;Ozon;2094;376.92;6
2026-W31;Северный экспресс;WB;3143;565.74;7
2026-W31;Дом у маяка;Litres;2392;430.56;8
2026-W31;Игры разума;Ozon;4860;874.8;9
2026-W31;Шёпот времени;WB;1170;210.6;3
2026-W31;Тихий сад;Litres;1396;251.28;4
2026-W31;Северный экспресс;Ozon;2245;404.1;5
2026-W31;Дом у маяка;WB;1794;322.92;6
2026-W31;Игры разума;Litres;3780;680.4;7
2026-W31;Шёпот времени;Ozon;3120;561.6;8
2026-W31;Тихий сад;WB;3141;565.38;9
2026-W31;Северный экспресс;Litres;1347;242.46;3
2026-W31;Дом у маяка;Ozon;1196;215.28;4
2026-W31;Игры разума;WB;2700;486;5
2026-W31;Шёпот времени;Litres;2340;421.2;6
2026-W31;Тихий сад;Ozon;2443;439.74;7
2026-W31;Северный экспресс;WB;3592;646.56;8
2026-W31;Дом у маяка;Litres;2691;484.38;9
2026-W31;Игры разума;Ozon;1620;291.6;3
2026-W31;Шёпот времени;WB;1560;280.8;4
2026-W31;Тихий сад;Litres;1745;314.1;5
2026-W31;Северный экспресс;Ozon;2694;484.92;6
2026-W31;Дом у маяка;WB;2093;376.74;7
2026-W31;Игры разума;Litres;4320;777.6;8
2026-W31;Шёпот времени;Ozon;3510;631.8;9
2026-W31;Тихий сад;WB;1047;188.46;3
2026-W31;Северный экспресс;Litres;1796;323.28;4
2026-W31;Дом у маяка;Ozon;1495;269.1;5
2026-W31;Игры разума;WB;3240;583.2;6
2026-W31;Шёпот времени;Litres;2730;491.4;7
2026-W31;Тихий сад;Ozon;2792;502.56;8
2026-W31;Северный экспресс;WB;4041;727.38;9
2026-W31;Дом у маяка;Litres;897;161.46;3
2026-W31;Игры разума;Ozon;2160;388.8;4
2026-W31;Шёпот времени;WB;1950;351;5
2026-W31;Тихий сад;Litres;2094;376.92;6
2026-W31;Северный экспресс;Ozon;3143;565.74;7
2026-W31;Дом у маяка;WB;2392;430.56;8
2026-W31;Игры разума;Litres;4860;874.8;9
2026-W31;Шёпот времени;Ozon;1170;210.6;3
2026-W31;Тихий сад;WB;1396;251.28;4
2026-W31;Северный экспресс;Litres;2245;404.1;5
2026-W31;Дом у маяка;Ozon;1794;322.92;6
2026-W31;Игры разума;WB;3780;680.4;7
2026-W31;Шёпот времени;Litres;3120;561.6;8
2026-W31;Тихий сад;Ozon;3141;565.38;9
2026-W31;Северный экспресс;WB;1347;242.46;3
2026-W31;Дом у маяка;Litres;1196;215.28;4
2026-W31;Игры разума;Ozon;2700;486;5
2026-W31;Шёпот времени;WB;2340;421.2;6
2026-W31;Тихий сад;Litres;2443;439.74;7
2026-W31;Северный экспресс;Ozon;3592;646.56;8
2026-W31;Дом у маяка;WB;2691;484.38;9
2026-W31;Игры разума;Litres;1620;291.6;3
2026-W31;Шёпот времени;Ozon;1560;280.8;4
2026-W31;Тихий сад;WB;1745;314.1;5
2026-W31;Северный экспресс;Litres;2694;484.92;6
2026-W31;Дом у маяка;Ozon;2093;376.74;7
2026-W31;Игры разума;WB;4320;777.6;8
2026-W31;Шёпот времени;Litres;3510;631.8;9
2026-W31;Тихий сад;Ozon;1047;188.46;3
2026-W31;Северный экспресс;WB;1796;323.28;4
2026-W31;Дом у маяка;Litres;1495;269.1;5
2026-W31;Игры разума;Ozon;3240;583.2;6
2026-W31;Шёпот времени;WB;2730;491.4;7
2026-W31;Тихий сад;Litres;2792;502.56;8
2026-W31;Северный экспресс;Ozon;4041;727.38;9
2026-W31;Дом у маяка;WB;897;161.46;3
2026-W31;Игры разума;Litres;2160;388.8;4
2026-W31;Шёпот времени;Ozon;1950;351;5
2026-W31;Тихий сад;WB;2094;376.92;6
2026-W31;Северный экспресс;Litres;3143;565.74;7
2026-W31;Дом у маяка;Ozon;2392;430.56;8
2026-W31;Игры разума;WB;4860;874.8;9
2026-W31;Шёпот времени;Litres;1170;210.6;3
2026-W31;Тихий сад;Ozon;1396;251.28;4
2026-W31;Северный экспресс;WB;2245;404.1;5
2026-W31;Дом у маяка;Litres;1794;322.92;6
2026-W31;Игры разума;Ozon;3780;680.4;7
2026-W31;Шёпот времени;WB;3120;561.6;8
2026-W31;Тихий сад;Litres;3141;565.38;9
2026-W31;Северный экспресс;Ozon;1347;242.46;3
2026-W31;Дом у маяка;WB;1196;215.28;4
2026-W31;Игры разума;Litres;2700;486;5
2026-W31;Шёпот времени;Ozon;2340;421.2;6
2026-W31;Тихий сад;WB;2443;439.74;7
2026-W31;Северный экспресс;Litres;3592;646.56;8
2026-W31;Дом у маяка;Ozon;2691;484.38;9
2026-W31;Игры разума;WB;1620;291.6;3
2026-W31;Шёпот времени;Litres;1560;280.8;4
2026-W31;Тихий сад;Ozon;1745;314.1;5
2026-W31;Северный экспресс;WB;2694;484.92;6
2026-W31;Дом у маяка;Litres;2093;376.74;7
2026-W31;Игры разума;Ozon;4320;777.6;8
2026-W31;Шёпот времени;WB;3510;631.8;9
2026-W31;Тихий сад;Litres;1047;188.46;3
2026-W31;Северный экспресс;Ozon;1796;323.28;4
2026-W31;Дом у маяка;WB;1495;269.1;5
2026-W31;Игры разума;Litres;3240;583.2;6
2026-W31;Шёпот времени;Ozon;2730;491.4;7
2026-W31;Тихий сад;WB;2792;502.56;8
2026-W31;Северный экспресс;Litres;4041;727.38;9
2026-W31;Дом у маяка;Ozon;897;161.46;3
2026-W31;Игры разума;WB;2160;388.8;4
2026-W31;Шёпот времени;Litres;1950;351;5
2026-W31;Тихий сад;Ozon;2094;376.92;6
2026-W31;Северный экспресс;WB;3143;565.74;7
2026-W31;Дом у маяка;Litres;2392;430.56;8
2026-W31;Игры разума;Ozon;4860;874.8;9
2026-W31;Шёпот времени;WB;1170;210.6;3
2026-W31;Тихий сад;Litres;1396;251.28;4
2026-W31;Северный экспресс;Ozon;2245;404.1;5
2026-W31;Дом у маяка;WB;1794;322.92;6
2026-W31;Игры разума;Litres;3780;680.4;7
2026-W31;Шёпот времени;Ozon;3120;561.6;8
2026-W31;Тихий сад;WB;3141;565.38;9
2026-W31;Северный экспресс;Litres;1347;242.46;3
2026-W31;Дом у маяка;Ozon;1196;215.28;4
2026-W31;Игры разума;WB;2700;486;5
2026-W31;Шёпот времени;Litres;2340;421.2;6
2026-W31;Тихий сад;Ozon;2443;439.74;7
2026-W31;Северный экспресс;WB;3592;646.56;8
2026-W31;Дом у маяка;Litres;2691;484.38;9
2026-W31;Игры разума;Ozon;1620;291.6;3
2026-W31;Шёпот времени;WB;1560;280.8;4
2026-W31;Тихий сад;Litres;1745;314.1;5
2026-W31;Северный экспресс;Ozon;2694;484.92;6
2026-W31;Дом у маяка;WB;2093;376.74;7
2026-W31;Игры разума;Litres;4320;777.6;8
2026-W31;Шёпот времени;Ozon;3510;631.8;9
2026-W31;Тихий сад;WB;1047;188.46;3
2026-W31;Северный экспресс;Litres;1796;323.28;4
2026-W31;Дом у маяка;Ozon;1495;269.1;5
2026-W31;Игры разума;WB;3240;583.2;6
2026-W31;Шёпот времени;Litres;2730;491.4;7
2026-W31;Тихий сад;Ozon;2792;502.56;8
2026-W31;Северный экспресс;WB;4041;727.38;9
2026-W31;Дом у маяка;Litres;897;161.46;3
2026-W31;Игры разума;Ozon;2160;388.8;4
2026-W31;Шёпот времени;WB;1950;351;5
2026-W31;Тихий сад;Litres;2094;376.92;6
2026-W31;Северный экспресс;Ozon;3143;565.74;7
2026-W31;Дом у маяка;WB;2392;430.56;8
2026-W31;Игры разума;Litres;4860;874.8;9
2026-W31;Шёпот времени;Ozon;1170;210.6;3
2026-W31;Тихий сад;WB;1396;251.28;4
2026-W31;Северный экспресс;Litres;2245;404.1;5
2026-W31;Дом у маяка;Ozon;1794;322.92;6
2026-W31;Игры разума;WB;3780;680.4;7
2026-W31;Шёпот времени;Litres;3120;561.6;8
2026-W31;Тихий сад;Ozon;3141;565.38;9
2026-W31;Северный экспресс;WB;1347;242.46;3
2026-W31;Дом у маяка;Litres;1196;215.28;4
2026-W31;Игры разума;Ozon;2700;486;5
2026-W31;Шёпот времени;WB;2340;421.2;6
2026-W31;Тихий сад;Litres;2443;439.74;7
2026-W31;Северный экспресс;Ozon;3592;646.56;8
2026-W31;Дом у маяка;WB;2691;484.38;9
2026-W31;Игры разума;Litres;1620;291.6;3
2026-W31;Шёпот времени;Ozon;1560;280.8;4
2026-W31;Тихий сад;WB;1745;314.1;5
2026-W31;Северный экспресс;Litres;2694;484.92;6
2026-W31;Дом у маяка;Ozon;2093;376.74;7
2026-W31;Игры разума;WB;4320;777.6;8
2026-W31;Шёпот времени;Litres;3510;631.8;9
2026-W31;Тихий сад;Ozon;1047;188.46;3
2026-W31;Северный экспресс;WB;1796;323.28;4
2026-W31;Дом у маяка;Litres;1495;269.1;5
2026-W31;Игры разума;Ozon;3240;583.2;6
2026-W31;Шёпот времени;WB;2730;491.4;7
2026-W31;Тихий сад;Litres;2792;502.56;8
2026-W31;Северный экспресс;Ozon;4041;727.38;9
2026-W31;Дом у маяка;WB;897;161.46;3
2026-W31;Игры разума;Litres;2160;388.8;4
2026-W31;Шёпот времени;Ozon;1950;351;5
2026-W31;Тихий сад;WB;2094;376.92;6
2026-W31;Северный экспресс;Litres;3143;565.74;7
2026-W31;Дом у маяка;Ozon;2392;430.56;8
2026-W31;Игры разума;WB;4860;874.8;9
2026-W31;Шёпот времени;Litres;1170;210.6;3
2026-W31;Тихий сад;Ozon;1396;251.28;4
2026-W31;Северный экспресс;WB;2245;404.1;5
2026-W31;Дом у маяка;Litres;1794;322.92;6
2026-W31;Игры разума;Ozon;3780;680.4;7
2026-W31;Шёпот времени;WB;3120;561.6;8
2026-W31;Тихий сад;Litres;3141;565.38;9
2026-W31;Северный экспресс;Ozon;1347;242.46;3
2026-W31;Дом у маяка;WB;1196;215.28;4
2026-W31;Игры разума;Litres;2700;486;5
2026-W31;Шёпот времени;Ozon;2340;421.2;6
2026-W31;Тихий сад;WB;2443;439.74;7
2026-W31;Северный экспресс;Litres;3592;646.56;8
2026-W31;Дом у маяка;Ozon;2691;484.38;9
2026-W31;Игры разума;WB;1620;291.6;3
2026-W31;Шёпот времени;Litres;1560;280.8;4
2026-W31;Тихий сад;Ozon;1745;314.1;5
2026-W31;Северный экспресс;WB;2694;484.92;6
2026-W31;Дом у маяка;Litres;2093;376.74;7
2026-W31;Игры разума;Ozon;4320;777.6;8
2026-W31;Шёпот времени;WB;3510;631.8;9
2026-W31;Тихий сад;Litres;1047;188.46;3
2026-W31;Северный экспресс;Ozon;1796;323.28;4
2026-W31;Дом у маяка;WB;1495;269.1;5
2026-W31;Игры разума;Litres;3240;583.2;6
2026-W31;Шёпот времени;Ozon;2730;491.4;7
2026-W31;Тихий сад;WB;2792;502.56;8
2026-W31;Северный экспресс;Litres;4041;727.38;9
2026-W31;Дом у маяка;Ozon;897;161.46;3
2026-W31;Игры разума;WB;2160;388.8;4
2026-W31;Шёпот времени;Litres;1950;351;5
2026-W31;Тихий сад;Ozon;2094;376.92;6
2026-W31;Северный экспресс;WB;3143;565.74;7
2026-W31;Дом у маяка;Litres;2392;430.56;8
2026-W31;Игры разума;Ozon;4860;874.8;9
2026-W31;Шёпот времени;WB;1170;210.6;3
2026-W31;Тихий сад;Litres;1396;251.28;4
2026-W31;Северный экспресс;Ozon;2245;404.1;5
2026-W31;Дом у маяка;WB;1794;322.92;6
2026-W31;Игры разума;Litres;3780;680.4;7
2026-W31;Шёпот времени;Ozon;3120;561.6;8
2026-W31;Тихий сад;WB;3141;565.38;9
2026-W31;Северный экспресс;Litres;1347;242.46;3
2026-W31;Дом у маяка;Ozon;1196;215.28;4
2026-W31;Игры разума;WB;2700;486;5
2026-W31;Шёпот времени;Litres;2340;421.2;6
2026-W31;Тихий сад;Ozon;2443;439.74;7
2026-W31;Северный экспресс;WB;3592;646.56;8
2026-W31;Дом у маяка;Litres;2691;484.38;9
2026-W31;Игры разума;Ozon;1620;291.6;3
2026-W31;Шёпот времени;WB;1560;280.8;4
2026-W31;Тихий сад;Litres;1745;314.1;5
2026-W31;Северный экспресс;Ozon;2694;484.92;6
2026-W31;Дом у маяка;WB;2093;376.74;7
2026-W31;Игры разума;Litres;4320;777.6;8
2026-W31;Шёпот времени;Ozon;3510;631.8;9
2026-W31;Тихий сад;WB;1047;188.46;3
2026-W31;Северный экспресс;Litres;1796;323.28;4
2026-W31;Дом у маяка;Ozon;1495;269.1;5
2026-W31;Игры разума;WB;3240;583.2;6
2026-W31;Шёпот времени;Litres;2730;491.4;7
2026-W31;Тихий сад;Ozon;2792;502.56;8
2026-W31;Северный экспресс;WB;4041;727.38;9
2026-W31;Дом у маяка;Litres;897;161.46;3
2026-W31;Игры разума;Ozon;2160;388.8;4
2026-W31;Шёпот времени;WB;1950;351;5
2026-W31;Тихий сад;Litres;2094;376.92;6
2026-W31;Северный экспресс;Ozon;3143;565.74;7
2026-W31;Дом у маяка;WB;2392;430.56;8
2026-W31;Игры разума;Litres;4860;874.8;9
2026-W31;Шёпот времени;Ozon;1170;210.6;3
2026-W31;Тихий сад;WB;1396;251.28;4
2026-W31;Северный экспресс;Litres;2245;404.1;5
2026-W31;Дом у маяка;Ozon;1794;322.92;6
2026-W31;Игры разума;WB;3780;680.4;7
2026-W31;Шёпот времени;Litres;3120;561.6;8
2026-W31;Тихий сад;Ozon;3141;565.38;9
2026-W31;Северный экспресс;WB;1347;242.46;3
2026-W31;Дом у маяка;Litres;1196;215.28;4
2026-W31;Игры разума;Ozon;2700;486;5
2026-W31;Шёпот времени;WB;2340;421.2;6
2026-W31;Тихий сад;Litres;2443;439.74;7
2026-W31;Северный экспресс;Ozon;3592;646.56;8
2026-W31;Дом у маяка;WB;2691;484.38;9
2026-W31;Игры разума;Litres;1620;291.6;3
2026-W31;Шёпот времени;Ozon;1560;280.8;4
2026-W31;Тихий сад;WB;1745;314.1;5
2026-W31;Северный экспресс;Litres;2694;484.92;6
2026-W31;Дом у маяка;Ozon;2093;376.74;7
2026-W31;Игры разума;WB;4320;777.6;8
2026-W31;Шёпот времени;Litres;3510;631.8;9
2026-W31;Тихий сад;Ozon;1047;188.46;3
2026-W31;Северный экспресс;WB;1796;323.28;4
2026-W31;Дом у маяка;Litres;1495;269.1;5
2026-W31;Игры разума;Ozon;3240;583.2;6
2026-W31;Шёпот времени;WB;2730;491.4;7
2026-W31;Тихий сад;Litres;2792;502.56;8
2026-W31;Северный экспресс;Ozon;4041;727.38;9
2026-W31;Дом у маяка;WB;897;161.46;3
2026-W31;Игры разума;Litres;2160;388.8;4
2026-W31;Шёпот времени;Ozon;1950;351;5
2026-W31;Тихий сад;WB;2094;376.92;6
2026-W31;Северный экспресс;Litres;3143;565.74;7
2026-W31;Дом у маяка;Ozon;2392;430.56;8
2026-W31;Игры разума;WB;4860;874.8;9
2026-W31;Шёпот времени;Litres;1170;210.6;3
2026-W31;Тихий сад;Ozon;1396;251.28;4
2026-W31;Северный экспресс;WB;2245;404.1;5
2026-W31;Дом у маяка;Litres;1794;322.92;6
2026-W31;Игры разума;Ozon;3780;680.4;7
2026-W31;Шёпот времени;WB;3120;561.6;8
2026-W31;Тихий сад;Litres;3141;565.38;9
2026-W31;Северный экспресс;Ozon;1347;242.46;3
2026-W31;Дом у маяка;WB;1196;215.28;4
2026-W31;Игры разума;Litres;2700;486;5
2026-W31;Шёпот времени;Ozon;2340;421.2;6
2026-W31;Тихий сад;WB;2443;439.74;7
2026-W31;Северный экспресс;Litres;3592;646.56;8
2026-W31;Дом у маяка;Ozon;2691;484.38;9
2026-W31;Игры разума;WB;1620;291.6;3
2026-W31;Шёпот времени;Litres;1560;280.8;4
2026-W31;Тихий сад;Ozon;1745;314.1;5
2026-W31;Северный экспресс;WB;2694;484.92;6
2026-W31;Дом у маяка;Litres;2093;376.74;7
2026-W31;Игры разума;Ozon;4320;777.6;8
2026-W31;Шёпот времени;WB;3510;631.8;9
2026-W31;Тихий сад;Litres;1047;188.46;3
2026-W31;Северный экспресс;Ozon;1796;323.28;4
2026-W31;Дом у маяка;WB;1495;269.1;5
2026-W31;Игры разума;Litres;3240;583.2;6
2026-W31;Шёпот времени;Ozon;2730;491.4;7
2026-W31;Тихий сад;WB;2792;502.56;8
2026-W31;Северный экспресс;Litres;4041;727.38;9
2026-W31;Дом у маяка;Ozon;897;161.46;3
2026-W31;Игры разума;WB;2160;388.8;4
2026-W31;Шёпот времени;Litres;1950;351;5
2026-W31;Тихий сад;Ozon;2094;376.92;6
2026-W31;Северный экспресс;WB;3143;565.74;7
2026-W31;Дом у маяка;Litres;2392;430.56;8
2026-W31;Игры разума;Ozon;4860;874.8;9
2026-W31;Шёпот времени;WB;1170;210.6;3
2026-W31;Тихий сад;Litres;1396;251.28;4
2026-W31;Северный экспресс;Ozon;2245;404.1;5
2026-W31;Дом у маяка;WB;1794;322.92;6
2026-W31;Игры разума;Litres;3780;680.4;7
2026-W31;Шёпот времени;Ozon;3120;561.6;8
2026-W31;Тихий сад;WB;3141;565.38;9
2026-W31;Северный экспресс;Litres;1347;242.46;3
2026-W31;Дом у маяка;Ozon;1196;215.28;4
2026-W31;Игры разума;WB;2700;486;5
2026-W31;Шёпот времени;Litres;2340;421.2;6
2026-W31;Тихий сад;Ozon;2443;439.74;7
2026-W31;Северный экспресс;WB;3592;646.56;8
2026-W31;Дом у маяка;Litres;2691;484.38;9
2026-W31;Игры разума;Ozon;1620;291.6;3
2026-W31;Шёпот времени;WB;1560;280.8;4
2026-W31;Тихий сад;Litres;1745;314.1;5
2026-W31;Северный экспресс;Ozon;2694;484.92;6
2026-W31;Дом у маяка;WB;2093;376.74;7
2026-W31;Игры разума;Litres;4320;777.6;8
2026-W31;Шёпот времени;Ozon;3510;631.8;9
2026-W31;Тихий сад;WB;1047;188.46;3
2026-W31;Северный экспресс;Litres;1796;323.28;4
2026-W31;Дом у маяка;Ozon;1495;269.1;5
2026-W31;Игры разума;WB;3240;583.2;6
2026-W31;Шёпот времени;Litres;2730;491.4;7
2026-W31;Тихий сад;Ozon;2792;502.56;8
2026-W31;Северный экспресс;WB;4041;727.38;9
2026-W31;Дом у маяка;Litres;897;161.46;3
2026-W31;Игры разума;Ozon;2160;388.8;4
2026-W31;Шёпот времени;WB;1950;351;5
2026-W31;Тихий сад;Litres;2094;376.92;6
2026-W31;Северный экспресс;Ozon;3143;565.74;7
2026-W31;Дом у маяка;WB;2392;430.56;8
2026-W31;Игры разума;Litres;4860;874.8;9
2026-W31;Шёпот времени;Ozon;1170;210.6;3
2026-W31;Тихий сад;WB;1396;251.28;4
2026-W31;Северный экспресс;Litres;2245;404.1;5
2026-W31;Дом у маяка;Ozon;1794;322.92;6
2026-W31;Игры разума;WB;3780;680.4;7
2026-W31;Шёпот времени;Litres;3120;561.6;8
2026-W31;Тихий сад;Ozon;3141;565.38;9
2026-W31;Северный экспресс;WB;1347;242.46;3
2026-W31;Дом у маяка;Litres;1196;215.28;4
2026-W31;Игры разума;Ozon;2700;486;5
2026-W31;Шёпот времени;WB;2340;421.2;6
2026-W31;Тихий сад;Litres;2443;439.74;7
2026-W31;Северный экспресс;Ozon;3592;646.56;8
2026-W31;Дом у маяка;WB;2691;484.38;9
2026-W31;Игры разума;Litres;1620;291.6;3
2026-W31;Шёпот времени;Ozon;1560;280.8;4
2026-W31;Тихий сад;WB;1745;314.1;5
2026-W31;Северный экспресс;Litres;2694;484.92;6
2026-W31;Дом у маяка;Ozon;2093;376.74;7
2026-W31;Игры разума;WB;4320;777.6;8
2026-W31;Шёпот времени;Litres;3510;631.8;9
2026-W31;Тихий сад;Ozon;1047;188.46;3
2026-W31;Северный экспресс;WB;1796;323.28;4
2026-W31;Дом у маяка;Litres;1495;269.1;5
2026-W31;Игры разума;Ozon;3240;583.2;6
2026-W31;Шёпот времени;WB;2730;491.4;7
2026-W31;Тихий сад;Litres;2792;502.56;8
2026-W31;Северный экспресс;Ozon;4041;727.38;9
2026-W31;Дом у маяка;WB;897;161.46;3
2026-W31;Игры разума;Litres;2160;388.8;4
2026-W31;Шёпот времени;Ozon;1950;351;5
2026-W31;Тихий сад;WB;2094;376.92;6
2026-W31;Северный экспресс;Litres;3143;565.74;7
2026-W31;Дом у маяка;Ozon;2392;430.56;8
2026-W31;Игры разума;WB;4860;874.8;9
2026-W31;Шёпот времени;Litres;1170;210.6;3
2026-W31;Тихий сад;Ozon;1396;251.28;4
2026-W31;Северный экспресс;WB;2245;404.1;5
2026-W31;Дом у маяка;Litres;1794;322.92;6
2026-W31;Игры разума;Ozon;3780;680.4;7
2026-W31;Шёпот времени;WB;3120;561.6;8
2026-W31;Тихий сад;Litres;3141;565.38;9
2026-W31;Северный экспресс;Ozon;1347;242.46;3
2026-W31;Дом у маяка;WB;1196;215.28;4
2026-W31;Игры разума;Litres;2700;486;5
2026-W31;Шёпот времени;Ozon;2340;421.2;6
2026-W31;Тихий сад;WB;2443;439.74;7
2026-W31;Северный экспресс;Litres;3592;646.56;8
2026-W31;Дом у маяка;Ozon;2691;484.38;9
2026-W31;Игры разума;WB;1620;291.6;3
2026-W31;Шёпот времени;Litres;1560;280.8;4
2026-W31;Тихий сад;Ozon;1745;314.1;5
2026-W31;Северный экспресс;WB;2694;484.92;6
2026-W31;Дом у маяка;Litres;2093;376.74;7
2026-W31;Игры разума;Ozon;4320;777.6;8
2026-W31;Шёпот времени;WB;3510;631.8;9
2026-W31;Тихий сад;Litres;1047;188.46;3
2026-W31;Северный экспресс;Ozon;1796;323.28;4
2026-W31;Дом у маяка;WB;1495;269.1;5
2026-W31;Игры разума;Litres;3240;583.2;6
2026-W31;Шёпот времени;Ozon;2730;491.4;7
2026-W31;Тихий сад;WB;2792;502.56;8
2026-W31;Северный экспресс;Litres;4041;727.38;9
2026-W31;Дом у маяка;Ozon;897;161.46;3
2026-W31;Игры разума;WB;2160;388.8;4
2026-W31;Шёпот времени;Litres;1950;351;5
2026-W31;Тихий сад;Ozon;2094;376.92;6
2026-W31;Северный экспресс;WB;3143;565.74;7
2026-W31;Дом у маяка;Litres;2392;430.56;8
2026-W31;Игры разума;Ozon;4860;874.8;9
2026-W31;Шёпот времени;WB;1170;210.6;3
2026-W31;Тихий сад;Litres;1396;251.28;4
2026-W31;Северный экспресс;Ozon;2245;404.1;5
2026-W31;Дом у маяка;WB;1794;322.92;6
2026-W31;Игры разума;Litres;3780;680.4;7
2026-W31;Шёпот времени;Ozon;3120;561.6;8
2026-W31;Тихий сад;WB;3141;565.38;9
2026-W31;Северный экспресс;Litres;1347;242.46;3
2026-W31;Дом у маяка;Ozon;1196;215.28;4
2026-W31;Игры разума;WB;2700;486;5
2026-W31;Шёпот времени;Litres;2340;421.2;6
2026-W31;Тихий сад;Ozon;2443;439.74;7
2026-W31;Северный экспресс;WB;3592;646.56;8
2026-W31;Дом у маяка;Litres;2691;484.38;9
2026-W31;Игры разума;Ozon;1620;291.6;3
2026-W31;Шёпот времени;WB;1560;280.8;4
2026-W31;Тихий сад;Litres;1745;314.1;5
2026-W31;Северный экспресс;Ozon;2694;484.92;6
2026-W31;Дом у маяка;WB;2093;376.74;7
2026-W31;Игры разума;Litres;4320;777.6;8
2026-W31;Шёпот времени;Ozon;3510;631.8;9
2026-W31;Тихий сад;WB;1047;188.46;3
2026-W31;Северный экспресс;Litres;1796;323.28;4
2026-W31;Дом у маяка;Ozon;1495;269.1;5
2026-W31;Игры разума;WB;3240;583.2;6
2026-W31;Шёпот времени;Litres;2730;491.4;7
2026-W31;Тихий сад;Ozon;2792;502.56;8
2026-W31;Северный экспресс;WB;4041;727.38;9
2026-W31;Дом у маяка;Litres;897;161.46;3
2026-W31;Игры разума;Ozon;2160;388.8;4
2026-W31;Шёпот времени;WB;1950;351;5
2026-W31;Тихий сад;Litres;2094;376.92;6
2026-W31;Северный экспресс;Ozon;3143;565.74;7
2026-W31;Дом у маяка;WB;2392;430.56;8
2026-W31;Игры разума;Litres;4860;874.8;9
2026-W31;Шёпот времени;Ozon;1170;210.6;3
2026-W31;Тихий сад;WB;1396;251.28;4
2026-W31;Северный экспресс;Litres;2245;404.1;5
2026-W31;Дом у маяка;Ozon;1794;322.92;6
2026-W31;Игры разума;WB;3780;680.4;7
2026-W31;Шёпот времени;Litres;3120;561.6;8
2026-W31;Тихий сад;Ozon;3141;565.38;9
2026-W31;Северный экспресс;WB;1347;242.46;3
2026-W31;Дом у маяка;Litres;1196;215.28;4
2026-W31;Игры разума;Ozon;2700;486;5
2026-W31;Шёпот времени;WB;2340;421.2;6
2026-W31;Тихий сад;Litres;2443;439.74;7
2026-W31;Северный экспресс;Ozon;3592;646.56;8
2026-W31;Дом у маяка;WB;2691;484.38;9
2026-W31;Игры разума;Litres;1620;291.6;3
2026-W31;Шёпот времени;Ozon;1560;280.8;4
2026-W31;Тихий сад;WB;1745;314.1;5
2026-W31;Северный экспресс;Litres;2694;484.92;6
2026-W31;Дом у маяка;Ozon;2093;376.74;7
2026-W31;Игры разума;WB;4320;777.6;8
2026-W31;Шёпот времени;Litres;3510;631.8;9
2026-W31;Тихий сад;Ozon;1047;188.46;3
2026-W31;Северный экспресс;WB;1796;323.28;4
2026-W31;Дом у маяка;Litres;1495;269.1;5
2026-W31;Игры разума;Ozon;3240;583.2;6
2026-W31;Шёпот времени;WB;2730;491.4;7
2026-W31;Тихий сад;Litres;2792;502.56;8
2026-W31;Северный экспресс;Ozon;4041;727.38;9
2026-W31;Дом у маяка;WB;897;161.46;3
2026-W31;Игры разума;Litres;2160;388.8;4
2026-W31;Шёпот времени;Ozon;1950;351;5
2026-W31;Тихий сад;WB;2094;376.92;6
2026-W31;Северный экспресс;Litres;3143;565.74;7
2026-W31;Дом у маяка;Ozon;2392;430.56;8
2026-W31;Игры разума;WB;4860;874.8;9
2026-W31;Шёпот времени;Litres;1170;210.6;3
2026-W31;Тихий сад;Ozon;1396;251.28;4
2026-W31;Северный экспресс;WB;2245;404.1;5
2026-W31;Дом у маяка;Litres;1794;322.92;6
2026-W31;Игры разума;Ozon;3780;680.4;7
2026-W31;Шёпот времени;WB;3120;561.6;8
2026-W31;Тихий сад;Litres;3141;565.38;9
2026-W31;Северный экспресс;Ozon;1347;242.46;3
2026-W31;Дом у маяка;WB;1196;215.28;4
2026-W31;Игры разума;Litres;2700;486;5
2026-W31;Шёпот времени;Ozon;2340;421.2;6
2026-W31;Тихий сад;WB;2443;439.74;7
2026-W31;Северный экспресс;Litres;3592;646.56;8
2026-W31;Дом у маяка;Ozon;2691;484.38;9
2026-W31;Игры разума;WB;1620;291.6;3
2026-W31;Шёпот времени;Litres;1560;280.8;4
2026-W31;Тихий сад;Ozon;1745;314.1;5
2026-W31;Северный экспресс;WB;2694;484.92;6
2026-W31;Дом у маяка;Litres;2093;376.74;7
2026-W31;Игры разума;Ozon;4320;777.6;8
2026-W31;Шёпот времени;WB;3510;631.8;9
2026-W31;Тихий сад;Litres;1047;188.46;3
2026-W31;Северный экспресс;Ozon;1796;323.28;4
2026-W31;Дом у маяка;WB;1495;269.1;5
2026-W31;Игры разума;Litres;3240;583.2;6
2026-W31;Шёпот времени;Ozon;2730;491.4;7
2026-W31;Тихий сад;WB;2792;502.56;8
2026-W31;Северный экспресс;Litres;4041;727.38;9
2026-W31;Дом у маяка;Ozon;897;161.46;3
2026-W31;Игры разума;WB;2160;388.8;4
2026-W31;Шёпот времени;Litres;1950;351;5
2026-W31;Тихий сад;Ozon;2094;376.92;6
2026-W31;Северный экспресс;WB;3143;565.74;7
2026-W31;Дом у маяка;Litres;2392;430.56;8
2026-W31;Игры разума;Ozon;4860;874.8;9
2026-W31;Шёпот времени;WB;1170;210.6;3
2026-W31;Тихий сад;Litres;1396;251.28;4
2026-W31;Северный экспресс;Ozon;2245;404.1;5
2026-W31;Дом у маяка;WB;1794;322.92;6
2026-W31;Игры разума;Litres;3780;680.4;7
2026-W31;Шёпот времени;Ozon;3120;561.6;8
2026-W31;Тихий сад;WB;3141;565.38;9
2026-W31;Северный экспресс;Litres;1347;242.46;3
2026-W31;Дом у маяка;Ozon;1196;215.28;4
2026-W31;Игры разума;WB;2700;486;5
2026-W31;Шёпот времени;Litres;2340;421.2;6
2026-W31;Тихий сад;Ozon;2443;439.74;7
2026-W31;Северный экспресс;WB;3592;646.56;8
2026-W31;Дом у маяка;Litres;2691;484.38;9
2026-W31;Игры разума;Ozon;1620;291.6;3
2026-W31;Шёпот времени;WB;1560;280.8;4
2026-W31;Тихий сад;Litres;1745;314.1;5
2026-W31;Северный экспресс;Ozon;2694;484.92;6
2026-W31;Дом у маяка;WB;2093;376.74;7
2026-W31;Игры разума;Litres;4320;777.6;8
2026-W31;Шёпот времени;Ozon;3510;631.8;9
2026-W31;Тихий сад;WB;1047;188.46;3
2026-W31;Северный экспресс;Litres;1796;323.28;4
2026-W31;Дом у маяка;Ozon;1495;269.1;5
2026-W31;Игры разума;WB;3240;583.2;6
2026-W31;Шёпот времени;Litres;2730;491.4;7
2026-W31;Тихий сад;Ozon;2792;502.56;8
2026-W31;Северный экспресс;WB;4041;727.38;9
2026-W31;Дом у маяка;Litres;897;161.46;3
2026-W31;Игры разума;Ozon;2160;388.8;4
2026-W31;Шёпот времени;WB;1950;351;5
2026-W31;Тихий сад;Litres;2094;376.92;6
2026-W31;Северный экспресс;Ozon;3143;565.74;7
2026-W31;Дом у маяка;WB;2392;430.56;8
2026-W31;Игры разума;Litres;4860;874.8;9
2026-W31;Шёпот времени;Ozon;1170;210.6;3
2026-W31;Тихий сад;WB;1396;251.28;4
2026-W31;Северный экспресс;Litres;2245;404.1;5
2026-W31;Дом у маяка;Ozon;1794;322.92;6
2026-W31;Игры разума;WB;3780;680.4;7
2026-W31;Шёпот времени;Litres;3120;561.6;8
2026-W31;Тихий сад;Ozon;3141;565.38;9
2026-W31;Северный экспресс;WB;1347;242.46;3
2026-W31;Дом у маяка;Litres;1196;215.28;4
2026-W31;Игры разума;Ozon;2700;486;5
2026-W31;Шёпот времени;WB;2340;421.2;6
2026-W31;Тихий сад;Litres;2443;439.74;7
2026-W31;Северный экспресс;Ozon;3592;646.56;8
2026-W31;Дом у маяка;WB;2691;484.38;9
2026-W31;Игры разума;Litres;1620;291.6;3
2026-W31;Шёпот времени;Ozon;1560;280.8;4
2026-W31;Тихий сад;WB;1745;314.1;5
2026-W31;Северный экспресс;Litres;2694;484.92;6
2026-W31;Дом у маяка;Ozon;2093;376.74;7
2026-W31;Игры разума;WB;4320;777.6;8
2026-W31;Шёпот времени;Litres;3510;631.8;9
2026-W31;Тихий сад;Ozon;1047;188.46;3
2026-W31;Северный экспресс;WB;1796;323.28;4
2026-W31;Дом у маяка;Litres;1495;269.1;5
2026-W31;Игры разума;Ozon;3240;583.2;6
2026-W31;Шёпот времени;WB;2730;491.4;7
2026-W31;Тихий сад;Litres;2792;502.56;8
2026-W31;Северный экспресс;Ozon;4041;727.38;9
2026-W31;Дом у маяка;WB;897;161.46;3
2026-W31;Игры разума;Litres;2160;388.8;4
2026-W31;Шёпот времени;Ozon;1950;351;5
2026-W31;Тихий сад;WB;2094;376.92;6
2026-W31;Северный экспресс;Litres;3143;565.74;7
2026-W31;Дом у маяка;Ozon;2392;430.56;8
2026-W31;Игры разума;WB;4860;874.8;9
2026-W31;Шёпот времени;Litres;1170;210.6;3
2026-W31;Тихий сад;Ozon;1396;251.28;4
2026-W31;Северный экспресс;WB;2245;404.1;5
2026-W31;Дом у маяка;Litres;1794;322.92;6
2026-W31;Игры разума;Ozon;3780;680.4;7
2026-W31;Шёпот времени;WB;3120;561.6;8
2026-W31;Тихий сад;Litres;3141;565.38;9
2026-W31;Северный экспресс;Ozon;1347;242.46;3
2026-W31;Дом у маяка;WB;1196;215.28;4
2026-W31;Игры разума;Litres;2700;486;5
2026-W31;Шёпот времени;Ozon;2340;421.2;6
2026-W31;Тихий сад;WB;2443;439.74;7
2026-W31;Северный экспресс;Litres;3592;646.56;8
2026-W31;Дом у маяка;Ozon;2691;484.38;9
2026-W31;Игры разума;WB;1620;291.6;3
2026-W31;Шёпот времени;Litres;1560;280.8;4
2026-W31;Тихий сад;Ozon;1745;314.1;5
2026-W31;Северный экспресс;WB;2694;484.92;6
2026-W31;Дом у маяка;Litres;2093;376.74;7
2026-W31;Игры разума;Ozon;4320;777.6;8
2026-W31;Шёпот времени;WB;3510;631.8;9
2026-W31;Тихий сад;Litres;1047;188.46;3
2026-W31;Северный экспресс;Ozon;1796;323.28;4
2026-W31;Дом у маяка;WB;1495;269.1;5
2026-W31;Игры разума;Litres;3240;583.2;6
2026-W31;Шёпот времени;Ozon;2730;491.4;7
2026-W31;Тихий сад;WB;2792;502.56;8
2026-W31;Северный экспресс;Litres;4041;727.38;9
2026-W31;Дом у маяка;Ozon;897;161.46;3
2026-W31;Игры разума;WB;2160;388.8;4
2026-W31;Шёпот времени;Litres;1950;351;5
2026-W31;Тихий сад;Ozon;2094;376.92;6
2026-W31;Северный экспресс;WB;3143;565.74;7
2026-W31;Дом у маяка;Litres;2392;430.56;8
2026-W31;Игры разума;Ozon;4860;874.8;9
2026-W31;Шёпот времени;WB;1170;210.6;3
2026-W31;Тихий сад;Litres;1396;251.28;4
2026-W31;Северный экспресс;Ozon;2245;404.1;5
2026-W31;Дом у маяка;WB;1794;322.92;6
2026-W31;Игры разума;Litres;3780;680.4;7
2026-W31;Шёпот времени;Ozon;3120;561.6;8
2026-W31;Тихий сад;WB;3141;565.38;9
2026-W31;Северный экспресс;Litres;1347;242.46;3
2026-W31;Дом у маяка;Ozon;1196;215.28;4
2026-W31;Игры разума;WB;2700;486;5
2026-W31;Шёпот времени;Litres;2340;421.2;6
2026-W31;Тихий сад;Ozon;2443;439.74;7
2026-W31;Северный экспресс;WB;3592;646.56;8
2026-W31;Дом у маяка;Litres;2691;484.38;9
2026-W31;Игры разума;Ozon;1620;291.6;3
2026-W31;Шёпот времени;WB;1560;280.8;4
2026-W31;Тихий сад;Litres;1745;314.1;5
2026-W31;Северный экспресс;Ozon;2694;484.92;6
2026-W31;Дом у маяка;WB;2093;376.74;7
2026-W31;Игры разума;Litres;4320;777.6;8
2026-W31;Шёпот времени;Ozon;3510;631.8;9
2026-W31;Тихий сад;WB;1047;188.46;3
2026-W31;Северный экспресс;Litres;1796;323.28;4
2026-W31;Дом у маяка;Ozon;1495;269.1;5
2026-W31;Игры разума;WB;3240;583.2;6
2026-W31;Шёпот времени;Litres;2730;491.4;7
2026-W31;Тихий сад;Ozon;2792;502.56;8
2026-W31;Северный экспресс;WB;4041;727.38;9
2026-W31;Дом у маяка;Litres;897;161.46;3
2026-W31;Игры разума;Ozon;2160;388.8;4
2026-W31;Шёпот времени;WB;1950;351;5
2026-W31;Тихий сад;Litres;2094;376.92;6
2026-W31;Северный экспресс;Ozon;3143;565.74;7
2026-W31;Дом у маяка;WB;2392;430.56;8
2026-W31;Игры разума;Litres;4860;874.8;9
2026-W31;Шёпот времени;Ozon;1170;210.6;3
2026-W31;Тихий сад;WB;1396;251.28;4
2026-W31;Северный экспресс;Litres;2245;404.1;5
2026-W31;Дом у маяка;Ozon;1794;322.92;6
2026-W31;Игры разума;WB;3780;680.4;7
2026-W31;Шёпот времени;Litres;3120;561.6;8
2026-W31;Тихий сад;Ozon;3141;565.38;9
2026-W31;Северный экспресс;WB;1347;242.46;3
2026-W31;Дом у маяка;Litres;1196;215.28;4
2026-W31;Игры разума;Ozon;2700;486;5
2026-W31;Шёпот времени;WB;2340;421.2;6
2026-W31;Тихий сад;Litres;2443;439.74;7
2026-W31;Северный экспресс;Ozon;3592;646.56;8
2026-W31;Дом у маяка;WB;2691;484.38;9
2026-W31;Игры разума;Litres;1620;291.6;3
2026-W31;Шёпот времени;Ozon;1560;280.8;4
2026-W31;Тихий сад;WB;1745;314.1;5
2026-W31;Северный экспресс;Litres;2694;484.92;6
2026-W31;Дом у маяка;Ozon;2093;376.74;7
2026-W31;Игры разума;WB;4320;777.6;8
2026-W31;Шёпот времени;Litres;3510;631.8;9
2026-W31;Тихий сад;Ozon;1047;188.46;3
2026-W31;Северный экспресс;WB;1796;323.28;4
2026-W31;Дом у маяка;Litres;1495;269.1;5
2026-W31;Игры разума;Ozon;3240;583.2;6
2026-W31;Шёпот времени;WB;2730;491.4;7
2026-W31;Тихий сад;Litres;2792;502.56;8
2026-W31;Северный экспресс;Ozon;4041;727.38;9
2026-W31;Дом у маяка;WB;897;161.46;3
2026-W31;Игры разума;Litres;2160;388.8;4
2026-W31;Шёпот времени;Ozon;1950;351;5
2026-W31;Тихий сад;WB;2094;376.92;6
2026-W31;Северный экспресс;Litres;3143;565.74;7
2026-W31;Дом у маяка;Ozon;2392;430.56;8
2026-W31;Игры разума;WB;4860;874.8;9
2026-W31;Шёпот времени;Litres;1170;210.6;3
2026-W31;Тихий сад;Ozon;1396;251.28;4
2026-W31;Северный экспресс;WB;2245;404.1;5
2026-W31;Дом у маяка;Litres;1794;322.92;6
2026-W31;Игры разума;Ozon;3780;680.4;7
2026-W31;Шёпот времени;WB;3120;561.6;8
2026-W31;Тихий сад;Litres;3141;565.38;9
2026-W31;Северный экспресс;Ozon;1347;242.46;3
2026-W31;Дом у маяка;WB;1196;215.28;4
2026-W31;Игры разума;Litres;2700;486;5
2026-W31;Шёпот времени;Ozon;2340;421.2;6
2026-W31;Тихий сад;WB;2443;439.74;7
2026-W31;Северный экспресс;Litres;3592;646.56;8
2026-W31;Дом у маяка;Ozon;2691;484.38;9
2026-W31;Игры разума;WB;1620;291.6;3
2026-W31;Шёпот времени;Litres;1560;280.8;4
2026-W31;Тихий сад;Ozon;1745;314.1;5
2026-W31;Северный экспресс;WB;2694;484.92;6
2026-W31;Дом у маяка;Litres;2093;376.74;7
2026-W31;Игры разума;Ozon;4320;777.6;8
2026-W31;Шёпот времени;WB;3510;631.8;9
2026-W31;Тихий сад;Litres;1047;188.46;3
2026-W31;Северный экспресс;Ozon;1796;323.28;4
2026-W31;Дом у маяка;WB;1495;269.1;5
2026-W31;Игры разума;Litres;3240;583.2;6
2026-W31;Шёпот времени;Ozon;2730;491.4;7
2026-W31;Тихий сад;WB;2792;502.56;8
2026-W31;Северный экспресс;Litres;4041;727.38;9
2026-W31;Дом у маяка;Ozon;897;161.46;3
2026-W31;Игры разума;WB;2160;388.8;4
2026-W31;Шёпот времени;Litres;1950;351;5
2026-W31;Тихий сад;Ozon;2094;376.92;6
2026-W31;Северный экспресс;WB;3143;565.74;7
2026-W31;Дом у маяка;Litres;2392;430.56;8
2026-W31;Игры разума;Ozon;4860;874.8;9
2026-W31;Шёпот времени;WB;1170;210.6;3
2026-W31;Тихий сад;Litres;1396;251.28;4
2026-W31;Северный экспресс;Ozon;2245;404.1;5
2026-W31;Дом у маяка;WB;1794;322.92;6
2026-W31;Игры разума;Litres;3780;680.4;7
2026-W31;Шёпот времени;Ozon;3120;561.6;8
2026-W31;Тихий сад;WB;3141;565.38;9
2026-W31;Северный экспресс;Litres;1347;242.46;3
2026-W31;Дом у маяка;Ozon;1196;215.28;4
2026-W31;Игры разума;WB;2700;486;5
2026-W31;Шёпот времени;Litres;2340;421.2;6
2026-W31;Тихий сад;Ozon;2443;439.74;7
2026-W31;Северный экспресс;WB;3592;646.56;8
2026-W31;Дом у маяка;Litres;2691;484.38;9
2026-W31;Игры разума;Ozon;1620;291.6;3
2026-W31;Шёпот времени;WB;1560;280.8;4
2026-W31;Тихий сад;Litres;1745;314.1;5
2026-W31;Северный экспресс;Ozon;2694;484.92;6
2026-W31;Дом у маяка;WB;2093;376.74;7
2026-W31;Игры разума;Litres;4320;777.6;8
2026-W31;Шёпот времени;Ozon;3510;631.8;9
2026-W31;Тихий сад;WB;1047;188.46;3
2026-W31;Северный экспресс;Litres;1796;323.28;4
2026-W31;Дом у маяка;Ozon;1495;269.1;5
2026-W31;Игры разума;WB;3240;583.2;6
2026-W31;Шёпот времени;Litres;2730;491.4;7
2026-W31;Тихий сад;Ozon;2792;502.56;8
2026-W31;Северный экспресс;WB;4041;727.38;9
2026-W31;Дом у маяка;Litres;897;161.46;3
2026-W31;Игры разума;Ozon;2160;388.8;4
2026-W31;Шёпот времени;WB;1950;351;5
2026-W31;Тихий сад;Litres;2094;376.92;6
2026-W31;Северный экспресс;Ozon;3143;565.74;7
2026-W31;Дом у маяка;WB;2392;430.56;8
2026-W31;Игры разума;Litres;4860;874.8;9
2026-W31;Шёпот времени;Ozon;1170;210.6;3
2026-W31;Тихий сад;WB;1396;251.28;4
2026-W31;Северный экспресс;Litres;2245;404.1;5
2026-W31;Дом у маяка;Ozon;1794;322.92;6
2026-W31;Игры разума;WB;3780;680.4;7
2026-W31;Шёпот времени;Litres;3120;561.6;8
2026-W31;Тихий сад;Ozon;3141;565.38;9
2026-W31;Северный экспресс;WB;1347;242.46;3
2026-W31;Дом у маяка;Litres;1196;215.28;4
2026-W31;Игры разума;Ozon;2700;486;5
2026-W31;Шёпот времени;WB;2340;421.2;6
2026-W31;Тихий сад;Litres;2443;439.74;7
2026-W31;Северный экспресс;Ozon;3592;646.56;8
2026-W31;Дом у маяка;WB;2691;484.38;9
2026-W31;Игры разума;Litres;1620;291.6;3
2026-W31;Шёпот времени;Ozon;1560;280.8;4
2026-W31;Тихий сад;WB;1745;314.1;5
2026-W31;Северный экспресс;Litres;2694;484.92;6
2026-W31;Дом у маяка;Ozon;2093;376.74;7
2026-W31;Игры разума;WB;4320;777.6;8
2026-W31;Шёпот времени;Litres;3510;631.8;9
2026-W31;Тихий сад;Ozon;1047;188.46;3
2026-W31;Северный экспресс;WB;1796;323.28;4
2026-W31;Дом у маяка;Litres;1495;269.1;5
2026-W31;Игры разума;Ozon;3240;583.2;6
2026-W31;Шёпот времени;WB;2730;491.4;7
2026-W31;Тихий сад;Litres;2792;502.56;8
2026-W31;Северный экспресс;Ozon;4041;727.38;9
2026-W31;Дом у маяка;WB;897;161.46;3
2026-W31;Игры разума;Litres;2160;388.8;4
2026-W31;Шёпот времени;Ozon;1950;351;5
2026-W31;Тихий сад;WB;2094;376.92;6
2026-W31;Северный экспресс;Litres;3143;565.74;7
2026-W31;Дом у маяка;Ozon;2392;430.56;8
2026-W31;Игры разума;WB;4860;874.8;9
2026-W31;Шёпот времени;Litres;1170;210.6;3
2026-W31;Тихий сад;Ozon;1396;251.28;4
2026-W31;Северный экспресс;WB;2245;404.1;5
2026-W31;Дом у маяка;Litres;1794;322.92;6
2026-W31;Игры разума;Ozon;3780;680.4;7
2026-W31;Шёпот времени;WB;3120;561.6;8
2026-W31;Тихий сад;Litres;3141;565.38;9
2026-W31;Северный экспресс;Ozon;1347;242.46;3
2026-W31;Дом у маяка;WB;1196;215.28;4
2026-W31;Игры разума;Litres;2700;486;5
2026-W31;Шёпот времени;Ozon;2340;421.2;6
2026-W31;Тихий сад;WB;2443;439.74;7
2026-W31;Северный экспресс;Litres;3592;646.56;8
2026-W31;Дом у маяка;Ozon;2691;484.38;9
2026-W31;Игры разума;WB;1620;291.6;3
2026-W31;Шёпот времени;Litres;1560;280.8;4
2026-W31;Тихий сад;Ozon;1745;314.1;5
2026-W31;Северный экспресс;WB;2694;484.92;6
2026-W31;Дом у маяка;Litres;2093;376.74;7
2026-W31;Игры разума;Ozon;4320;777.6;8
2026-W31;Шёпот времени;WB;3510;631.8;9
2026-W31;Тихий сад;Litres;1047;188.46;3
2026-W31;Северный экспресс;Ozon;1796;323.28;4
2026-W31;Дом у маяка;WB;1495;269.1;5
2026-W31;Игры разума;Litres;3240;583.2;6
2026-W31;Шёпот времени;Ozon;2730;491.4;7
2026-W31;Тихий сад;WB;2792;502.56;8
2026-W31;Северный экспресс;Litres;4041;727.38;9
2026-W31;Дом у маяка;Ozon;897;161.46;3
2026-W31;Игры разума;WB;2160;388.8;4
2026-W31;Шёпот времени;Litres;1950;351;5
2026-W31;Тихий сад;Ozon;2094;376.92;6
2026-W31;Северный экспресс;WB;3143;565.74;7
2026-W31;Дом у маяка;Litres;2392;430.56;8
2026-W31;Игры разума;Ozon;4860;874.8;9
2026-W31;Шёпот времени;WB;1170;210.6;3
2026-W31;Тихий сад;Litres;1396;251.28;4
2026-W31;Северный экспресс;Ozon;2245;404.1;5
2026-W31;Дом у маяка;WB;1794;322.92;6
2026-W31;Игры разума;Litres;3780;680.4;7
2026-W31;Шёпот времени;Ozon;3120;561.6;8
2026-W31;Тихий сад;WB;3141;565.38;9
2026-W31;Северный экспресс;Litres;1347;242.46;3
2026-W31;Дом у маяка;Ozon;1196;215.28;4
2026-W31;Игры разума;WB;2700;486;5
2026-W31;Шёпот времени;Litres;2340;421.2;6
2026-W31;Тихий сад;Ozon;2443;439.74;7
2026-W31;Северный экспресс;WB;3592;646.56;8
2026-W31;Дом у маяка;Litres;2691;484.38;9
2026-W31;Игры разума;Ozon;1620;291.6;3
2026-W31;Шёпот времени;WB;1560;280.8;4
2026-W31;Тихий сад;Litres;1745;314.1;5
2026-W31;Северный экспресс;Ozon;2694;484.92;6
2026-W31;Дом у маяка;WB;2093;376.74;7
2026-W31;Игры разума;Litres;4320;777.6;8
2026-W31;Шёпот времени;Ozon;3510;631.8;9
2026-W31;Тихий сад;WB;1047;188.46;3
2026-W31;Северный экспресс;Litres;1796;323.28;4
2026-W31;Дом у маяка;Ozon;1495;269.1;5
2026-W31;Игры разума;WB;3240;583.2;6
2026-W31;Шёпот времени;Litres;2730;491.4;7
2026-W31;Тихий сад;Ozon;2792;502.56;8
2026-W31;Северный экспресс;WB;4041;727.38;9
2026-W31;Дом у маяка;Litres;897;161.46;3
2026-W31;Игры разума;Ozon;2160;388.8;4
2026-W31;Шёпот времени;WB;1950;351;5
2026-W31;Тихий сад;Litres;2094;376.92;6
2026-W31;Северный экспресс;Ozon;3143;565.74;7
2026-W31;Дом у маяка;WB;2392;430.56;8
2026-W31;Игры разума;Litres;4860;874.8;9
2026-W31;Шёпот времени;Ozon;1170;210.6;3
2026-W31;Тихий сад;WB;1396;251.28;4
2026-W31;Северный экспресс;Litres;2245;404.1;5
2026-W31;Дом у маяка;Ozon;1794;322.92;6
2026-W31;Игры разума;WB;3780;680.4;7
2026-W31;Шёпот времени;Litres;3120;561.6;8
2026-W31;Тихий сад;Ozon;3141;565.38;9
2026-W31;Северный экспресс;WB;1347;242.46;3
2026-W31;Дом у маяка;Litres;1196;215.28;4
2026-W31;Игры разума;Ozon;2700;486;5
2026-W31;Шёпот времени;WB;2340;421.2;6
2026-W31;Тихий сад;Litres;2443;439.74;7
2026-W31;Северный экспресс;Ozon;3592;646.56;8
2026-W31;Дом у маяка;WB;2691;484.38;9
2026-W31;Игры разума;Litres;1620;291.6;3
2026-W31;Шёпот времени;Ozon;1560;280.8;4
2026-W32;Тихий сад;WB;1745;69.8;5
2026-W32;Северный экспресс;Litres;2694;107.76;6
2026-W32;Дом у маяка;Ozon;2093;83.72;7
2026-W32;Игры разума;WB;4320;172.8;8
2026-W32;Шёпот времени;Litres;3510;140.4;9
2026-W32;Тихий сад;Ozon;1047;41.88;3
2026-W32;Северный экспресс;WB;1796;71.84;4
2026-W32;Дом у маяка;Litres;1495;59.8;5
2026-W32;Игры разума;Ozon;3240;129.6;6
2026-W32;Шёпот времени;WB;2730;109.2;7
2026-W32;Тихий сад;Litres;2792;111.68;8
2026-W32;Северный экспресс;Ozon;4041;161.64;9
2026-W32;Дом у маяка;WB;897;35.88;3
2026-W32;Игры разума;Litres;2160;86.4;4
2026-W32;Шёпот времени;Ozon;1950;78;5
2026-W32;Тихий сад;WB;2094;83.76;6
2026-W32;Северный экспресс;Litres;3143;125.72;7
2026-W32;Дом у маяка;Ozon;2392;95.68;8
2026-W32;Игры разума;WB;4860;194.4;9
2026-W32;Шёпот времени;Litres;1170;46.8;3
2026-W32;Тихий сад;Ozon;1396;55.84;4
2026-W32;Северный экспресс;WB;2245;89.8;5
2026-W32;Дом у маяка;Litres;1794;71.76;6
2026-W32;Игры разума;Ozon;3780;151.2;7
2026-W32;Шёпот времени;WB;3120;124.8;8
2026-W32;Тихий сад;Litres;3141;125.64;9
2026-W32;Северный экспресс;Ozon;1347;53.88;3
2026-W32;Дом у маяка;WB;1196;47.84;4
2026-W32;Игры разума;Litres;2700;108;5
2026-W32;Шёпот времени;Ozon;2340;93.6;6
2026-W32;Тихий сад;WB;2443;97.72;7
2026-W32;Северный экспресс;Litres;3592;143.68;8
2026-W32;Дом у маяка;Ozon;2691;107.64;9
2026-W32;Игры разума;WB;1620;64.8;3
2026-W32;Шёпот времени;Litres;1560;62.4;4
2026-W32;Тихий сад;Ozon;1745;69.8;5
2026-W32;Северный экспресс;WB;2694;107.76;6
2026-W32;Дом у маяка;Litres;2093;83.72;7
2026-W32;Игры разума;Ozon;4320;172.8;8
2026-W32;Шёпот времени;WB;3510;140.4;9
2026-W32;Тихий сад;Litres;1047;41.88;3
2026-W32;Северный экспресс;Ozon;1796;71.84;4
2026-W32;Дом у маяка;WB;1495;59.8;5
2026-W32;Игры разума;Litres;3240;129.6;6
2026-W32;Шёпот времени;Ozon;2730;109.2;7
2026-W32;Тихий сад;WB;2792;111.68;8
2026-W32;Северный экспресс;Litres;4041;161.64;9
2026-W32;Дом у маяка;Ozon;897;35.88;3
2026-W32;Игры разума;WB;2160;86.4;4
2026-W32;Шёпот времени;Litres;1950;78;5
2026-W32;Тихий сад;Ozon;2094;83.76;6
2026-W32;Северный экспресс;WB;3143;125.72;7
2026-W32;Дом у маяка;Litres;2392;95.68;8
2026-W32;Игры разума;Ozon;4860;194.4;9
2026-W32;Шёпот времени;WB;1170;46.8;3
2026-W32;Тихий сад;Litres;1396;55.84;4
2026-W32;Северный экспресс;Ozon;2245;89.8;5
2026-W32;Дом у маяка;WB;1794;71.76;6
2026-W32;Игры разума;Litres;3780;151.2;7
2026-W32;Шёпот времени;Ozon;3120;124.8;8
2026-W32;Тихий сад;WB;3141;125.64;9
2026-W32;Северный экспресс;Litres;1347;53.88;3
2026-W32;Дом у маяка;Ozon;1196;47.84;4
2026-W32;Игры разума;WB;2700;108;5
2026-W32;Шёпот времени;Litres;2340;93.6;6
2026-W32;Тихий сад;Ozon;2443;97.72;7
2026-W32;Северный экспресс;WB;3592;143.68;8
2026-W32;Дом у маяка;Litres;2691;107.64;9
2026-W32;Игры разума;Ozon;1620;64.8;3
2026-W32;Шёпот времени;WB;1560;62.4;4
2026-W32;Тихий сад;Litres;1745;69.8;5
2026-W32;Северный экспресс;Ozon;2694;107.76;6
2026-W32;Дом у маяка;WB;2093;83.72;7
2026-W32;Игры разума;Litres;4320;172.8;8
2026-W32;Шёпот времени;Ozon;3510;140.4;9
2026-W32;Тихий сад;WB;1047;41.88;3
2026-W32;Северный экспресс;Litres;1796;71.84;4
2026-W32;Дом у маяка;Ozon;1495;59.8;5
2026-W32;Игры разума;WB;3240;129.6;6
2026-W32;Шёпот времени;Litres;2730;109.2;7
2026-W32;Тихий сад;Ozon;2792;111.68;8
2026-W32;Северный экспресс;WB;4041;161.64;9
2026-W32;Дом у маяка;Litres;897;35.88;3
2026-W32;Игры разума;Ozon;2160;86.4;4
2026-W32;Шёпот времени;WB;1950;78;5
2026-W32;Тихий сад;Litres;2094;83.76;6
2026-W32;Северный экспресс;Ozon;3143;125.72;7
2026-W32;Дом у маяка;WB;2392;95.68;8
2026-W32;Игры разума;Litres;4860;194.4;9
2026-W32;Шёпот времени;Ozon;1170;46.8;3
2026-W32;Тихий сад;WB;1396;55.84;4
2026-W32;Северный экспресс;Litres;2245;89.8;5
2026-W32;Дом у маяка;Ozon;1794;71.76;6
2026-W32;Игры разума;WB;3780;151.2;7
2026-W32;Шёпот времени;Litres;3120;124.8;8
2026-W32;Тихий сад;Ozon;3141;125.64;9
2026-W32;Северный экспресс;WB;1347;53.88;3
2026-W32;Дом у маяка;Litres;1196;47.84;4
2026-W32;Игры разума;Ozon;2700;108;5
2026-W32;Шёпот времени;WB;2340;93.6;6
2026-W32;Тихий сад;Litres;2443;97.72;7
2026-W32;Северный экспресс;Ozon;3592;143.68;8
2026-W32;Дом у маяка;WB;2691;107.64;9
2026-W32;Игры разума;Litres;1620;64.8;3
2026-W32;Шёпот времени;Ozon;1560;62.4;4
2026-W32;Тихий сад;WB;1745;69.8;5
2026-W32;Северный экспресс;Litres;2694;107.76;6
2026-W32;Дом у маяка;Ozon;2093;83.72;7
2026-W32;Игры разума;WB;4320;172.8;8
2026-W32;Шёпот времени;Litres;3510;140.4;9
2026-W32;Тихий сад;Ozon;1047;41.88;3
2026-W32;Северный экспресс;WB;1796;71.84;4
2026-W32;Дом у маяка;Litres;1495;59.8;5
2026-W32;Игры разума;Ozon;3240;129.6;6
2026-W32;Шёпот времени;WB;2730;109.2;7
2026-W32;Тихий сад;Litres;2792;111.68;8
2026-W32;Северный экспресс;Ozon;4041;161.64;9
2026-W32;Дом у маяка;WB;897;35.88;3
2026-W32;Игры разума;Litres;2160;86.4;4
2026-W32;Шёпот времени;Ozon;1950;78;5
2026-W32;Тихий сад;WB;2094;83.76;6
2026-W32;Северный экспресс;Litres;3143;125.72;7
2026-W32;Дом у маяка;Ozon;2392;95.68;8
2026-W32;Игры разума;WB;4860;194.4;9
2026-W32;Шёпот времени;Litres;1170;46.8;3
2026-W32;Тихий сад;Ozon;1396;55.84;4
2026-W32;Северный экспресс;WB;2245;89.8;5
2026-W32;Дом у маяка;Litres;1794;71.76;6
2026-W32;Игры разума;Ozon;3780;151.2;7
2026-W32;Шёпот времени;WB;3120;124.8;8
2026-W32;Тихий сад;Litres;3141;125.64;9
2026-W32;Северный экспресс;Ozon;1347;53.88;3
2026-W32;Дом у маяка;WB;1196;47.84;4
2026-W32;Игры разума;Litres;2700;108;5
2026-W32;Шёпот времени;Ozon;2340;93.6;6
2026-W32;Тихий сад;WB;2443;97.72;7
2026-W32;Северный экспресс;Litres;3592;143.68;8
2026-W32;Дом у маяка;Ozon;2691;107.64;9
2026-W32;Игры разума;WB;1620;64.8;3
2026-W32;Шёпот времени;Litres;1560;62.4;4
2026-W32;Тихий сад;Ozon;1745;69.8;5
2026-W32;Северный экспресс;WB;2694;107.76;6
2026-W32;Дом у маяка;Litres;2093;83.72;7
2026-W32;Игры разума;Ozon;4320;172.8;8
2026-W32;Шёпот времени;WB;3510;140.4;9
2026-W32;Тихий сад;Litres;1047;41.88;3
2026-W32;Северный экспресс;Ozon;1796;71.84;4
2026-W32;Дом у маяка;WB;1495;59.8;5
2026-W32;Игры разума;Litres;3240;129.6;6
2026-W32;Шёпот времени;Ozon;2730;109.2;7
2026-W32;Тихий сад;WB;2792;111.68;8
2026-W32;Северный экспресс;Litres;4041;161.64;9
2026-W32;Дом у маяка;Ozon;897;35.88;3
2026-W32;Игры разума;WB;2160;86.4;4
2026-W32;Шёпот времени;Litres;1950;78;5
2026-W32;Тихий сад;Ozon;2094;83.76;6
2026-W32;Северный экспресс;WB;3143;125.72;7
2026-W32;Дом у маяка;Litres;2392;95.68;8
2026-W32;Игры разума;Ozon;4860;194.4;9
2026-W32;Шёпот времени;WB;1170;46.8;3
2026-W32;Тихий сад;Litres;1396;55.84;4
2026-W32;Северный экспресс;Ozon;2245;89.8;5
2026-W32;Дом у маяка;WB;1794;71.76;6
2026-W32;Игры разума;Litres;3780;151.2;7
2026-W32;Шёпот времени;Ozon;3120;124.8;8
2026-W32;Тихий сад;WB;3141;125.64;9
2026-W32;Северный экспресс;Litres;1347;53.88;3
2026-W32;Дом у маяка;Ozon;1196;47.84;4
2026-W32;Игры разума;WB;2700;108;5
2026-W32;Шёпот времени;Litres;2340;93.6;6
2026-W32;Тихий сад;Ozon;2443;97.72;7
2026-W32;Северный экспресс;WB;3592;143.68;8
2026-W32;Дом у маяка;Litres;2691;107.64;9
2026-W32;Игры разума;Ozon;1620;64.8;3
2026-W32;Шёпот времени;WB;1560;62.4;4
2026-W32;Тихий сад;Litres;1745;69.8;5
2026-W32;Северный экспресс;Ozon;2694;107.76;6
2026-W32;Дом у маяка;WB;2093;83.72;7
2026-W32;Игры разума;Litres;4320;172.8;8
2026-W32;Шёпот времени;Ozon;3510;140.4;9
2026-W32;Тихий сад;WB;1047;41.88;3
2026-W32;Северный экспресс;Litres;1796;71.84;4
2026-W32;Дом у маяка;Ozon;1495;59.8;5
2026-W32;Игры разума;WB;3240;129.6;6
2026-W32;Шёпот времени;Litres;2730;109.2;7
2026-W32;Тихий сад;Ozon;2792;111.68;8
2026-W32;Северный экспресс;WB;4041;161.64;9
2026-W32;Дом у маяка;Litres;897;35.88;3
2026-W32;Игры разума;Ozon;2160;86.4;4
2026-W32;Шёпот времени;WB;1950;78;5
2026-W32;Тихий сад;Litres;2094;83.76;6
2026-W32;Северный экспресс;Ozon;3143;125.72;7
2026-W32;Дом у маяка;WB;2392;95.68;8
2026-W32;Игры разума;Litres;4860;194.4;9
2026-W32;Шёпот времени;Ozon;1170;46.8;3
2026-W32;Тихий сад;WB;1396;55.84;4
2026-W32;Северный экспресс;Litres;2245;89.8;5
2026-W32;Дом у маяка;Ozon;1794;71.76;6
2026-W32;Игры разума;WB;3780;151.2;7
2026-W32;Шёпот времени;Litres;3120;124.8;8
2026-W32;Тихий сад;Ozon;3141;125.64;9
2026-W32;Северный экспресс;WB;1347;53.88;3
2026-W32;Дом у маяка;Litres;1196;47.84;4
2026-W32;Игры разума;Ozon;2700;108;5
2026-W32;Шёпот времени;WB;2340;93.6;6
2026-W32;Тихий сад;Litres;2443;97.72;7
2026-W32;Северный экспресс;Ozon;3592;143.68;8
2026-W32;Дом у маяка;WB;2691;107.64;9
2026-W32;Игры разума;Litres;1620;64.8;3
2026-W32;Шёпот времени;Ozon;1560;62.4;4
2026-W32;Тихий сад;WB;1745;69.8;5
2026-W32;Северный экспресс;Litres;2694;107.76;6
2026-W32;Дом у маяка;Ozon;2093;83.72;7
2026-W32;Игры разума;WB;4320;172.8;8
2026-W32;Шёпот времени;Litres;3510;140.4;9
2026-W32;Тихий сад;Ozon;1047;41.88;3
2026-W32;Северный экспресс;WB;1796;71.84;4
2026-W32;Дом у маяка;Litres;1495;59.8;5
2026-W32;Игры разума;Ozon;3240;129.6;6
2026-W32;Шёпот времени;WB;2730;109.2;7
2026-W32;Тихий сад;Litres;2792;111.68;8
2026-W32;Северный экспресс;Ozon;4041;161.64;9
2026-W32;Дом у маяка;WB;897;35.88;3
2026-W32;Игры разума;Litres;2160;86.4;4
2026-W32;Шёпот времени;Ozon;1950;78;5
2026-W32;Тихий сад;WB;2094;83.76;6
2026-W32;Северный экспресс;Litres;3143;125.72;7
2026-W32;Дом у маяка;Ozon;2392;95.68;8
2026-W32;Игры разума;WB;4860;194.4;9
2026-W32;Шёпот времени;Litres;1170;46.8;3
2026-W32;Тихий сад;Ozon;1396;55.84;4
2026-W32;Северный экспресс;WB;2245;89.8;5
2026-W32;Дом у маяка;Litres;1794;71.76;6
2026-W32;Игры разума;Ozon;3780;151.2;7
2026-W32;Шёпот времени;WB;3120;124.8;8
2026-W32;Тихий сад;Litres;3141;125.64;9
2026-W32;Северный экспресс;Ozon;1347;53.88;3
2026-W32;Дом у маяка;WB;1196;47.84;4
2026-W32;Игры разума;Litres;2700;108;5
2026-W32;Шёпот времени;Ozon;2340;93.6;6
2026-W32;Тихий сад;WB;2443;97.72;7
2026-W32;Северный экспресс;Litres;3592;143.68;8
2026-W32;Дом у маяка;Ozon;2691;107.64;9
2026-W32;Игры разума;WB;1620;64.8;3
2026-W32;Шёпот времени;Litres;1560;62.4;4
2026-W32;Тихий сад;Ozon;1745;69.8;5
2026-W32;Северный экспресс;WB;2694;107.76;6
2026-W32;Дом у маяка;Litres;2093;83.72;7
2026-W32;Игры разума;Ozon;4320;172.8;8
2026-W32;Шёпот времени;WB;3510;140.4;9
2026-W32;Тихий сад;Litres;1047;41.88;3
2026-W32;Северный экспресс;Ozon;1796;71.84;4
2026-W32;Дом у маяка;WB;1495;59.8;5
2026-W32;Игры разума;Litres;3240;129.6;6
2026-W32;Шёпот времени;Ozon;2730;109.2;7
2026-W32;Тихий сад;WB;2792;111.68;8
2026-W32;Северный экспресс;Litres;4041;161.64;9
2026-W32;Дом у маяка;Ozon;897;35.88;3
2026-W32;Игры разума;WB;2160;86.4;4
2026-W32;Шёпот времени;Litres;1950;78;5
2026-W32;Тихий сад;Ozon;2094;83.76;6
2026-W32;Северный экспресс;WB;3143;125.72;7
2026-W32;Дом у маяка;Litres;2392;95.68;8
2026-W32;Игры разума;Ozon;4860;194.4;9
2026-W32;Шёпот времени;WB;1170;46.8;3
2026-W32;Тихий сад;Litres;1396;55.84;4
2026-W32;Северный экспресс;Ozon;2245;89.8;5
2026-W32;Дом у маяка;WB;1794;71.76;6
2026-W32;Игры разума;Litres;3780;151.2;7
2026-W32;Шёпот времени;Ozon;3120;124.8;8
2026-W32;Тихий сад;WB;3141;125.64;9
2026-W32;Северный экспресс;Litres;1347;53.88;3
2026-W32;Дом у маяка;Ozon;1196;47.84;4
2026-W32;Игры разума;WB;2700;108;5
2026-W32;Шёпот времени;Litres;2340;93.6;6
2026-W32;Тихий сад;Ozon;2443;97.72;7
2026-W32;Северный экспресс;WB;3592;143.68;8
2026-W32;Дом у маяка;Litres;2691;107.64;9
2026-W32;Игры разума;Ozon;1620;64.8;3
2026-W32;Шёпот времени;WB;1560;62.4;4
2026-W32;Тихий сад;Litres;1745;69.8;5
2026-W32;Северный экспресс;Ozon;2694;107.76;6
2026-W32;Дом у маяка;WB;2093;83.72;7
2026-W32;Игры разума;Litres;4320;172.8;8
2026-W32;Шёпот времени;Ozon;3510;140.4;9
2026-W32;Тихий сад;WB;1047;41.88;3
2026-W32;Северный экспресс;Litres;1796;71.84;4
2026-W32;Дом у маяка;Ozon;1495;59.8;5
2026-W32;Игры разума;WB;3240;129.6;6
2026-W32;Шёпот времени;Litres;2730;109.2;7
2026-W32;Тихий сад;Ozon;2792;111.68;8
2026-W32;Северный экспресс;WB;4041;161.64;9
2026-W32;Дом у маяка;Litres;897;35.88;3
2026-W32;Игры разума;Ozon;2160;86.4;4
2026-W32;Шёпот времени;WB;1950;78;5
2026-W32;Тихий сад;Litres;2094;83.76;6
2026-W32;Северный экспресс;Ozon;3143;125.72;7
2026-W32;Дом у маяка;WB;2392;95.68;8
2026-W32;Игры разума;Litres;4860;194.4;9
2026-W32;Шёпот времени;Ozon;1170;46.8;3
2026-W32;Тихий сад;WB;1396;55.84;4
2026-W32;Северный экспресс;Litres;2245;89.8;5
2026-W32;Дом у маяка;Ozon;1794;71.76;6
2026-W32;Игры разума;WB;3780;151.2;7
2026-W32;Шёпот времени;Litres;3120;124.8;8
2026-W32;Тихий сад;Ozon;3141;125.64;9
2026-W32;Северный экспресс;WB;1347;53.88;3
2026-W32;Дом у маяка;Litres;1196;47.84;4
2026-W32;Игры разума;Ozon;2700;108;5
2026-W32;Шёпот времени;WB;2340;93.6;6
2026-W32;Тихий сад;Litres;2443;97.72;7
2026-W32;Северный экспресс;Ozon;3592;143.68;8
2026-W32;Дом у маяка;WB;2691;107.64;9
2026-W32;Игры разума;Litres;1620;64.8;3
2026-W32;Шёпот времени;Ozon;1560;62.4;4
2026-W32;Тихий сад;WB;1745;69.8;5
2026-W32;Северный экспресс;Litres;2694;107.76;6
2026-W32;Дом у маяка;Ozon;2093;83.72;7
2026-W32;Игры разума;WB;4320;172.8;8
2026-W32;Шёпот времени;Litres;3510;140.4;9
2026-W32;Тихий сад;Ozon;1047;41.88;3
2026-W32;Северный экспресс;WB;1796;71.84;4
2026-W32;Дом у маяка;Litres;1495;59.8;5
2026-W32;Игры разума;Ozon;3240;129.6;6
2026-W32;Шёпот времени;WB;2730;109.2;7
2026-W32;Тихий сад;Litres;2792;111.68;8
2026-W32;Северный экспресс;Ozon;4041;161.64;9
2026-W32;Дом у маяка;WB;897;35.88;3
2026-W32;Игры разума;Litres;2160;86.4;4
2026-W32;Шёпот времени;Ozon;1950;78;5
2026-W32;Тихий сад;WB;2094;83.76;6
2026-W32;Северный экспресс;Litres;3143;125.72;7
2026-W32;Дом у маяка;Ozon;2392;95.68;8
2026-W32;Игры разума;WB;4860;194.4;9
2026-W32;Шёпот времени;Litres;1170;46.8;3
2026-W32;Тихий сад;Ozon;1396;55.84;4
2026-W32;Северный экспресс;WB;2245;89.8;5
2026-W32;Дом у маяка;Litres;1794;71.76;6
2026-W32;Игры разума;Ozon;3780;151.2;7
2026-W32;Шёпот времени;WB;3120;124.8;8
2026-W32;Тихий сад;Litres;3141;125.64;9
2026-W32;Северный экспресс;Ozon;1347;53.88;3
2026-W32;Дом у маяка;WB;1196;47.84;4
2026-W32;Игры разума;Litres;2700;108;5
2026-W32;Шёпот времени;Ozon;2340;93.6;6
2026-W32;Тихий сад;WB;2443;97.72;7
2026-W32;Северный экспресс;Litres;3592;143.68;8
2026-W32;Дом у маяка;Ozon;2691;107.64;9
2026-W32;Игры разума;WB;1620;64.8;3
2026-W32;Шёпот времени;Litres;1560;62.4;4
2026-W32;Тихий сад;Ozon;1745;69.8;5
2026-W32;Северный экспресс;WB;2694;107.76;6
2026-W32;Дом у маяка;Litres;2093;83.72;7
2026-W32;Игры разума;Ozon;4320;172.8;8
2026-W32;Шёпот времени;WB;3510;140.4;9
2026-W32;Тихий сад;Litres;1047;41.88;3
2026-W32;Северный экспресс;Ozon;1796;71.84;4
2026-W32;Дом у маяка;WB;1495;59.8;5
2026-W32;Игры разума;Litres;3240;129.6;6
2026-W32;Шёпот времени;Ozon;2730;109.2;7
2026-W32;Тихий сад;WB;2792;111.68;8
2026-W32;Северный экспресс;Litres;4041;161.64;9
2026-W32;Дом у маяка;Ozon;897;35.88;3
2026-W32;Игры разума;WB;2160;86.4;4
2026-W32;Шёпот времени;Litres;1950;78;5
2026-W32;Тихий сад;Ozon;2094;83.76;6
2026-W32;Северный экспресс;WB;3143;125.72;7
2026-W32;Дом у маяка;Litres;2392;95.68;8
2026-W32;Игры разума;Ozon;4860;194.4;9
2026-W32;Шёпот времени;WB;1170;46.8;3
2026-W32;Тихий сад;Litres;1396;55.84;4
2026-W32;Северный экспресс;Ozon;2245;89.8;5
2026-W32;Дом у маяка;WB;1794;71.76;6
2026-W32;Игры разума;Litres;3780;151.2;7
2026-W32;Шёпот времени;Ozon;3120;124.8;8
2026-W32;Тихий сад;WB;3141;125.64;9
2026-W32;Северный экспресс;Litres;1347;53.88;3
2026-W32;Дом у маяка;Ozon;1196;47.84;4
2026-W32;Игры разума;WB;2700;108;5
2026-W32;Шёпот времени;Litres;2340;93.6;6
2026-W32;Тихий сад;Ozon;2443;97.72;7
2026-W32;Северный экспресс;WB;3592;143.68;8
2026-W32;Дом у маяка;Litres;2691;107.64;9
2026-W32;Игры разума;Ozon;1620;64.8;3
2026-W32;Шёпот времени;WB;1560;62.4;4
2026-W32;Тихий сад;Litres;1745;69.8;5
2026-W32;Северный экспресс;Ozon;2694;107.76;6
2026-W32;Дом у маяка;WB;2093;83.72;7
2026-W32;Игры разума;Litres;4320;172.8;8
2026-W32;Шёпот времени;Ozon;3510;140.4;9
2026-W32;Тихий сад;WB;1047;41.88;3
2026-W32;Северный экспресс;Litres;1796;71.84;4
2026-W32;Дом у маяка;Ozon;1495;59.8;5
2026-W32;Игры разума;WB;3240;129.6;6
2026-W32;Шёпот времени;Litres;2730;109.2;7
2026-W32;Тихий сад;Ozon;2792;111.68;8
2026-W32;Северный экспресс;WB;4041;161.64;9
2026-W32;Дом у маяка;Litres;897;35.88;3
2026-W32;Игры разума;Ozon;2160;86.4;4
2026-W32;Шёпот времени;WB;1950;78;5
2026-W32;Тихий сад;Litres;2094;83.76;6
2026-W32;Северный экспресс;Ozon;3143;125.72;7
2026-W32;Дом у маяка;WB;2392;95.68;8
2026-W32;Игры разума;Litres;4860;194.4;9
2026-W32;Шёпот времени;Ozon;1170;46.8;3
2026-W32;Тихий сад;WB;1396;55.84;4
2026-W32;Северный экспресс;Litres;2245;89.8;5
2026-W32;Дом у маяка;Ozon;1794;71.76;6
2026-W32;Игры разума;WB;3780;151.2;7
2026-W32;Шёпот времени;Litres;3120;124.8;8
2026-W32;Тихий сад;Ozon;3141;125.64;9
2026-W32;Северный экспресс;WB;1347;53.88;3
2026-W32;Дом у маяка;Litres;1196;47.84;4
2026-W32;Игры разума;Ozon;2700;108;5
2026-W32;Шёпот времени;WB;2340;93.6;6
2026-W32;Тихий сад;Litres;2443;97.72;7
2026-W32;Северный экспресс;Ozon;3592;143.68;8
2026-W32;Дом у маяка;WB;2691;107.64;9
2026-W32;Игры разума;Litres;1620;64.8;3
2026-W32;Шёпот времени;Ozon;1560;62.4;4
2026-W32;Тихий сад;WB;1745;69.8;5
2026-W32;Северный экспресс;Litres;2694;107.76;6
2026-W32;Дом у маяка;Ozon;2093;83.72;7
2026-W32;Игры разума;WB;4320;172.8;8
2026-W32;Шёпот времени;Litres;3510;140.4;9
2026-W32;Тихий сад;Ozon;1047;41.88;3
2026-W32;Северный экспресс;WB;1796;71.84;4
2026-W32;Дом у маяка;Litres;1495;59.8;5
2026-W32;Игры разума;Ozon;3240;129.6;6
2026-W32;Шёпот времени;WB;2730;109.2;7
2026-W32;Тихий сад;Litres;2792;111.68;8
2026-W32;Северный экспресс;Ozon;4041;161.64;9
2026-W32;Дом у маяка;WB;897;35.88;3
2026-W32;Игры разума;Litres;2160;86.4;4
2026-W32;Шёпот времени;Ozon;1950;78;5
2026-W32;Тихий сад;WB;2094;83.76;6
2026-W32;Северный экспресс;Litres;3143;125.72;7
2026-W32;Дом у маяка;Ozon;2392;95.68;8
2026-W32;Игры разума;WB;4860;194.4;9
2026-W32;Шёпот времени;Litres;1170;46.8;3
2026-W32;Тихий сад;Ozon;1396;55.84;4
2026-W32;Северный экспресс;WB;2245;89.8;5
2026-W32;Дом у маяка;Litres;1794;71.76;6
2026-W32;Игры разума;Ozon;3780;151.2;7
2026-W32;Шёпот времени;WB;3120;124.8;8
2026-W32;Тихий сад;Litres;3141;125.64;9
2026-W32;Северный экспресс;Ozon;1347;53.88;3
2026-W32;Дом у маяка;WB;1196;47.84;4
2026-W32;Игры разума;Litres;2700;108;5
2026-W32;Шёпот времени;Ozon;2340;93.6;6
2026-W32;Тихий сад;WB;2443;97.72;7
2026-W32;Северный экспресс;Litres;3592;143.68;8
2026-W32;Дом у маяка;Ozon;2691;107.64;9
2026-W32;Игры разума;WB;1620;64.8;3
2026-W32;Шёпот времени;Litres;1560;62.4;4
2026-W32;Тихий сад;Ozon;1745;69.8;5
2026-W32;Северный экспресс;WB;2694;107.76;6
2026-W32;Дом у маяка;Litres;2093;83.72;7
2026-W32;Игры разума;Ozon;4320;172.8;8
2026-W32;Шёпот времени;WB;3510;140.4;9
2026-W32;Тихий сад;Litres;1047;41.88;3
2026-W32;Северный экспресс;Ozon;1796;71.84;4
2026-W32;Дом у маяка;WB;1495;59.8;5
2026-W32;Игры разума;Litres;3240;129.6;6
2026-W32;Шёпот времени;Ozon;2730;109.2;7
2026-W32;Тихий сад;WB;2792;111.68;8
2026-W32;Северный экспресс;Litres;4041;161.64;9
2026-W32;Дом у маяка;Ozon;897;35.88;3
2026-W32;Игры разума;WB;2160;86.4;4
2026-W32;Шёпот времени;Litres;1950;78;5
2026-W32;Тихий сад;Ozon;2094;83.76;6
2026-W32;Северный экспресс;WB;3143;125.72;7
2026-W32;Дом у маяка;Litres;2392;95.68;8
2026-W32;Игры разума;Ozon;4860;194.4;9
2026-W32;Шёпот времени;WB;1170;46.8;3
2026-W32;Тихий сад;Litres;1396;55.84;4
2026-W32;Северный экспресс;Ozon;2245;89.8;5
2026-W32;Дом у маяка;WB;1794;71.76;6
2026-W32;Игры разума;Litres;3780;151.2;7
2026-W32;Шёпот времени;Ozon;3120;124.8;8
2026-W32;Тихий сад;WB;3141;125.64;9
2026-W32;Северный экспресс;Litres;1347;53.88;3
2026-W32;Дом у маяка;Ozon;1196;47.84;4
2026-W32;Игры разума;WB;2700;108;5
2026-W32;Шёпот времени;Litres;2340;93.6;6
2026-W32;Тихий сад;Ozon;2443;97.72;7
2026-W32;Северный экспресс;WB;3592;143.68;8
2026-W32;Дом у маяка;Litres;2691;107.64;9
2026-W32;Игры разума;Ozon;1620;64.8;3
2026-W32;Шёпот времени;WB;1560;62.4;4
2026-W32;Тихий сад;Litres;1745;69.8;5
2026-W32;Северный экспресс;Ozon;2694;107.76;6
2026-W32;Дом у маяка;WB;2093;83.72;7
2026-W32;Игры разума;Litres;4320;172.8;8
2026-W32;Шёпот времени;Ozon;3510;140.4;9
2026-W32;Тихий сад;WB;1047;41.88;3
2026-W32;Северный экспресс;Litres;1796;71.84;4
2026-W32;Дом у маяка;Ozon;1495;59.8;5
2026-W32;Игры разума;WB;3240;129.6;6
2026-W32;Шёпот времени;Litres;2730;109.2;7
2026-W32;Тихий сад;Ozon;2792;111.68;8
2026-W32;Северный экспресс;WB;4041;161.64;9
2026-W32;Дом у маяка;Litres;897;35.88;3
2026-W32;Игры разума;Ozon;2160;86.4;4
2026-W32;Шёпот времени;WB;1950;78;5
2026-W32;Тихий сад;Litres;2094;83.76;6
2026-W32;Северный экспресс;Ozon;3143;125.72;7
2026-W32;Дом у маяка;WB;2392;95.68;8
2026-W32;Игры разума;Litres;4860;194.4;9
2026-W32;Шёпот времени;Ozon;1170;46.8;3
2026-W32;Тихий сад;WB;1396;55.84;4
2026-W32;Северный экспресс;Litres;2245;89.8;5
2026-W32;Дом у маяка;Ozon;1794;71.76;6
2026-W32;Игры разума;WB;3780;151.2;7
2026-W32;Шёпот времени;Litres;3120;124.8;8
2026-W32;Тихий сад;Ozon;3141;125.64;9
2026-W32;Северный экспресс;WB;1347;53.88;3
2026-W32;Дом у маяка;Litres;1196;47.84;4
2026-W32;Игры разума;Ozon;2700;108;5
2026-W32;Шёпот времени;WB;2340;93.6;6
2026-W32;Тихий сад;Litres;2443;97.72;7
2026-W32;Северный экспресс;Ozon;3592;143.68;8
2026-W32;Дом у маяка;WB;2691;107.64;9
2026-W32;Игры разума;Litres;1620;64.8;3
2026-W32;Шёпот времени;Ozon;1560;62.4;4
2026-W32;Тихий сад;WB;1745;69.8;5
2026-W32;Северный экспресс;Litres;2694;107.76;6
2026-W32;Дом у маяка;Ozon;2093;83.72;7
2026-W32;Игры разума;WB;4320;172.8;8
2026-W32;Шёпот времени;Litres;3510;140.4;9
2026-W32;Тихий сад;Ozon;1047;41.88;3
2026-W32;Северный экспресс;WB;1796;71.84;4
2026-W32;Дом у маяка;Litres;1495;59.8;5
2026-W32;Игры разума;Ozon;3240;129.6;6
2026-W32;Шёпот времени;WB;2730;109.2;7
2026-W32;Тихий сад;Litres;2792;111.68;8
2026-W32;Северный экспресс;Ozon;4041;161.64;9
2026-W32;Дом у маяка;WB;897;35.88;3
2026-W32;Игры разума;Litres;2160;86.4;4
2026-W32;Шёпот времени;Ozon;1950;78;5
2026-W32;Тихий сад;WB;2094;83.76;6
2026-W32;Северный экспресс;Litres;3143;125.72;7
2026-W32;Дом у маяка;Ozon;2392;95.68;8
2026-W32;Игры разума;WB;4860;194.4;9
2026-W32;Шёпот времени;Litres;1170;46.8;3
2026-W32;Тихий сад;Ozon;1396;55.84;4
2026-W32;Северный экспресс;WB;2245;89.8;5
2026-W32;Дом у маяка;Litres;1794;71.76;6
2026-W32;Игры разума;Ozon;3780;151.2;7
2026-W32;Шёпот времени;WB;3120;124.8;8
2026-W32;Тихий сад;Litres;3141;125.64;9
2026-W32;Северный экспресс;Ozon;1347;53.88;3
2026-W32;Дом у маяка;WB;1196;47.84;4
2026-W32;Игры разума;Litres;2700;108;5
2026-W32;Шёпот времени;Ozon;2340;93.6;6
2026-W32;Тихий сад;WB;2443;97.72;7
2026-W32;Северный экспресс;Litres;3592;143.68;8
2026-W32;Дом у маяка;Ozon;2691;107.64;9
2026-W32;Игры разума;WB;1620;64.8;3
2026-W32;Шёпот времени;Litres;1560;62.4;4
2026-W32;Тихий сад;Ozon;1745;69.8;5
2026-W32;Северный экспресс;WB;2694;107.76;6
2026-W32;Дом у маяка;Litres;2093;83.72;7
2026-W32;Игры разума;Ozon;4320;172.8;8
2026-W32;Шёпот времени;WB;3510;140.4;9
2026-W32;Тихий сад;Litres;1047;41.88;3
2026-W32;Северный экспресс;Ozon;1796;71.84;4
2026-W32;Дом у маяка;WB;1495;59.8;5
2026-W32;Игры разума;Litres;3240;129.6;6
2026-W32;Шёпот времени;Ozon;2730;109.2;7
2026-W32;Тихий сад;WB;2792;111.68;8
2026-W32;Северный экспресс;Litres;4041;161.64;9
2026-W32;Дом у маяка;Ozon;897;35.88;3
2026-W32;Игры разума;WB;2160;86.4;4
2026-W32;Шёпот времени;Litres;1950;78;5
2026-W32;Тихий сад;Ozon;2094;83.76;6
2026-W32;Северный экспресс;WB;3143;125.72;7
2026-W32;Дом у маяка;Litres;2392;95.68;8
2026-W32;Игры разума;Ozon;4860;194.4;9
2026-W32;Шёпот времени;WB;1170;46.8;3
2026-W32;Тихий сад;Litres;1396;55.84;4
2026-W32;Северный экспресс;Ozon;2245;89.8;5
2026-W32;Дом у маяка;WB;1794;71.76;6
2026-W32;Игры разума;Litres;3780;151.2;7
2026-W32;Шёпот времени;Ozon;3120;124.8;8
2026-W32;Тихий сад;WB;3141;125.64;9
2026-W32;Северный экспресс;Litres;1347;53.88;3
2026-W32;Дом у маяка;Ozon;1196;47.84;4
2026-W32;Игры разума;WB;2700;108;5
2026-W32;Шёпот времени;Litres;2340;93.6;6
2026-W32;Тихий сад;Ozon;2443;97.72;7
2026-W32;Северный экспресс;WB;3592;143.68;8
2026-W32;Дом у маяка;Litres;2691;107.64;9
2026-W32;Игры разума;Ozon;1620;64.8;3
2026-W32;Шёпот времени;WB;1560;62.4;4
2026-W32;Тихий сад;Litres;1745;69.8;5
2026-W32;Северный экспресс;Ozon;2694;107.76;6
2026-W32;Дом у маяка;WB;2093;83.72;7
2026-W32;Игры разума;Litres;4320;172.8;8
2026-W32;Шёпот времени;Ozon;3510;140.4;9
2026-W32;Тихий сад;WB;1047;41.88;3
2026-W32;Северный экспресс;Litres;1796;71.84;4
2026-W32;Дом у маяка;Ozon;1495;59.8;5
2026-W32;Игры разума;WB;3240;129.6;6
2026-W32;Шёпот времени;Litres;2730;109.2;7
2026-W32;Тихий сад;Ozon;2792;111.68;8
2026-W32;Северный экспресс;WB;4041;161.64;9
2026-W32;Дом у маяка;Litres;897;35.88;3
2026-W32;Игры разума;Ozon;2160;86.4;4
2026-W32;Шёпот времени;WB;1950;78;5
2026-W32;Тихий сад;Litres;2094;83.76;6
2026-W32;Северный экспресс;Ozon;3143;125.72;7
2026-W32;Дом у маяка;WB;2392;95.68;8
2026-W32;Игры разума;Litres;4860;194.4;9
2026-W32;Шёпот времени;Ozon;1170;46.8;3
2026-W32;Тихий сад;WB;1396;55.84;4
2026-W32;Северный экспресс;Litres;2245;89.8;5
2026-W32;Дом у маяка;Ozon;1794;71.76;6
2026-W32;Игры разума;WB;3780;151.2;7
2026-W32;Шёпот времени;Litres;3120;124.8;8
2026-W32;Тихий сад;Ozon;3141;125.64;9
2026-W32;Северный экспресс;WB;1347;53.88;3
2026-W32;Дом у маяка;Litres;1196;47.84;4
2026-W32;Игры разума;Ozon;2700;108;5
2026-W32;Шёпот времени;WB;2340;93.6;6
2026-W32;Тихий сад;Litres;2443;97.72;7
2026-W32;Северный экспресс;Ozon;3592;143.68;8
2026-W32;Дом у маяка;WB;2691;107.64;9
2026-W32;Игры разума;Litres;1620;64.8;3
2026-W32;Шёпот времени;Ozon;1560;62.4;4
2026-W32;Тихий сад;WB;1745;69.8;5
2026-W32;Северный экспресс;Litres;2694;107.76;6
2026-W32;Дом у маяка;Ozon;2093;83.72;7
2026-W32;Игры разума;WB;4320;172.8;8
2026-W32;Шёпот времени;Litres;3510;140.4;9
2026-W32;Тихий сад;Ozon;1047;41.88;3
2026-W32;Северный экспресс;WB;1796;71.84;4
2026-W32;Дом у маяка;Litres;1495;59.8;5
2026-W32;Игры разума;Ozon;3240;129.6;6
2026-W32;Шёпот времени;WB;2730;109.2;7
2026-W32;Тихий сад;Litres;2792;111.68;8
2026-W32;Северный экспресс;Ozon;4041;161.64;9
2026-W32;Дом у маяка;WB;897;35.88;3
2026-W32;Игры разума;Litres;2160;86.4;4
2026-W32;Шёпот времени;Ozon;1950;78;5
2026-W32;Тихий сад;WB;2094;83.76;6
2026-W32;Северный экспресс;Litres;3143;125.72;7
2026-W32;Дом у маяка;Ozon;2392;95.68;8
2026-W32;Игры разума;WB;4860;194.4;9
2026-W32;Шёпот времени;Litres;1170;46.8;3
2026-W32;Тихий сад;Ozon;1396;55.84;4
2026-W32;Северный экспресс;WB;2245;89.8;5
2026-W32;Дом у маяка;Litres;1794;71.76;6
2026-W32;Игры разума;Ozon;3780;151.2;7
2026-W32;Шёпот времени;WB;3120;124.8;8
2026-W32;Тихий сад;Litres;3141;125.64;9
2026-W32;Северный экспресс;Ozon;1347;53.88;3
2026-W32;Дом у маяка;WB;1196;47.84;4
2026-W32;Игры разума;Litres;2700;108;5
2026-W32;Шёпот времени;Ozon;2340;93.6;6
2026-W32;Тихий сад;WB;2443;97.72;7
2026-W32;Северный экспресс;Litres;3592;143.68;8
2026-W32;Дом у маяка;Ozon;2691;107.64;9
2026-W32;Игры разума;WB;1620;64.8;3
2026-W32;Шёпот времени;Litres;1560;62.4;4
2026-W32;Тихий сад;Ozon;1745;69.8;5
2026-W32;Северный экспресс;WB;2694;107.76;6
2026-W32;Дом у маяка;Litres;2093;83.72;7
2026-W32;Игры разума;Ozon;4320;172.8;8
2026-W32;Шёпот времени;WB;3510;140.4;9
2026-W32;Тихий сад;Litres;1047;41.88;3
2026-W32;Северный экспресс;Ozon;1796;71.84;4
2026-W32;Дом у маяка;WB;1495;59.8;5
2026-W32;Игры разума;Litres;3240;129.6;6
2026-W32;Шёпот времени;Ozon;2730;109.2;7
2026-W32;Тихий сад;WB;2792;111.68;8
2026-W32;Северный экспресс;Litres;4041;161.64;9
2026-W32;Дом у маяка;Ozon;897;35.88;3
2026-W32;Игры разума;WB;2160;86.4;4
2026-W32;Шёпот времени;Litres;1950;78;5
2026-W32;Тихий сад;Ozon;2094;83.76;6
2026-W32;Северный экспресс;WB;3143;125.72;7
2026-W32;Дом у маяка;Litres;2392;95.68;8
2026-W32;Игры разума;Ozon;4860;194.4;9
2026-W32;Шёпот времени;WB;1170;46.8;3
2026-W32;Тихий сад;Litres;1396;55.84;4
2026-W32;Северный экспресс;Ozon;2245;89.8;5
2026-W32;Дом у маяка;WB;1794;71.76;6
2026-W32;Игры разума;Litres;3780;151.2;7
2026-W32;Шёпот времени;Ozon;3120;124.8;8
2026-W32;Тихий сад;WB;3141;125.64;9
2026-W32;Северный экспресс;Litres;1347;53.88;3
2026-W32;Дом у маяка;Ozon;1196;47.84;4
2026-W32;Игры разума;WB;2700;108;5
2026-W32;Шёпот времени;Litres;2340;93.6;6
2026-W32;Тихий сад;Ozon;2443;97.72;7
2026-W32;Северный экспресс;WB;3592;143.68;8
2026-W32;Дом у маяка;Litres;2691;107.64;9
2026-W32;Игры разума;Ozon;1620;64.8;3
2026-W32;Шёпот времени;WB;1560;62.4;4
2026-W32;Тихий сад;Litres;1745;69.8;5
2026-W32;Северный экспресс;Ozon;2694;107.76;6
2026-W32;Дом у маяка;WB;2093;83.72;7
2026-W32;Игры разума;Litres;4320;172.8;8
2026-W32;Шёпот времени;Ozon;3510;140.4;9
2026-W32;Тихий сад;WB;1047;41.88;3
2026-W32;Северный экспресс;Litres;1796;71.84;4
2026-W32;Дом у маяка;Ozon;1495;59.8;5
2026-W32;Игры разума;WB;3240;129.6;6
2026-W32;Шёпот времени;Litres;2730;109.2;7
2026-W32;Тихий сад;Ozon;2792;111.68;8
2026-W32;Северный экспресс;WB;4041;161.64;9
2026-W32;Дом у маяка;Litres;897;35.88;3
2026-W32;Игры разума;Ozon;2160;86.4;4
2026-W32;Шёпот времени;WB;1950;78;5
2026-W32;Тихий сад;Litres;2094;83.76;6
2026-W32;Северный экспресс;Ozon;3143;125.72;7
2026-W32;Дом у маяка;WB;2392;95.68;8
2026-W32;Игры разума;Litres;4860;194.4;9
2026-W32;Шёпот времени;Ozon;1170;46.8;3
2026-W32;Тихий сад;WB;1396;55.84;4
2026-W32;Северный экспресс;Litres;2245;89.8;5
2026-W32;Дом у маяка;Ozon;1794;71.76;6
2026-W32;Игры разума;WB;3780;151.2;7
2026-W32;Шёпот времени;Litres;3120;124.8;8
2026-W32;Тихий сад;Ozon;3141;125.64;9
2026-W32;Северный экспресс;WB;1347;53.88;3
2026-W32;Дом у маяка;Litres;1196;47.84;4
2026-W32;Игры разума;Ozon;2700;108;5
2026-W32;Шёпот времени;WB;2340;93.6;6
2026-W32;Тихий сад;Litres;2443;97.72;7
2026-W32;Северный экспресс;Ozon;3592;143.68;8
2026-W32;Дом у маяка;WB;2691;107.64;9
2026-W32;Игры разума;Litres;1620;64.8;3
2026-W32;Шёпот времени;Ozon;1560;62.4;4
2026-W32;Тихий сад;WB;1745;69.8;5
2026-W32;Северный экспресс;Litres;2694;107.76;6
2026-W32;Дом у маяка;Ozon;2093;83.72;7
2026-W32;Игры разума;WB;4320;172.8;8
2026-W32;Шёпот времени;Litres;3510;140.4;9
2026-W32;Тихий сад;Ozon;1047;41.88;3
2026-W32;Северный экспресс;WB;1796;71.84;4
2026-W32;Дом у маяка;Litres;1495;59.8;5
2026-W32;Игры разума;Ozon;3240;129.6;6
2026-W32;Шёпот времени;WB;2730;109.2;7
2026-W32;Тихий сад;Litres;2792;111.68;8
2026-W32;Северный экспресс;Ozon;4041;161.64;9
2026-W32;Дом у маяка;WB;897;35.88;3
2026-W32;Игры разума;Litres;2160;86.4;4
2026-W32;Шёпот времени;Ozon;1950;78;5
2026-W32;Тихий сад;WB;2094;83.76;6
2026-W32;Северный экспресс;Litres;3143;125.72;7
2026-W32;Дом у маяка;Ozon;2392;95.68;8
2026-W32;Игры разума;WB;4860;194.4;9
2026-W32;Шёпот времени;Litres;1170;46.8;3
2026-W32;Тихий сад;Ozon;1396;55.84;4
2026-W32;Северный экспресс;WB;2245;89.8;5
2026-W32;Дом у маяка;Litres;1794;71.76;6
2026-W32;Игры разума;Ozon;3780;151.2;7
2026-W32;Шёпот времени;WB;3120;124.8;8
2026-W32;Тихий сад;Litres;3141;125.64;9
2026-W32;Северный экспресс;Ozon;1347;53.88;3
2026-W32;Дом у маяка;WB;1196;47.84;4
2026-W32;Игры разума;Litres;2700;108;5
2026-W32;Шёпот времени;Ozon;2340;93.6;6
2026-W32;Тихий сад;WB;2443;97.72;7
2026-W32;Северный экспресс;Litres;3592;143.68;8
2026-W32;Дом у маяка;Ozon;2691;107.64;9
2026-W32;Игры разума;WB;1620;64.8;3
2026-W32;Шёпот времени;Litres;1560;62.4;4
2026-W32;Тихий сад;Ozon;1745;69.8;5
2026-W32;Северный экспресс;WB;2694;107.76;6
2026-W32;Дом у маяка;Litres;2093;83.72;7
2026-W32;Игры разума;Ozon;4320;172.8;8
2026-W32;Шёпот времени;WB;3510;140.4;9
2026-W32;Тихий сад;Litres;1047;41.88;3
2026-W32;Северный экспресс;Ozon;1796;71.84;4
2026-W32;Дом у маяка;WB;1495;59.8;5
2026-W32;Игры разума;Litres;3240;129.6;6
2026-W32;Шёпот времени;Ozon;2730;109.2;7
2026-W32;Тихий сад;WB;2792;111.68;8
2026-W32;Северный экспресс;Litres;4041;161.64;9
2026-W32;Дом у маяка;Ozon;897;35.88;3
2026-W32;Игры разума;WB;2160;86.4;4
2026-W32;Шёпот времени;Litres;1950;78;5
2026-W32;Тихий сад;Ozon;2094;83.76;6
2026-W32;Северный экспресс;WB;3143;125.72;7
2026-W32;Дом у маяка;Litres;2392;95.68;8
2026-W32;Игры разума;Ozon;4860;194.4;9
2026-W32;Шёпот времени;WB;1170;46.8;3
2026-W32;Тихий сад;Litres;1396;55.84;4
2026-W32;Северный экспресс;Ozon;2245;89.8;5
2026-W32;Дом у маяка;WB;1794;71.76;6
2026-W32;Игры разума;Litres;3780;151.2;7
2026-W32;Шёпот времени;Ozon;3120;124.8;8
2026-W32;Тихий сад;WB;3141;125.64;9
2026-W32;Северный экспресс;Litres;1347;53.88;3
2026-W32;Дом у маяка;Ozon;1196;47.84;4
2026-W32;Игры разума;WB;2700;108;5
2026-W32;Шёпот времени;Litres;2340;93.6;6
2026-W32;Тихий сад;Ozon;2443;97.72;7
2026-W32;Северный экспресс;WB;3592;143.68;8
2026-W32;Дом у маяка;Litres;2691;107.64;9
2026-W32;Игры разума;Ozon;1620;64.8;3
2026-W32;Шёпот времени;WB;1560;62.4;4
2026-W32;Тихий сад;Litres;1745;69.8;5
2026-W32;Северный экспресс;Ozon;2694;107.76;6
2026-W32;Дом у маяка;WB;2093;83.72;7
2026-W32;Игры разума;Litres;4320;172.8;8
2026-W32;Шёпот времени;Ozon;3510;140.4;9
2026-W32;Тихий сад;WB;1047;41.88;3
2026-W32;Северный экспресс;Litres;1796;71.84;4
2026-W32;Дом у маяка;Ozon;1495;59.8;5
2026-W32;Игры разума;WB;3240;129.6;6
2026-W32;Шёпот времени;Litres;2730;109.2;7
2026-W32;Тихий сад;Ozon;2792;111.68;8
2026-W32;Северный экспресс;WB;4041;161.64;9
2026-W32;Дом у маяка;Litres;897;35.88;3
2026-W32;Игры разума;Ozon;2160;86.4;4
2026-W32;Шёпот времени;WB;1950;78;5
2026-W32;Тихий сад;Litres;2094;83.76;6
2026-W32;Северный экспресс;Ozon;3143;125.72;7
2026-W32;Дом у маяка;WB;2392;95.68;8
2026-W32;Игры разума;Litres;4860;194.4;9
2026-W32;Шёпот времени;Ozon;1170;46.8;3
2026-W32;Тихий сад;WB;1396;55.84;4
2026-W32;Северный экспресс;Litres;2245;89.8;5
2026-W32;Дом у маяка;Ozon;1794;71.76;6
2026-W32;Игры разума;WB;3780;151.2;7
2026-W32;Шёпот времени;Litres;3120;124.8;8
2026-W32;Тихий сад;Ozon;3141;125.64;9
2026-W32;Северный экспресс;WB;1347;53.88;3
2026-W32;Дом у маяка;Litres;1196;47.84;4
2026-W32;Игры разума;Ozon;2700;108;5
2026-W32;Шёпот времени;WB;2340;93.6;6
2026-W32;Тихий сад;Litres;2443;97.72;7
2026-W32;Северный экспресс;Ozon;3592;143.68;8
2026-W32;Дом у маяка;WB;2691;107.64;9
2026-W32;Игры разума;Litres;1620;64.8;3
2026-W32;Шёпот времени;Ozon;1560;62.4;4
2026-W32;Тихий сад;WB;1745;69.8;5
2026-W32;Северный экспресс;Litres;2694;107.76;6
2026-W32;Дом у маяка;Ozon;2093;83.72;7
2026-W32;Игры разума;WB;4320;172.8;8
2026-W32;Шёпот времени;Litres;3510;140.4;9
2026-W32;Тихий сад;Ozon;1047;41.88;3
2026-W32;Северный экспресс;WB;1796;71.84;4
2026-W32;Дом у маяка;Litres;1495;59.8;5
2026-W32;Игры разума;Ozon;3240;129.6;6
2026-W32;Шёпот времени;WB;2730;109.2;7
2026-W32;Тихий сад;Litres;2792;111.68;8
2026-W32;Северный экспресс;Ozon;4041;161.64;9
2026-W32;Дом у маяка;WB;897;35.88;3
2026-W32;Игры разума;Litres;2160;86.4;4
2026-W32;Шёпот времени;Ozon;1950;78;5
2026-W32;Тихий сад;WB;2094;83.76;6
2026-W32;Северный экспресс;Litres;3143;125.72;7
2026-W32;Дом у маяка;Ozon;2392;95.68;8
2026-W32;Игры разума;WB;4860;194.4;9
2026-W32;Шёпот времени;Litres;1170;46.8;3
2026-W32;Тихий сад;Ozon;1396;55.84;4
2026-W32;Северный экспресс;WB;2245;89.8;5
2026-W32;Дом у маяка;Litres;1794;71.76;6
2026-W32;Игры разума;Ozon;3780;151.2;7
2026-W32;Шёпот времени;WB;3120;124.8;8
2026-W32;Тихий сад;Litres;3141;125.64;9
2026-W32;Северный экспресс;Ozon;1347;53.88;3
2026-W32;Дом у маяка;WB;1196;47.84;4
2026-W32;Игры разума;Litres;2700;108;5
2026-W32;Шёпот времени;Ozon;2340;93.6;6
2026-W32;Тихий сад;WB;2443;97.72;7
2026-W32;Северный экспресс;Litres;3592;143.68;8
2026-W32;Дом у маяка;Ozon;2691;107.64;9
2026-W32;Игры разума;WB;1620;64.8;3
2026-W32;Шёпот времени;Litres;1560;62.4;4
2026-W32;Тихий сад;Ozon;1745;69.8;5
2026-W32;Северный экспресс;WB;2694;107.76;6
2026-W32;Дом у маяка;Litres;2093;83.72;7
2026-W32;Игры разума;Ozon;4320;172.8;8
2026-W32;Шёпот времени;WB;3510;140.4;9
2026-W32;Тихий сад;Litres;1047;41.88;3
2026-W32;Северный экспресс;Ozon;1796;71.84;4
2026-W32;Дом у маяка;WB;1495;59.8;5
2026-W32;Игры разума;Litres;3240;129.6;6
2026-W32;Шёпот времени;Ozon;2730;109.2;7
2026-W32;Тихий сад;WB;2792;111.68;8
2026-W32;Северный экспресс;Litres;4041;161.64;9
2026-W32;Дом у маяка;Ozon;897;35.88;3
2026-W32;Игры разума;WB;2160;86.4;4
2026-W32;Шёпот времени;Litres;1950;78;5
2026-W32;Тихий сад;Ozon;2094;83.76;6
2026-W32;Северный экспресс;WB;3143;125.72;7
2026-W32;Дом у маяка;Litres;2392;95.68;8
2026-W32;Игры разума;Ozon;4860;194.4;9
2026-W32;Шёпот времени;WB;1170;46.8;3
2026-W32;Тихий сад;Litres;1396;55.84;4
2026-W32;Северный экспресс;Ozon;2245;89.8;5
2026-W32;Дом у маяка;WB;1794;71.76;6
2026-W32;Игры разума;Litres;3780;151.2;7
2026-W32;Шёпот времени;Ozon;3120;124.8;8
2026-W32;Тихий сад;WB;3141;125.64;9
2026-W32;Северный экспресс;Litres;1347;53.88;3
2026-W32;Дом у маяка;Ozon;1196;47.84;4
2026-W32;Игры разума;WB;2700;108;5
2026-W32;Шёпот времени;Litres;2340;93.6;6
2026-W32;Тихий сад;Ozon;2443;97.72;7
2026-W32;Северный экспресс;WB;3592;143.68;8
2026-W32;Дом у маяка;Litres;2691;107.64;9
2026-W32;Игры разума;Ozon;1620;64.8;3
2026-W32;Шёпот времени;WB;1560;62.4;4
2026-W32;Тихий сад;Litres;1745;69.8;5
2026-W32;Северный экспресс;Ozon;2694;107.76;6
2026-W32;Дом у маяка;WB;2093;83.72;7
2026-W32;Игры разума;Litres;4320;172.8;8
2026-W32;Шёпот времени;Ozon;3510;140.4;9
2026-W32;Тихий сад;WB;1047;41.88;3
2026-W32;Северный экспресс;Litres;1796;71.84;4
2026-W32;Дом у маяка;Ozon;1495;59.8;5
2026-W32;Игры разума;WB;3240;129.6;6
2026-W32;Шёпот времени;Litres;2730;109.2;7
2026-W32;Тихий сад;Ozon;2792;111.68;8
2026-W32;Северный экспресс;WB;4041;161.64;9
2026-W32;Дом у маяка;Litres;897;35.88;3
2026-W32;Игры разума;Ozon;2160;86.4;4
2026-W32;Шёпот времени;WB;1950;78;5
2026-W32;Тихий сад;Litres;2094;83.76;6
2026-W32;Северный экспресс;Ozon;3143;125.72;7
2026-W32;Дом у маяка;WB;2392;95.68;8
2026-W32;Игры разума;Litres;4860;194.4;9
2026-W32;Шёпот времени;Ozon;1170;46.8;3
2026-W32;Тихий сад;WB;1396;55.84;4
2026-W32;Северный экспресс;Litres;2245;89.8;5
2026-W32;Дом у маяка;Ozon;1794;71.76;6
2026-W32;Игры разума;WB;3780;151.2;7
2026-W32;Шёпот времени;Litres;3120;124.8;8
2026-W32;Тихий сад;Ozon;3141;125.64;9
2026-W32;Северный экспресс;WB;1347;53.88;3
2026-W32;Дом у маяка;Litres;1196;47.84;4
2026-W32;Игры разума;Ozon;2700;108;5
2026-W32;Шёпот времени;WB;2340;93.6;6
2026-W32;Тихий сад;Litres;2443;97.72;7
2026-W32;Северный экспресс;Ozon;3592;143.68;8
2026-W32;Дом у маяка;WB;2691;107.64;9
2026-W32;Игры разума;Litres;1620;64.8;3
2026-W32;Шёпот времени;Ozon;1560;62.4;4
2026-W32;Тихий сад;WB;1745;69.8;5
2026-W32;Северный экспресс;Litres;2694;107.76;6
2026-W32;Дом у маяка;Ozon;2093;83.72;7
2026-W32;Игры разума;WB;4320;172.8;8
2026-W32;Шёпот времени;Litres;3510;140.4;9
2026-W32;Тихий сад;Ozon;1047;41.88;3
2026-W32;Северный экспресс;WB;1796;71.84;4
2026-W32;Дом у маяка;Litres;1495;59.8;5
2026-W32;Игры разума;Ozon;3240;129.6;6
2026-W32;Шёпот времени;WB;2730;109.2;7
2026-W32;Тихий сад;Litres;2792;111.68;8
2026-W32;Северный экспресс;Ozon;4041;161.64;9
2026-W32;Дом у маяка;WB;897;35.88;3
2026-W32;Игры разума;Litres;2160;86.4;4
2026-W32;Шёпот времени;Ozon;1950;78;5
2026-W32;Тихий сад;WB;2094;83.76;6
2026-W32;Северный экспресс;Litres;3143;125.72;7
2026-W32;Дом у маяка;Ozon;2392;95.68;8
2026-W32;Игры разума;WB;4860;194.4;9
2026-W32;Шёпот времени;Litres;1170;46.8;3
2026-W32;Тихий сад;Ozon;1396;55.84;4
2026-W32;Северный экспресс;WB;2245;89.8;5
2026-W32;Дом у маяка;Litres;1794;71.76;6
2026-W32;Игры разума;Ozon;3780;151.2;7
2026-W32;Шёпот времени;WB;3120;124.8;8
2026-W32;Тихий сад;Litres;3141;125.64;9
2026-W32;Северный экспресс;Ozon;1347;53.88;3
2026-W32;Дом у маяка;WB;1196;47.84;4
2026-W32;Игры разума;Litres;2700;108;5
2026-W32;Шёпот времени;Ozon;2340;93.6;6
2026-W32;Тихий сад;WB;2443;97.72;7
2026-W32;Северный экспресс;Litres;3592;143.68;8
2026-W32;Дом у маяка;Ozon;2691;107.64;9
2026-W32;Игры разума;WB;1620;64.8;3
2026-W32;Шёпот времени;Litres;1560;62.4;4
2026-W32;Тихий сад;Ozon;1745;69.8;5
2026-W32;Северный экспресс;WB;2694;107.76;6
2026-W32;Дом у маяка;Litres;2093;83.72;7
2026-W32;Игры разума;Ozon;4320;172.8;8
2026-W32;Шёпот времени;WB;3510;140.4;9
2026-W32;Тихий сад;Litres;1047;41.88;3
2026-W32;Северный экспресс;Ozon;1796;71.84;4
2026-W32;Дом у маяка;WB;1495;59.8;5
2026-W32;Игры разума;Litres;3240;129.6;6
2026-W32;Шёпот времени;Ozon;2730;109.2;7
2026-W32;Тихий сад;WB;2792;111.68;8
2026-W32;Северный экспресс;Litres;4041;161.64;9
2026-W32;Дом у маяка;Ozon;897;35.88;3
2026-W32;Игры разума;WB;2160;86.4;4
2026-W32;Шёпот времени;Litres;1950;78;5
2026-W32;Тихий сад;Ozon;2094;83.76;6
2026-W32;Северный экспресс;WB;3143;125.72;7
2026-W32;Дом у маяка;Litres;2392;95.68;8
2026-W32;Игры разума;Ozon;4860;194.4;9
2026-W32;Шёпот времени;WB;1170;46.8;3
2026-W32;Тихий сад;Litres;1396;55.84;4
2026-W32;Северный экспресс;Ozon;2245;89.8;5
2026-W32;Дом у маяка;WB;1794;71.76;6
2026-W32;Игры разума;Litres;3780;151.2;7
2026-W32;Шёпот времени;Ozon;3120;124.8;8
2026-W32;Тихий сад;WB;3141;125.64;9
2026-W32;Северный экспресс;Litres;1347;53.88;3
2026-W32;Дом у маяка;Ozon;1196;47.84;4
2026-W32;Игры разума;WB;2700;108;5
2026-W32;Шёпот времени;Litres;2340;93.6;6
2026-W32;Тихий сад;Ozon;2443;97.72;7
2026-W32;Северный экспресс;WB;3592;143.68;8
2026-W32;Дом у маяка;Litres;2691;107.64;9
2026-W32;Игры разума;Ozon;1620;64.8;3
2026-W32;Шёпот времени;WB;1560;62.4;4
2026-W32;Тихий сад;Litres;1745;69.8;5
2026-W32;Северный экспресс;Ozon;2694;107.76;6
2026-W32;Дом у маяка;WB;2093;83.72;7
2026-W32;Игры разума;Litres;4320;172.8;8
2026-W32;Шёпот времени;Ozon;3510;140.4;9
2026-W32;Тихий сад;WB;1047;41.88;3
2026-W32;Северный экспресс;Litres;1796;71.84;4
2026-W32;Дом у маяка;Ozon;1495;59.8;5
2026-W32;Игры разума;WB;3240;129.6;6
2026-W32;Шёпот времени;Litres;2730;109.2;7
2026-W32;Тихий сад;Ozon;2792;111.68;8
2026-W32;Северный экспресс;WB;4041;161.64;9
2026-W32;Дом у маяка;Litres;897;35.88;3
2026-W32;Игры разума;Ozon;2160;86.4;4
2026-W32;Шёпот времени;WB;1950;78;5
2026-W32;Тихий сад;Litres;2094;83.76;6
2026-W32;Северный экспресс;Ozon;3143;125.72;7
2026-W32;Дом у маяка;WB;2392;95.68;8
2026-W32;Игры разума;Litres;4860;194.4;9
2026-W32;Шёпот времени;Ozon;1170;46.8;3
2026-W32;Тихий сад;WB;1396;55.84;4
2026-W32;Северный экспресс;Litres;2245;89.8;5
2026-W32;Дом у маяка;Ozon;1794;71.76;6
2026-W32;Игры разума;WB;3780;151.2;7
2026-W32;Шёпот времени;Litres;3120;124.8;8
2026-W32;Тихий сад;Ozon;3141;125.64;9
2026-W32;Северный экспресс;WB;1347;53.88;3
2026-W32;Дом у маяка;Litres;1196;47.84;4
2026-W32;Игры разума;Ozon;2700;108;5
2026-W32;Шёпот времени;WB;2340;93.6;6
2026-W32;Тихий сад;Litres;2443;97.72;7
2026-W32;Северный экспресс;Ozon;3592;143.68;8
2026-W32;Дом у маяка;WB;2691;107.64;9
2026-W32;Игры разума;Litres;1620;64.8;3
2026-W32;Шёпот времени;Ozon;1560;62.4;4
2026-W32;Тихий сад;WB;1745;69.8;5
2026-W32;Северный экспресс;Litres;2694;107.76;6
2026-W32;Дом у маяка;Ozon;2093;83.72;7
2026-W32;Игры разума;WB;4320;172.8;8
2026-W32;Шёпот времени;Litres;3510;140.4;9
2026-W32;Тихий сад;Ozon;1047;41.88;3
2026-W32;Северный экспресс;WB;1796;71.84;4
2026-W32;Дом у маяка;Litres;1495;59.8;5
2026-W32;Игры разума;Ozon;3240;129.6;6
2026-W32;Шёпот времени;WB;2730;109.2;7
2026-W32;Тихий сад;Litres;2792;111.68;8
2026-W32;Северный экспресс;Ozon;4041;161.64;9
2026-W32;Дом у маяка;WB;897;35.88;3
2026-W32;Игры разума;Litres;2160;86.4;4
2026-W32;Шёпот времени;Ozon;1950;78;5
2026-W32;Тихий сад;WB;2094;83.76;6
2026-W32;Северный экспресс;Litres;3143;125.72;7
2026-W32;Дом у маяка;Ozon;2392;95.68;8
2026-W32;Игры разума;WB;4860;194.4;9
2026-W32;Шёпот времени;Litres;1170;46.8;3
2026-W32;Тихий сад;Ozon;1396;55.84;4
2026-W32;Северный экспресс;WB;2245;89.8;5
2026-W32;Дом у маяка;Litres;1794;71.76;6
2026-W32;Игры разума;Ozon;3780;151.2;7
2026-W32;Шёпот времени;WB;3120;124.8;8
2026-W32;Тихий сад;Litres;3141;125.64;9
2026-W32;Северный экспресс;Ozon;1347;53.88;3
2026-W32;Дом у маяка;WB;1196;47.84;4
2026-W32;Игры разума;Litres;2700;108;5
2026-W32;Шёпот времени;Ozon;2340;93.6;6
2026-W32;Тихий сад;WB;2443;97.72;7
2026-W32;Северный экспресс;Litres;3592;143.68;8
2026-W32;Дом у маяка;Ozon;2691;107.64;9
2026-W32;Игры разума;WB;1620;64.8;3
2026-W32;Шёпот времени;Litres;1560;62.4;4
2026-W32;Тихий сад;Ozon;1745;69.8;5
2026-W32;Северный экспресс;WB;2694;107.76;6
2026-W32;Дом у маяка;Litres;2093;83.72;7
2026-W32;Игры разума;Ozon;4320;172.8;8
2026-W32;Шёпот времени;WB;3510;140.4;9
2026-W32;Тихий сад;Litres;1047;41.88;3
2026-W32;Северный экспресс;Ozon;1796;71.84;4
2026-W32;Дом у маяка;WB;1495;59.8;5
2026-W32;Игры разума;Litres;3240;129.6;6
2026-W32;Шёпот времени;Ozon;2730;109.2;7
2026-W32;Тихий сад;WB;2792;111.68;8
2026-W32;Северный экспресс;Litres;4041;161.64;9
2026-W32;Дом у маяка;Ozon;897;35.88;3
2026-W32;Игры разума;WB;2160;86.4;4
2026-W32;Шёпот времени;Litres;1950;78;5
2026-W32;Тихий сад;Ozon;2094;83.76;6
2026-W32;Северный экспресс;WB;3143;125.72;7
2026-W32;Дом у маяка;Litres;2392;95.68;8
2026-W32;Игры разума;Ozon;4860;194.4;9
2026-W32;Шёпот времени;WB;1170;46.8;3
2026-W32;Тихий сад;Litres;1396;55.84;4
2026-W32;Северный экспресс;Ozon;2245;89.8;5
2026-W32;Дом у маяка;WB;1794;71.76;6
2026-W32;Игры разума;Litres;3780;151.2;7
2026-W32;Шёпот времени;Ozon;3120;124.8;8
2026-W32;Тихий сад;WB;3141;125.64;9
2026-W32;Северный экспресс;Litres;1347;53.88;3
2026-W32;Дом у маяка;Ozon;1196;47.84;4
2026-W32;Игры разума;WB;2700;108;5
2026-W32;Шёпот времени;Litres;2340;93.6;6
2026-W32;Тихий сад;Ozon;2443;97.72;7
2026-W32;Северный экспресс;WB;3592;143.68;8
2026-W32;Дом у маяка;Litres;2691;107.64;9
2026-W32;Игры разума;Ozon;1620;64.8;3
2026-W32;Шёпот времени;WB;1560;62.4;4
2026-W32;Тихий сад;Litres;1745;69.8;5
2026-W32;Северный экспресс;Ozon;2694;107.76;6
2026-W32;Дом у маяка;WB;2093;83.72;7
2026-W32;Игры разума;Litres;4320;172.8;8
2026-W32;Шёпот времени;Ozon;3510;140.4;9
2026-W32;Тихий сад;WB;1047;41.88;3
2026-W32;Северный экспресс;Litres;1796;71.84;4
2026-W32;Дом у маяка;Ozon;1495;59.8;5
2026-W32;Игры разума;WB;3240;129.6;6
2026-W32;Шёпот времени;Litres;2730;109.2;7
2026-W32;Тихий сад;Ozon;2792;111.68;8
2026-W32;Северный экспресс;WB;4041;161.64;9
2026-W32;Дом у маяка;Litres;897;35.88;3
2026-W32;Игры разума;Ozon;2160;86.4;4
2026-W32;Шёпот времени;WB;1950;78;5
2026-W32;Тихий сад;Litres;2094;83.76;6
2026-W32;Северный экспресс;Ozon;3143;125.72;7
2026-W32;Дом у маяка;WB;2392;95.68;8
2026-W32;Игры разума;Litres;4860;194.4;9
2026-W32;Шёпот времени;Ozon;1170;46.8;3
2026-W32;Тихий сад;WB;1396;55.84;4
2026-W32;Северный экспресс;Litres;2245;89.8;5
2026-W32;Дом у маяка;Ozon;1794;71.76;6
2026-W32;Игры разума;WB;3780;151.2;7
2026-W32;Шёпот времени;Litres;3120;124.8;8
2026-W32;Тихий сад;Ozon;3141;125.64;9
2026-W32;Северный экспресс;WB;1347;53.88;3
2026-W32;Дом у маяка;Litres;1196;47.84;4
2026-W32;Игры разума;Ozon;2700;108;5
2026-W32;Шёпот времени;WB;2340;93.6;6
2026-W32;Тихий сад;Litres;2443;97.72;7
2026-W32;Северный экспресс;Ozon;3592;143.68;8
2026-W32;Дом у маяка;WB;2691;107.64;9
2026-W32;Игры разума;Litres;1620;64.8;3
2026-W32;Шёпот времени;Ozon;1560;62.4;4
2026-W32;Тихий сад;WB;1745;69.8;5
2026-W32;Северный экспресс;Litres;2694;107.76;6
2026-W32;Дом у маяка;Ozon;2093;83.72;7
2026-W32;Игры разума;WB;4320;172.8;8
2026-W32;Шёпот времени;Litres;3510;140.4;9
2026-W32;Тихий сад;Ozon;1047;41.88;3
2026-W32;Северный экспресс;WB;1796;71.84;4
2026-W32;Дом у маяка;Litres;1495;59.8;5
2026-W32;Игры разума;Ozon;3240;129.6;6
2026-W32;Шёпот времени;WB;2730;109.2;7
2026-W32;Тихий сад;Litres;2792;111.68;8
2026-W32;Северный экспресс;Ozon;4041;161.64;9
2026-W32;Дом у маяка;WB;897;35.88;3
2026-W32;Игры разума;Litres;2160;86.4;4
2026-W32;Шёпот времени;Ozon;1950;78;5
2026-W32;Тихий сад;WB;2094;83.76;6
2026-W32;Северный экспресс;Litres;3143;125.72;7
2026-W32;Дом у маяка;Ozon;2392;95.68;8
2026-W32;Игры разума;WB;4860;194.4;9
2026-W32;Шёпот времени;Litres;1170;46.8;3
2026-W32;Тихий сад;Ozon;1396;55.84;4
2026-W32;Северный экспресс;WB;2245;89.8;5
2026-W32;Дом у маяка;Litres;1794;71.76;6
2026-W32;Игры разума;Ozon;3780;151.2;7
2026-W32;Шёпот времени;WB;3120;124.8;8
2026-W32;Тихий сад;Litres;3141;125.64;9
2026-W32;Северный экспресс;Ozon;1347;53.88;3
2026-W32;Дом у маяка;WB;1196;47.84;4
2026-W32;Игры разума;Litres;2700;108;5
2026-W32;Шёпот времени;Ozon;2340;93.6;6
2026-W32;Тихий сад;WB;2443;97.72;7
2026-W32;Северный экспресс;Litres;3592;143.68;8
2026-W32;Дом у маяка;Ozon;2691;107.64;9
2026-W32;Игры разума;WB;1620;64.8;3
2026-W32;Шёпот времени;Litres;1560;62.4;4
2026-W32;Тихий сад;Ozon;1745;69.8;5
2026-W32;Северный экспресс;WB;2694;107.76;6
2026-W32;Дом у маяка;Litres;2093;83.72;7
2026-W32;Игры разума;Ozon;4320;172.8;8
2026-W32;Шёпот времени;WB;3510;140.4;9
2026-W32;Тихий сад;Litres;1047;41.88;3
2026-W32;Северный экспресс;Ozon;1796;71.84;4
2026-W32;Дом у маяка;WB;1495;59.8;5
2026-W32;Игры разума;Litres;3240;129.6;6
2026-W32;Шёпот времени;Ozon;2730;109.2;7
2026-W32;Тихий сад;WB;2792;111.68;8
2026-W32;Северный экспресс;Litres;4041;161.64;9
2026-W32;Дом у маяка;Ozon;897;35.88;3
2026-W32;Игры разума;WB;2160;86.4;4
2026-W32;Шёпот времени;Litres;1950;78;5
2026-W32;Тихий сад;Ozon;2094;83.76;6
2026-W32;Северный экспресс;WB;3143;125.72;7
2026-W32;Дом у маяка;Litres;2392;95.68;8
2026-W32;Игры разума;Ozon;4860;194.4;9
2026-W32;Шёпот времени;WB;1170;46.8;3
2026-W32;Тихий сад;Litres;1396;55.84;4
2026-W32;Северный экспресс;Ozon;2245;89.8;5
2026-W32;Дом у маяка;WB;1794;71.76;6
2026-W32;Игры разума;Litres;3780;151.2;7
2026-W32;Шёпот времени;Ozon;3120;124.8;8
2026-W32;Тихий сад;WB;3141;125.64;9
2026-W32;Северный экспресс;Litres;1347;53.88;3
2026-W32;Дом у маяка;Ozon;1196;47.84;4
2026-W32;Игры разума;WB;2700;108;5
2026-W32;Шёпот времени;Litres;2340;93.6;6
2026-W32;Тихий сад;Ozon;2443;97.72;7
2026-W32;Северный экспресс;WB;3592;143.68;8
2026-W32;Дом у маяка;Litres;2691;107.64;9
2026-W32;Игры разума;Ozon;1620;64.8;3
2026-W32;Шёпот времени;WB;1560;62.4;4
2026-W32;Тихий сад;Litres;1745;69.8;5
2026-W32;Северный экспресс;Ozon;2694;107.76;6
2026-W32;Дом у маяка;WB;2093;83.72;7
2026-W32;Игры разума;Litres;4320;172.8;8
2026-W32;Шёпот времени;Ozon;3510;140.4;9
2026-W32;Тихий сад;WB;1047;41.88;3
2026-W32;Северный экспресс;Litres;1796;71.84;4
2026-W32;Дом у маяка;Ozon;1495;59.8;5
2026-W32;Игры разума;WB;3240;129.6;6
2026-W32;Шёпот времени;Litres;2730;109.2;7
2026-W32;Тихий сад;Ozon;2792;111.68;8
2026-W32;Северный экспресс;WB;4041;161.64;9
2026-W32;Дом у маяка;Litres;897;35.88;3
2026-W32;Игры разума;Ozon;2160;86.4;4
2026-W32;Шёпот времени;WB;1950;78;5
2026-W32;Тихий сад;Litres;2094;83.76;6
2026-W32;Северный экспресс;Ozon;3143;125.72;7
2026-W32;Дом у маяка;WB;2392;95.68;8
2026-W32;Игры разума;Litres;4860;194.4;9
2026-W32;Шёпот времени;Ozon;1170;46.8;3
2026-W32;Тихий сад;WB;1396;55.84;4
2026-W32;Северный экспресс;Litres;2245;89.8;5
2026-W32;Дом у маяка;Ozon;1794;71.76;6
2026-W32;Игры разума;WB;3780;151.2;7
2026-W32;Шёпот времени;Litres;3120;124.8;8
2026-W32;Тихий сад;Ozon;3141;125.64;9
2026-W32;Северный экспресс;WB;1347;53.88;3
2026-W32;Дом у маяка;Litres;1196;47.84;4
2026-W32;Игры разума;Ozon;2700;108;5
2026-W32;Шёпот времени;WB;2340;93.6;6
2026-W32;Тихий сад;Litres;2443;97.72;7
2026-W32;Северный экспресс;Ozon;3592;143.68;8
2026-W32;Дом у маяка;WB;2691;107.64;9
2026-W32;Игры разума;Litres;1620;64.8;3
2026-W32;Шёпот времени;Ozon;1560;62.4;4
2026-W32;Тихий сад;WB;1745;69.8;5
2026-W32;Северный экспресс;Litres;2694;107.76;6
2026-W32;Дом у маяка;Ozon;2093;83.72;7
2026-W32;Игры разума;WB;4320;172.8;8
2026-W32;Шёпот времени;Litres;3510;140.4;9
2026-W32;Тихий сад;Ozon;1047;41.88;3
2026-W32;Северный экспресс;WB;1796;71.84;4
2026-W32;Дом у маяка;Litres;1495;59.8;5
2026-W32;Игры разума;Ozon;3240;129.6;6
2026-W32;Шёпот времени;WB;2730;109.2;7
2026-W32;Тихий сад;Litres;2792;111.68;8
2026-W32;Северный экспресс;Ozon;4041;161.64;9
2026-W32;Дом у маяка;WB;897;35.88;3
2026-W32;Игры разума;Litres;2160;86.4;4
2026-W32;Шёпот времени;Ozon;1950;78;5
2026-W32;Тихий сад;WB;2094;83.76;6
2026-W32;Северный экспресс;Litres;3143;125.72;7
2026-W32;Дом у маяка;Ozon;2392;95.68;8
2026-W32;Игры разума;WB;4860;194.4;9
2026-W32;Шёпот времени;Litres;1170;46.8;3
2026-W32;Тихий сад;Ozon;1396;55.84;4
2026-W32;Северный экспресс;WB;2245;89.8;5
2026-W32;Дом у маяка;Litres;1794;71.76;6
2026-W32;Игры разума;Ozon;3780;151.2;7
2026-W32;Шёпот времени;WB;3120;124.8;8
2026-W32;Тихий сад;Litres;3141;125.64;9
2026-W32;Северный экспресс;Ozon;1347;53.88;3
2026-W32;Дом у маяка;WB;1196;47.84;4
2026-W32;Игры разума;Litres;2700;108;5
2026-W32;Шёпот времени;Ozon;2340;93.6;6
2026-W32;Тихий сад;WB;2443;97.72;7
2026-W32;Северный экспресс;Litres;3592;143.68;8
2026-W32;Дом у маяка;Ozon;2691;107.64;9
2026-W32;Игры разума;WB;1620;64.8;3
2026-W32;Шёпот времени;Litres;1560;62.4;4
2026-W32;Тихий сад;Ozon;1745;69.8;5
2026-W32;Северный экспресс;WB;2694;107.76;6
2026-W32;Дом у маяка;Litres;2093;83.72;7
2026-W32;Игры разума;Ozon;4320;172.8;8
2026-W32;Шёпот времени;WB;3510;140.4;9
2026-W32;Тихий сад;Litres;1047;41.88;3
2026-W32;Северный экспресс;Ozon;1796;71.84;4
2026-W32;Дом у маяка;WB;1495;59.8;5
2026-W32;Игры разума;Litres;3240;129.6;6
2026-W32;Шёпот времени;Ozon;2730;109.2;7
2026-W32;Тихий сад;WB;2792;111.68;8
2026-W32;Северный экспресс;Litres;4041;161.64;9
2026-W32;Дом у маяка;Ozon;897;35.88;3
2026-W32;Игры разума;WB;2160;86.4;4
2026-W32;Шёпот времени;Litres;1950;78;5
2026-W32;Тихий сад;Ozon;2094;83.76;6
2026-W32;Северный экспресс;WB;3143;125.72;7
2026-W32;Дом у маяка;Litres;2392;95.68;8
2026-W32;Игры разума;Ozon;4860;194.4;9
2026-W32;Шёпот времени;WB;1170;46.8;3
2026-W32;Тихий сад;Litres;1396;55.84;4
2026-W32;Северный экспресс;Ozon;2245;89.8;5
2026-W32;Дом у маяка;WB;1794;71.76;6
2026-W32;Игры разума;Litres;3780;151.2;7
2026-W32;Шёпот времени;Ozon;3120;124.8;8
2026-W32;Тихий сад;WB;3141;125.64;9
2026-W32;Северный экспресс;Litres;1347;53.88;3
2026-W32;Дом у маяка;Ozon;1196;47.84;4
2026-W32;Игры разума;WB;2700;108;5
2026-W32;Шёпот времени;Litres;2340;93.6;6
2026-W32;Тихий сад;Ozon;2443;97.72;7
2026-W32;Северный экспресс;WB;3592;143.68;8
2026-W32;Дом у маяка;Litres;2691;107.64;9
2026-W32;Игры разума;Ozon;1620;64.8;3
2026-W32;Шёпот времени;WB;1560;62.4;4
2026-W32;Тихий сад;Litres;1745;69.8;5
2026-W32;Северный экспресс;Ozon;2694;107.76;6
2026-W32;Дом у маяка;WB;2093;83.72;7
2026-W32;Игры разума;Litres;4320;172.8;8
2026-W32;Шёпот времени;Ozon;3510;140.4;9
2026-W32;Тихий сад;WB;1047;41.88;3
2026-W32;Северный экспресс;Litres;1796;71.84;4
2026-W32;Дом у маяка;Ozon;1495;59.8;5
2026-W32;Игры разума;WB;3240;129.6;6
2026-W32;Шёпот времени;Litres;2730;109.2;7
2026-W32;Тихий сад;Ozon;2792;111.68;8
2026-W32;Северный экспресс;WB;4041;161.64;9
2026-W32;Дом у маяка;Litres;897;35.88;3
2026-W32;Игры разума;Ozon;2160;86.4;4
2026-W32;Шёпот времени;WB;1950;78;5
2026-W32;Тихий сад;Litres;2094;83.76;6
2026-W32;Северный экспресс;Ozon;3143;125.72;7
2026-W32;Дом у маяка;WB;2392;95.68;8
2026-W32;Игры разума;Litres;4860;194.4;9
2026-W32;Шёпот времени;Ozon;1170;46.8;3
2026-W32;Тихий сад;WB;1396;55.84;4
2026-W32;Северный экспресс;Litres;2245;89.8;5
2026-W32;Дом у маяка;Ozon;1794;71.76;6
2026-W32;Игры разума;WB;3780;151.2;7
2026-W32;Шёпот времени;Litres;3120;124.8;8
2026-W32;Тихий сад;Ozon;3141;125.64;9
2026-W32;Северный экспресс;WB;1347;53.88;3
2026-W32;Дом у маяка;Litres;1196;47.84;4
2026-W32;Игры разума;Ozon;2700;108;5
2026-W32;Шёпот времени;WB;2340;93.6;6
2026-W32;Тихий сад;Litres;2443;97.72;7
2026-W32;Северный экспресс;Ozon;3592;143.68;8
2026-W32;Дом у маяка;WB;2691;107.64;9
2026-W32;Игры разума;Litres;1620;64.8;3
2026-W32;Шёпот времени;Ozon;1560;62.4;4
2026-W32;Тихий сад;WB;1745;69.8;5
2026-W32;Северный экспресс;Litres;2694;107.76;6
2026-W32;Дом у маяка;Ozon;2093;83.72;7
2026-W32;Игры разума;WB;4320;172.8;8
2026-W32;Шёпот времени;Litres;3510;140.4;9
2026-W32;Тихий сад;Ozon;1047;41.88;3
2026-W32;Северный экспресс;WB;1796;71.84;4
2026-W32;Дом у маяка;Litres;1495;59.8;5
2026-W32;Игры разума;Ozon;3240;129.6;6
2026-W32;Шёпот времени;WB;2730;109.2;7
2026-W32;Тихий сад;Litres;2792;111.68;8
2026-W32;Северный экспресс;Ozon;4041;161.64;9
2026-W32;Дом у маяка;WB;897;35.88;3
2026-W32;Игры разума;Litres;2160;86.4;4
2026-W32;Шёпот времени;Ozon;1950;78;5
2026-W32;Тихий сад;WB;2094;83.76;6
2026-W32;Северный экспресс;Litres;3143;125.72;7
2026-W32;Дом у маяка;Ozon;2392;95.68;8
2026-W32;Игры разума;WB;4860;194.4;9
2026-W32;Шёпот времени;Litres;1170;46.8;3
2026-W32;Тихий сад;Ozon;1396;55.84;4
2026-W32;Северный экспресс;WB;2245;89.8;5
2026-W32;Дом у маяка;Litres;1794;71.76;6
2026-W32;Игры разума;Ozon;3780;151.2;7
2026-W32;Шёпот времени;WB;3120;124.8;8
2026-W32;Тихий сад;Litres;3141;125.64;9
2026-W32;Северный экспресс;Ozon;1347;53.88;3
2026-W32;Дом у маяка;WB;1196;47.84;4
2026-W32;Игры разума;Litres;2700;108;5
2026-W32;Шёпот времени;Ozon;2340;93.6;6
2026-W32;Тихий сад;WB;2443;97.72;7
2026-W32;Северный экспресс;Litres;3592;143.68;8
2026-W32;Дом у маяка;Ozon;2691;107.64;9
2026-W32;Игры разума;WB;1620;64.8;3
2026-W32;Шёпот времени;Litres;1560;62.4;4
2026-W32;Тихий сад;Ozon;1745;69.8;5
2026-W32;Северный экспресс;WB;2694;107.76;6
2026-W32;Дом у маяка;Litres;2093;83.72;7
2026-W32;Игры разума;Ozon;4320;172.8;8
2026-W32;Шёпот времени;WB;3510;140.4;9
2026-W32;Тихий сад;Litres;1047;41.88;3
2026-W32;Северный экспресс;Ozon;1796;71.84;4
2026-W32;Дом у маяка;WB;1495;59.8;5
2026-W32;Игры разума;Litres;3240;129.6;6
2026-W32;Шёпот времени;Ozon;2730;109.2;7
2026-W32;Тихий сад;WB;2792;111.68;8
2026-W32;Северный экспресс;Litres;4041;161.64;9
2026-W32;Дом у маяка;Ozon;897;35.88;3
2026-W32;Игры разума;WB;2160;86.4;4
2026-W32;Шёпот времени;Litres;1950;78;5
2026-W32;Тихий сад;Ozon;2094;83.76;6
2026-W32;Северный экспресс;WB;3143;125.72;7
2026-W32;Дом у маяка;Litres;2392;95.68;8
2026-W32;Игры разума;Ozon;4860;194.4;9
2026-W32;Шёпот времени;WB;1170;46.8;3
2026-W32;Тихий сад;Litres;1396;55.84;4
2026-W32;Северный экспресс;Ozon;2245;89.8;5
2026-W32;Дом у маяка;WB;1794;71.76;6
2026-W32;Игры разума;Litres;3780;151.2;7
2026-W32;Шёпот времени;Ozon;3120;124.8;8
2026-W32;Тихий сад;WB;3141;125.64;9
2026-W32;Северный экспресс;Litres;1347;53.88;3
2026-W32;Дом у маяка;Ozon;1196;47.84;4
2026-W32;Игры разума;WB;2700;108;5
2026-W32;Шёпот времени;Litres;2340;93.6;6
2026-W32;Тихий сад;Ozon;2443;97.72;7
2026-W32;Северный экспресс;WB;3592;143.68;8
2026-W32;Дом у маяка;Litres;2691;107.64;9
2026-W32;Игры разума;Ozon;1620;64.8;3
2026-W32;Шёпот времени;WB;1560;62.4;4
2026-W32;Тихий сад;Litres;1745;69.8;5
2026-W32;Северный экспресс;Ozon;2694;107.76;6
2026-W32;Дом у маяка;WB;2093;83.72;7
2026-W32;Игры разума;Litres;4320;172.8;8
2026-W32;Шёпот времени;Ozon;3510;140.4;9
2026-W32;Тихий сад;WB;1047;41.88;3
2026-W32;Северный экспресс;Litres;1796;71.84;4
2026-W32;Дом у маяка;Ozon;1495;59.8;5
2026-W32;Игры разума;WB;3240;129.6;6
2026-W32;Шёпот времени;Litres;2730;109.2;7
2026-W32;Тихий сад;Ozon;2792;111.68;8
2026-W32;Северный экспресс;WB;4041;161.64;9
2026-W32;Дом у маяка;Litres;897;35.88;3
2026-W32;Игры разума;Ozon;2160;86.4;4
2026-W32;Шёпот времени;WB;1950;78;5
2026-W32;Тихий сад;Litres;2094;83.76;6
2026-W32;Северный экспресс;Ozon;3143;125.72;7
2026-W32;Дом у маяка;WB;2392;95.68;8
2026-W32;Игры разума;Litres;4860;194.4;9
2026-W32;Шёпот времени;Ozon;1170;46.8;3
2026-W32;Тихий сад;WB;1396;55.84;4
2026-W32;Северный экспресс;Litres;2245;89.8;5
2026-W32;Дом у маяка;Ozon;1794;71.76;6
2026-W32;Игры разума;WB;3780;151.2;7
2026-W32;Шёпот времени;Litres;3120;124.8;8
2026-W32;Тихий сад;Ozon;3141;125.64;9
2026-W32;Северный экспресс;WB;1347;53.88;3
2026-W32;Дом у маяка;Litres;1196;47.84;4
2026-W32;Игры разума;Ozon;2700;108;5
2026-W32;Шёпот времени;WB;2340;93.6;6
2026-W32;Тихий сад;Litres;2443;97.72;7
2026-W32;Северный экспресс;Ozon;3592;143.68;8
2026-W32;Дом у маяка;WB;2691;107.64;9
2026-W32;Игры разума;Litres;1620;64.8;3
2026-W32;Шёпот времени;Ozon;1560;62.4;4
2026-W32;Тихий сад;WB;1745;69.8;5
2026-W32;Северный экспресс;Litres;2694;107.76;6
2026-W32;Дом у маяка;Ozon;2093;83.72;7
2026-W32;Игры разума;WB;4320;172.8;8
2026-W32;Шёпот времени;Litres;3510;140.4;9
2026-W32;Тихий сад;Ozon;1047;41.88;3
2026-W32;Северный экспресс;WB;1796;71.84;4
2026-W32;Дом у маяка;Litres;1495;59.8;5
2026-W32;Игры разума;Ozon;3240;129.6;6
2026-W32;Шёпот времени;WB;2730;109.2;7
2026-W32;Тихий сад;Litres;2792;111.68;8
2026-W32;Северный экспресс;Ozon;4041;161.64;9
2026-W32;Дом у маяка;WB;897;35.88;3
2026-W32;Игры разума;Litres;2160;86.4;4
2026-W32;Шёпот времени;Ozon;1950;78;5
2026-W32;Тихий сад;WB;2094;83.76;6
2026-W32;Северный экспресс;Litres;3143;125.72;7
2026-W32;Дом у маяка;Ozon;2392;95.68;8
2026-W32;Игры разума;WB;4860;194.4;9
2026-W32;Шёпот времени;Litres;1170;46.8;3
2026-W32;Тихий сад;Ozon;1396;55.84;4
2026-W32;Северный экспресс;WB;2245;89.8;5
2026-W32;Дом у маяка;Litres;1794;71.76;6
2026-W32;Игры разума;Ozon;3780;151.2;7
2026-W32;Шёпот времени;WB;3120;124.8;8
2026-W32;Тихий сад;Litres;3141;125.64;9
2026-W32;Северный экспресс;Ozon;1347;53.88;3
2026-W32;Дом у маяка;WB;1196;47.84;4
2026-W32;Игры разума;Litres;2700;108;5
2026-W32;Шёпот времени;Ozon;2340;93.6;6
2026-W32;Тихий сад;WB;2443;97.72;7
2026-W32;Северный экспресс;Litres;3592;143.68;8
2026-W32;Дом у маяка;Ozon;2691;107.64;9
2026-W32;Игры разума;WB;1620;64.8;3
2026-W32;Шёпот времени;Litres;1560;62.4;4
2026-W32;Тихий сад;Ozon;1745;69.8;5
2026-W32;Северный экспресс;WB;2694;107.76;6
2026-W32;Дом у маяка;Litres;2093;83.72;7
2026-W32;Игры разума;Ozon;4320;172.8;8
2026-W32;Шёпот времени;WB;3510;140.4;9
2026-W32;Тихий сад;Litres;1047;41.88;3
2026-W32;Северный экспресс;Ozon;1796;71.84;4
2026-W32;Дом у маяка;WB;1495;59.8;5
2026-W32;Игры разума;Litres;3240;129.6;6
2026-W32;Шёпот времени;Ozon;2730;109.2;7
2026-W32;Тихий сад;WB;2792;111.68;8
2026-W32;Северный экспресс;Litres;4041;161.64;9
2026-W32;Дом у маяка;Ozon;897;35.88;3
2026-W32;Игры разума;WB;2160;86.4;4
2026-W32;Шёпот времени;Litres;1950;78;5
2026-W32;Тихий сад;Ozon;2094;83.76;6
2026-W32;Северный экспресс;WB;3143;125.72;7
2026-W32;Дом у маяка;Litres;2392;95.68;8
2026-W32;Игры разума;Ozon;4860;194.4;9
2026-W32;Шёпот времени;WB;1170;46.8;3
2026-W32;Тихий сад;Litres;1396;55.84;4
2026-W32;Северный экспресс;Ozon;2245;89.8;5
2026-W32;Дом у маяка;WB;1794;71.76;6
2026-W32;Игры разума;Litres;3780;151.2;7
2026-W32;Шёпот времени;Ozon;3120;124.8;8
2026-W32;Тихий сад;WB;3141;125.64;9
2026-W32;Северный экспресс;Litres;1347;53.88;3
2026-W32;Дом у маяка;Ozon;1196;47.84;4
2026-W32;Игры разума;WB;2700;108;5
2026-W32;Шёпот времени;Litres;2340;93.6;6
2026-W32;Тихий сад;Ozon;2443;97.72;7
2026-W32;Северный экспресс;WB;3592;143.68;8
2026-W32;Дом у маяка;Litres;2691;107.64;9
2026-W32;Игры разума;Ozon;1620;64.8;3
2026-W32;Шёпот времени;WB;1560;62.4;4
2026-W32;Тихий сад;Litres;1745;69.8;5
2026-W32;Северный экспресс;Ozon;2694;107.76;6
2026-W32;Дом у маяка;WB;2093;83.72;7
2026-W32;Игры разума;Litres;4320;172.8;8
2026-W32;Шёпот времени;Ozon;3510;140.4;9
2026-W32;Тихий сад;WB;1047;41.88;3
2026-W32;Северный экспресс;Litres;1796;71.84;4
2026-W32;Дом у маяка;Ozon;1495;59.8;5
2026-W32;Игры разума;WB;3240;129.6;6
2026-W32;Шёпот времени;Litres;2730;109.2;7
2026-W32;Тихий сад;Ozon;2792;111.68;8
2026-W32;Северный экспресс;WB;4041;161.64;9
2026-W32;Дом у маяка;Litres;897;35.88;3
2026-W32;Игры разума;Ozon;2160;86.4;4
2026-W32;Шёпот времени;WB;1950;78;5
2026-W32;Тихий сад;Litres;2094;83.76;6
2026-W32;Северный экспресс;Ozon;3143;125.72;7
2026-W32;Дом у маяка;WB;2392;95.68;8
2026-W32;Игры разума;Litres;4860;194.4;9
2026-W32;Шёпот времени;Ozon;1170;46.8;3
2026-W32;Тихий сад;WB;1396;55.84;4
2026-W32;Северный экспресс;Litres;2245;89.8;5
2026-W32;Дом у маяка;Ozon;1794;71.76;6
2026-W32;Игры разума;WB;3780;151.2;7
2026-W32;Шёпот времени;Litres;3120;124.8;8
2026-W32;Тихий сад;Ozon;3141;125.64;9
2026-W32;Северный экспресс;WB;1347;53.88;3
2026-W32;Дом у маяка;Litres;1196;47.84;4
2026-W32;Игры разума;Ozon;2700;108;5
2026-W32;Шёпот времени;WB;2340;93.6;6
2026-W32;Тихий сад;Litres;2443;97.72;7
2026-W32;Северный экспресс;Ozon;3592;143.68;8
2026-W32;Дом у маяка;WB;2691;107.64;9
2026-W32;Игры разума;Litres;1620;64.8;3
2026-W32;Шёпот времени;Ozon;1560;62.4;4
2026-W32;Тихий сад;WB;1745;69.8;5
2026-W32;Северный экспресс;Litres;2694;107.76;6
2026-W32;Дом у маяка;Ozon;2093;83.72;7
2026-W32;Игры разума;WB;4320;172.8;8
2026-W32;Шёпот времени;Litres;3510;140.4;9
2026-W32;Тихий сад;Ozon;1047;41.88;3
2026-W32;Северный экспресс;WB;1796;71.84;4
2026-W32;Дом у маяка;Litres;1495;59.8;5
2026-W32;Игры разума;Ozon;3240;129.6;6
2026-W32;Шёпот времени;WB;2730;109.2;7
2026-W32;Тихий сад;Litres;2792;111.68;8
2026-W32;Северный экспресс;Ozon;4041;161.64;9
2026-W32;Дом у маяка;WB;897;35.88;3
2026-W32;Игры разума;Litres;2160;86.4;4
2026-W32;Шёпот времени;Ozon;1950;78;5
2026-W32;Тихий сад;WB;2094;83.76;6
2026-W32;Северный экспресс;Litres;3143;125.72;7
2026-W32;Дом у маяка;Ozon;2392;95.68;8
2026-W32;Игры разума;WB;4860;194.4;9
2026-W32;Шёпот времени;Litres;1170;46.8;3
2026-W32;Тихий сад;Ozon;1396;55.84;4
2026-W32;Северный экспресс;WB;2245;89.8;5
2026-W32;Дом у маяка;Litres;1794;71.76;6
2026-W32;Игры разума;Ozon;3780;151.2;7
2026-W32;Шёпот времени;WB;3120;124.8;8
2026-W32;Тихий сад;Litres;3141;125.64;9
2026-W32;Северный экспресс;Ozon;1347;53.88;3
2026-W32;Дом у маяка;WB;1196;47.84;4
2026-W32;Игры разума;Litres;2700;108;5
2026-W32;Шёпот времени;Ozon;2340;93.6;6
2026-W32;Тихий сад;WB;2443;97.72;7
2026-W32;Северный экспресс;Litres;3592;143.68;8
2026-W32;Дом у маяка;Ozon;2691;107.64;9
2026-W32;Игры разума;WB;1620;64.8;3
2026-W32;Шёпот времени;Litres;1560;62.4;4
2026-W32;Тихий сад;Ozon;1745;69.8;5
2026-W32;Северный экспресс;WB;2694;107.76;6
2026-W32;Дом у маяка;Litres;2093;83.72;7
2026-W32;Игры разума;Ozon;4320;172.8;8
2026-W32;Шёпот времени;WB;3510;140.4;9
2026-W32;Тихий сад;Litres;1047;41.88;3
2026-W32;Северный экспресс;Ozon;1796;71.84;4
2026-W32;Дом у маяка;WB;1495;59.8;5
2026-W32;Игры разума;Litres;3240;129.6;6
2026-W32;Шёпот времени;Ozon;2730;109.2;7
2026-W32;Тихий сад;WB;2792;111.68;8
2026-W32;Северный экспресс;Litres;4041;161.64;9
2026-W32;Дом у маяка;Ozon;897;35.88;3
2026-W32;Игры разума;WB;2160;86.4;4
2026-W32;Шёпот времени;Litres;1950;78;5
2026-W32;Тихий сад;Ozon;2094;83.76;6
2026-W32;Северный экспресс;WB;3143;125.72;7
2026-W32;Дом у маяка;Litres;2392;95.68;8
2026-W32;Игры разума;Ozon;4860;194.4;9
2026-W32;Шёпот времени;WB;1170;46.8;3
2026-W32;Тихий сад;Litres;1396;55.84;4
2026-W32;Северный экспресс;Ozon;2245;89.8;5
2026-W32;Дом у маяка;WB;1794;71.76;6
2026-W32;Игры разума;Litres;3780;151.2;7
2026-W32;Шёпот времени;Ozon;3120;124.8;8
2026-W32;Тихий сад;WB;3141;125.64;9
2026-W32;Северный экспресс;Litres;1347;53.88;3
2026-W32;Дом у маяка;Ozon;1196;47.84;4
2026-W32;Игры разума;WB;2700;108;5
2026-W32;Шёпот времени;Litres;2340;93.6;6
2026-W32;Тихий сад;Ozon;2443;97.72;7
2026-W32;Северный экспресс;WB;3592;143.68;8
2026-W32;Дом у маяка;Litres;2691;107.64;9
2026-W32;Игры разума;Ozon;1620;64.8;3
2026-W32;Шёпот времени;WB;1560;62.4;4
2026-W32;Тихий сад;Litres;1745;69.8;5
2026-W32;Северный экспресс;Ozon;2694;107.76;6
2026-W32;Дом у маяка;WB;2093;83.72;7
2026-W32;Игры разума;Litres;4320;172.8;8
2026-W32;Шёпот времени;Ozon;3510;140.4;9
2026-W32;Тихий сад;WB;1047;41.88;3
2026-W32;Северный экспресс;Litres;1796;71.84;4
2026-W32;Дом у маяка;Ozon;1495;59.8;5
2026-W32;Игры разума;WB;3240;129.6;6
2026-W32;Шёпот времени;Litres;2730;109.2;7
2026-W32;Тихий сад;Ozon;2792;111.68;8
2026-W32;Северный экспресс;WB;4041;161.64;9
2026-W32;Дом у маяка;Litres;897;35.88;3
2026-W32;Игры разума;Ozon;2160;86.4;4
2026-W32;Шёпот времени;WB;1950;78;5
2026-W32;Тихий сад;Litres;2094;83.76;6
2026-W32;Северный экспресс;Ozon;3143;125.72;7
2026-W32;Дом у маяка;WB;2392;95.68;8
2026-W32;Игры разума;Litres;4860;194.4;9
2026-W32;Шёпот времени;Ozon;1170;46.8;3
2026-W32;Тихий сад;WB;1396;55.84;4
2026-W32;Северный экспресс;Litres;2245;89.8;5
2026-W32;Дом у маяка;Ozon;1794;71.76;6
2026-W32;Игры разума;WB;3780;151.2;7
2026-W32;Шёпот времени;Litres;3120;124.8;8
2026-W32;Тихий сад;Ozon;3141;125.64;9
2026-W32;Северный экспресс;WB;1347;53.88;3
2026-W32;Дом у маяка;Litres;1196;47.84;4
2026-W32;Игры разума;Ozon;2700;108;5
2026-W32;Шёпот времени;WB;2340;93.6;6
2026-W32;Тихий сад;Litres;2443;97.72;7
2026-W32;Северный экспресс;Ozon;3592;143.68;8
2026-W32;Дом у маяка;WB;2691;107.64;9
2026-W32;Игры разума;Litres;1620;64.8;3
2026-W32;Шёпот времени;Ozon;1560;62.4;4
2026-W32;Тихий сад;WB;1745;69.8;5
2026-W32;Северный экспресс;Litres;2694;107.76;6
2026-W32;Дом у маяка;Ozon;2093;83.72;7
2026-W32;Игры разума;WB;4320;172.8;8
2026-W32;Шёпот времени;Litres;3510;140.4;9
2026-W32;Тихий сад;Ozon;1047;41.88;3
2026-W32;Северный экспресс;WB;1796;71.84;4
2026-W32;Дом у маяка;Litres;1495;59.8;5
2026-W32;Игры разума;Ozon;3240;129.6;6
2026-W32;Шёпот времени;WB;2730;109.2;7
2026-W32;Тихий сад;Litres;2792;111.68;8
2026-W32;Северный экспресс;Ozon;4041;161.64;9
2026-W32;Дом у маяка;WB;897;35.88;3
2026-W32;Игры разума;Litres;2160;86.4;4
2026-W32;Шёпот времени;Ozon;1950;78;5
2026-W32;Тихий сад;WB;2094;83.76;6
2026-W32;Северный экспресс;Litres;3143;125.72;7
2026-W32;Дом у маяка;Ozon;2392;95.68;8
2026-W32;Игры разума;WB;4860;194.4;9
2026-W32;Шёпот времени;Litres;1170;46.8;3
2026-W32;Тихий сад;Ozon;1396;55.84;4
2026-W32;Северный экспресс;WB;2245;89.8;5
2026-W32;Дом у маяка;Litres;1794;71.76;6
2026-W32;Игры разума;Ozon;3780;151.2;7
2026-W32;Шёпот времени;WB;3120;124.8;8
2026-W32;Тихий сад;Litres;3141;125.64;9
2026-W32;Северный экспресс;Ozon;1347;53.88;3
2026-W32;Дом у маяка;WB;1196;47.84;4
2026-W32;Игры разума;Litres;2700;108;5
2026-W32;Шёпот времени;Ozon;2340;93.6;6
2026-W32;Тихий сад;WB;2443;97.72;7
2026-W32;Северный экспресс;Litres;3592;143.68;8
2026-W32;Дом у маяка;Ozon;2691;107.64;9
2026-W32;Игры разума;WB;1620;64.8;3
2026-W32;Шёпот времени;Litres;1560;62.4;4
2026-W32;Тихий сад;Ozon;1745;69.8;5
2026-W32;Северный экспресс;WB;2694;107.76;6
2026-W32;Дом у маяка;Litres;2093;83.72;7
2026-W32;Игры разума;Ozon;4320;172.8;8
2026-W32;Шёпот времени;WB;3510;140.4;9
2026-W32;Тихий сад;Litres;1047;41.88;3
2026-W32;Северный экспресс;Ozon;1796;71.84;4
2026-W32;Дом у маяка;WB;1495;59.8;5
2026-W32;Игры разума;Litres;3240;129.6;6
2026-W32;Шёпот времени;Ozon;2730;109.2;7
2026-W32;Тихий сад;WB;2792;111.68;8
2026-W32;Северный экспресс;Litres;4041;161.64;9
2026-W32;Дом у маяка;Ozon;897;35.88;3
2026-W32;Игры разума;WB;2160;86.4;4
2026-W32;Шёпот времени;Litres;1950;78;5
2026-W32;Тихий сад;Ozon;2094;83.76;6
2026-W32;Северный экспресс;WB;3143;125.72;7
2026-W32;Дом у маяка;Litres;2392;95.68;8
2026-W32;Игры разума;Ozon;4860;194.4;9
2026-W32;Шёпот времени;WB;1170;46.8;3
2026-W32;Тихий сад;Litres;1396;55.84;4
2026-W32;Северный экспресс;Ozon;2245;89.8;5
2026-W32;Дом у маяка;WB;1794;71.76;6
2026-W32;Игры разума;Litres;3780;151.2;7
2026-W32;Шёпот времени;Ozon;3120;124.8;8
2026-W32;Тихий сад;WB;3141;125.64;9
2026-W32;Северный экспресс;Litres;1347;53.88;3
2026-W32;Дом у маяка;Ozon;1196;47.84;4
2026-W32;Игры разума;WB;2700;108;5
2026-W32;Шёпот времени;Litres;2340;93.6;6
2026-W32;Тихий сад;Ozon;2443;97.72;7
2026-W32;Северный экспресс;WB;3592;143.68;8
2026-W32;Дом у маяка;Litres;2691;107.64;9
2026-W32;Игры разума;Ozon;1620;64.8;3
2026-W32;Шёпот времени;WB;1560;62.4;4
2026-W32;Тихий сад;Litres;1745;69.8;5
2026-W32;Северный экспресс;Ozon;2694;107.76;6
2026-W32;Дом у маяка;WB;2093;83.72;7
2026-W32;Игры разума;Litres;4320;172.8;8
2026-W32;Шёпот времени;Ozon;3510;140.4;9
2026-W32;Тихий сад;WB;1047;41.88;3
2026-W32;Северный экспресс;Litres;1796;71.84;4
2026-W32;Дом у маяка;Ozon;1495;59.8;5
2026-W32;Игры разума;WB;3240;129.6;6
2026-W32;Шёпот времени;Litres;2730;109.2;7
2026-W32;Тихий сад;Ozon;2792;111.68;8
2026-W32;Северный экспресс;WB;4041;161.64;9
2026-W32;Дом у маяка;Litres;897;35.88;3
2026-W32;Игры разума;Ozon;2160;86.4;4
2026-W32;Шёпот времени;WB;1950;78;5
2026-W32;Тихий сад;Litres;2094;83.76;6
2026-W32;Северный экспресс;Ozon;3143;125.72;7
2026-W32;Дом у маяка;WB;2392;95.68;8
2026-W32;Игры разума;Litres;4860;194.4;9
2026-W32;Шёпот времени;Ozon;1170;46.8;3
2026-W32;Тихий сад;WB;1396;55.84;4
2026-W32;Северный экспресс;Litres;2245;89.8;5
2026-W32;Дом у маяка;Ozon;1794;71.76;6
2026-W32;Игры разума;WB;3780;151.2;7
2026-W32;Шёпот времени;Litres;3120;124.8;8
2026-W32;Тихий сад;Ozon;3141;125.64;9
2026-W32;Северный экспресс;WB;1347;53.88;3
2026-W32;Дом у маяка;Litres;1196;47.84;4
2026-W32;Игры разума;Ozon;2700;108;5
2026-W32;Шёпот времени;WB;2340;93.6;6
2026-W32;Тихий сад;Litres;2443;97.72;7
2026-W32;Северный экспресс;Ozon;3592;143.68;8
2026-W32;Дом у маяка;WB;2691;107.64;9
2026-W32;Игры разума;Litres;1620;64.8;3
2026-W32;Шёпот времени;Ozon;1560;62.4;4
2026-W32;Тихий сад;WB;1745;69.8;5
2026-W32;Северный экспресс;Litres;2694;107.76;6
2026-W32;Дом у маяка;Ozon;2093;83.72;7
2026-W32;Игры разума;WB;4320;172.8;8
2026-W32;Шёпот времени;Litres;3510;140.4;9
2026-W32;Тихий сад;Ozon;1047;41.88;3
2026-W32;Северный экспресс;WB;1796;71.84;4
2026-W32;Дом у маяка;Litres;1495;59.8;5
2026-W32;Игры разума;Ozon;3240;129.6;6
2026-W32;Шёпот времени;WB;2730;109.2;7
2026-W32;Тихий сад;Litres;2792;111.68;8
2026-W32;Северный экспресс;Ozon;4041;161.64;9
2026-W32;Дом у маяка;WB;897;35.88;3
2026-W32;Игры разума;Litres;2160;86.4;4
2026-W32;Шёпот времени;Ozon;1950;78;5
2026-W32;Тихий сад;WB;2094;83.76;6
2026-W32;Северный экспресс;Litres;3143;125.72;7
2026-W32;Дом у маяка;Ozon;2392;95.68;8
2026-W32;Игры разума;WB;4860;194.4;9
2026-W32;Шёпот времени;Litres;1170;46.8;3
2026-W32;Тихий сад;Ozon;1396;55.84;4
2026-W32;Северный экспресс;WB;2245;89.8;5
2026-W32;Дом у маяка;Litres;1794;71.76;6
2026-W32;Игры разума;Ozon;3780;151.2;7
2026-W32;Шёпот времени;WB;3120;124.8;8
2026-W32;Тихий сад;Litres;3141;125.64;9
2026-W32;Северный экспресс;Ozon;1347;53.88;3
2026-W32;Дом у маяка;WB;1196;47.84;4
2026-W32;Игры разума;Litres;2700;108;5
2026-W32;Шёпот времени;Ozon;2340;93.6;6
2026-W32;Тихий сад;WB;2443;97.72;7
2026-W32;Северный экспресс;Litres;3592;143.68;8
2026-W32;Дом у маяка;Ozon;2691;107.64;9
2026-W32;Игры разума;WB;1620;64.8;3
2026-W32;Шёпот времени;Litres;1560;62.4;4
2026-W32;Тихий сад;Ozon;1745;69.8;5
2026-W32;Северный экспресс;WB;2694;107.76;6
2026-W32;Дом у маяка;Litres;2093;83.72;7
2026-W32;Игры разума;Ozon;4320;172.8;8
2026-W32;Шёпот времени;WB;3510;140.4;9
2026-W32;Тихий сад;Litres;1047;41.88;3
2026-W32;Северный экспресс;Ozon;1796;71.84;4
2026-W32;Дом у маяка;WB;1495;59.8;5
2026-W32;Игры разума;Litres;3240;129.6;6
2026-W32;Шёпот времени;Ozon;2730;109.2;7
2026-W32;Тихий сад;WB;2792;111.68;8
2026-W32;Северный экспресс;Litres;4041;161.64;9
2026-W32;Дом у маяка;Ozon;897;35.88;3
2026-W32;Игры разума;WB;2160;86.4;4
2026-W32;Шёпот времени;Litres;1950;78;5
2026-W32;Тихий сад;Ozon;2094;83.76;6
2026-W32;Северный экспресс;WB;3143;125.72;7
2026-W32;Дом у маяка;Litres;2392;95.68;8
2026-W32;Игры разума;Ozon;4860;194.4;9
2026-W32;Шёпот времени;WB;1170;46.8;3
2026-W32;Тихий сад;Litres;1396;55.84;4
2026-W32;Северный экспресс;Ozon;2245;89.8;5
2026-W32;Дом у маяка;WB;1794;71.76;6
2026-W32;Игры разума;Litres;3780;151.2;7
2026-W32;Шёпот времени;Ozon;3120;124.8;8
2026-W32;Тихий сад;WB;3141;125.64;9
2026-W32;Северный экспресс;Litres;1347;53.88;3
2026-W32;Дом у маяка;Ozon;1196;47.84;4
2026-W32;Игры разума;WB;2700;108;5
2026-W32;Шёпот времени;Litres;2340;93.6;6
2026-W32;Тихий сад;Ozon;2443;97.72;7
2026-W32;Северный экспресс;WB;3592;143.68;8
2026-W32;Дом у маяка;Litres;2691;107.64;9
2026-W32;Игры разума;Ozon;1620;64.8;3
2026-W32;Шёпот времени;WB;1560;62.4;4
2026-W32;Тихий сад;Litres;1745;69.8;5
2026-W32;Северный экспресс;Ozon;2694;107.76;6
2026-W32;Дом у маяка;WB;2093;83.72;7
2026-W32;Игры разума;Litres;4320;172.8;8
2026-W32;Шёпот времени;Ozon;3510;140.4;9
2026-W32;Тихий сад;WB;1047;41.88;3
2026-W32;Северный экспресс;Litres;1796;71.84;4
2026-W32;Дом у маяка;Ozon;1495;59.8;5
2026-W32;Игры разума;WB;3240;129.6;6
2026-W32;Шёпот времени;Litres;2730;109.2;7
2026-W32;Тихий сад;Ozon;2792;111.68;8
2026-W32;Северный экспресс;WB;4041;161.64;9
2026-W32;Дом у маяка;Litres;897;35.88;3
2026-W32;Игры разума;Ozon;2160;86.4;4
2026-W32;Шёпот времени;WB;1950;78;5
2026-W32;Тихий сад;Litres;2094;83.76;6
2026-W32;Северный экспресс;Ozon;3143;125.72;7
2026-W32;Дом у маяка;WB;2392;95.68;8
2026-W32;Игры разума;Litres;4860;194.4;9
2026-W32;Шёпот времени;Ozon;1170;46.8;3
2026-W32;Тихий сад;WB;1396;55.84;4
2026-W32;Северный экспресс;Litres;2245;89.8;5
2026-W32;Дом у маяка;Ozon;1794;71.76;6
2026-W32;Игры разума;WB;3780;151.2;7
2026-W32;Шёпот времени;Litres;3120;124.8;8
2026-W32;Тихий сад;Ozon;3141;125.64;9
2026-W32;Северный экспресс;WB;1347;53.88;3
2026-W32;Дом у маяка;Litres;1196;47.84;4
2026-W32;Игры разума;Ozon;2700;108;5
2026-W32;Шёпот времени;WB;2340;93.6;6
2026-W32;Тихий сад;Litres;2443;97.72;7
2026-W32;Северный экспресс;Ozon;3592;143.68;8
2026-W32;Дом у маяка;WB;2691;107.64;9
2026-W32;Игры разума;Litres;1620;64.8;3
2026-W32;Шёпот времени;Ozon;1560;62.4;4
2026-W32;Тихий сад;WB;1745;69.8;5
2026-W32;Северный экспресс;Litres;2694;107.76;6
2026-W32;Дом у маяка;Ozon;2093;83.72;7
2026-W32;Игры разума;WB;4320;172.8;8
2026-W32;Шёпот времени;Litres;3510;140.4;9
2026-W32;Тихий сад;Ozon;1047;41.88;3
2026-W32;Северный экспресс;WB;1796;71.84;4
2026-W32;Дом у маяка;Litres;1495;59.8;5
2026-W32;Игры разума;Ozon;3240;129.6;6
2026-W32;Шёпот времени;WB;2730;109.2;7
2026-W32;Тихий сад;Litres;2792;111.68;8
2026-W32;Северный экспресс;Ozon;4041;161.64;9
2026-W32;Дом у маяка;WB;897;35.88;3
2026-W32;Игры разума;Litres;2160;86.4;4
2026-W32;Шёпот времени;Ozon;1950;78;5
2026-W32;Тихий сад;WB;2094;83.76;6
2026-W32;Северный экспресс;Litres;3143;125.72;7
2026-W32;Дом у маяка;Ozon;2392;95.68;8
2026-W32;Игры разума;WB;4860;194.4;9
2026-W32;Шёпот времени;Litres;1170;46.8;3
2026-W32;Тихий сад;Ozon;1396;55.84;4
2026-W32;Северный экспресс;WB;2245;89.8;5
2026-W32;Дом у маяка;Litres;1794;71.76;6
2026-W32;Игры разума;Ozon;3780;151.2;7
2026-W32;Шёпот времени;WB;3120;124.8;8
2026-W32;Тихий сад;Litres;3141;125.64;9
2026-W32;Северный экспресс;Ozon;1347;53.88;3
2026-W32;Дом у маяка;WB;1196;47.84;4
2026-W32;Игры разума;Litres;2700;108;5
2026-W32;Шёпот времени;Ozon;2340;93.6;6
2026-W32;Тихий сад;WB;2443;97.72;7
2026-W32;Северный экспресс;Litres;3592;143.68;8
2026-W32;Дом у маяка;Ozon;2691;107.64;9
2026-W32;Игры разума;WB;1620;64.8;3
2026-W32;Шёпот времени;Litres;1560;62.4;4
2026-W32;Тихий сад;Ozon;1745;69.8;5
2026-W32;Северный экспресс;WB;2694;107.76;6
2026-W32;Дом у маяка;Litres;2093;83.72;7
2026-W32;Игры разума;Ozon;4320;172.8;8
2026-W32;Шёпот времени;WB;3510;140.4;9
2026-W32;Тихий сад;Litres;1047;41.88;3
2026-W32;Северный экспресс;Ozon;1796;71.84;4
2026-W32;Дом у маяка;WB;1495;59.8;5
2026-W32;Игры разума;Litres;3240;129.6;6
2026-W32;Шёпот времени;Ozon;2730;109.2;7
2026-W32;Тихий сад;WB;2792;111.68;8
2026-W32;Северный экспресс;Litres;4041;161.64;9
2026-W32;Дом у маяка;Ozon;897;35.88;3
2026-W32;Игры разума;WB;2160;86.4;4
2026-W32;Шёпот времени;Litres;1950;78;5
2026-W32;Тихий сад;Ozon;2094;83.76;6
2026-W32;Северный экспресс;WB;3143;125.72;7
2026-W32;Дом у маяка;Litres;2392;95.68;8
2026-W32;Игры разума;Ozon;4860;194.4;9
2026-W32;Шёпот времени;WB;1170;46.8;3
2026-W32;Тихий сад;Litres;1396;55.84;4
2026-W32;Северный экспресс;Ozon;2245;89.8;5
2026-W32;Дом у маяка;WB;1794;71.76;6
2026-W32;Игры разума;Litres;3780;151.2;7
2026-W32;Шёпот времени;Ozon;3120;124.8;8
2026-W32;Тихий сад;WB;3141;125.64;9
2026-W32;Северный экспресс;Litres;1347;53.88;3
2026-W32;Дом у маяка;Ozon;1196;47.84;4
2026-W32;Игры разума;WB;2700;108;5
2026-W32;Шёпот времени;Litres;2340;93.6;6
2026-W32;Тихий сад;Ozon;2443;97.72;7
2026-W32;Северный экспресс;WB;3592;143.68;8
2026-W32;Дом у маяка;Litres;2691;107.64;9
2026-W32;Игры разума;Ozon;1620;64.8;3
2026-W32;Шёпот времени;WB;1560;62.4;4
2026-W32;Тихий сад;Litres;1745;69.8;5
2026-W32;Северный экспресс;Ozon;2694;107.76;6
2026-W32;Дом у маяка;WB;2093;83.72;7
2026-W32;Игры разума;Litres;4320;172.8;8
2026-W32;Шёпот времени;Ozon;3510;140.4;9
2026-W32;Тихий сад;WB;1047;41.88;3
2026-W32;Северный экспресс;Litres;1796;71.84;4
2026-W32;Дом у маяка;Ozon;1495;59.8;5
2026-W32;Игры разума;WB;3240;129.6;6
2026-W32;Шёпот времени;Litres;2730;109.2;7
2026-W32;Тихий сад;Ozon;2792;111.68;8
2026-W32;Северный экспресс;WB;4041;161.64;9
2026-W32;Дом у маяка;Litres;897;35.88;3
2026-W32;Игры разума;Ozon;2160;86.4;4
2026-W32;Шёпот времени;WB;1950;78;5
2026-W32;Тихий сад;Litres;2094;83.76;6
2026-W32;Северный экспресс;Ozon;3143;125.72;7
2026-W32;Дом у маяка;WB;2392;95.68;8
2026-W32;Игры разума;Litres;4860;194.4;9
2026-W32;Шёпот времени;Ozon;1170;46.8;3
2026-W32;Тихий сад;WB;1396;55.84;4
2026-W32;Северный экспресс;Litres;2245;89.8;5
2026-W32;Дом у маяка;Ozon;1794;71.76;6
2026-W32;Игры разума;WB;3780;151.2;7
2026-W32;Шёпот времени;Litres;3120;124.8;8
2026-W32;Тихий сад;Ozon;3141;125.64;9
2026-W32;Северный экспресс;WB;1347;53.88;3
2026-W32;Дом у маяка;Litres;1196;47.84;4
2026-W32;Игры разума;Ozon;2700;108;5
2026-W32;Шёпот времени;WB;2340;93.6;6
2026-W32;Тихий сад;Litres;2443;97.72;7
2026-W32;Северный экспресс;Ozon;3592;143.68;8
2026-W32;Дом у маяка;WB;2691;107.64;9
2026-W32;Игры разума;Litres;1620;64.8;3
2026-W32;Шёпот времени;Ozon;1560;62.4;4
2026-W32;Тихий сад;WB;1745;69.8;5
2026-W32;Северный экспресс;Litres;2694;107.76;6
2026-W32;Дом у маяка;Ozon;2093;83.72;7
2026-W32;Игры разума;WB;4320;172.8;8
2026-W32;Шёпот времени;Litres;3510;140.4;9
2026-W32;Тихий сад;Ozon;1047;41.88;3
2026-W32;Северный экспресс;WB;1796;71.84;4
2026-W32;Дом у маяка;Litres;1495;59.8;5
2026-W32;Игры разума;Ozon;3240;129.6;6
2026-W32;Шёпот времени;WB;2730;109.2;7
2026-W32;Тихий сад;Litres;2792;111.68;8
2026-W32;Северный экспресс;Ozon;4041;161.64;9
2026-W32;Дом у маяка;WB;897;35.88;3
2026-W32;Игры разума;Litres;2160;86.4;4
2026-W32;Шёпот времени;Ozon;1950;78;5
2026-W32;Тихий сад;WB;2094;83.76;6
2026-W32;Северный экспресс;Litres;3143;125.72;7
2026-W32;Дом у маяка;Ozon;2392;95.68;8
2026-W32;Игры разума;WB;4860;194.4;9
2026-W32;Шёпот времени;Litres;1170;46.8;3
2026-W32;Тихий сад;Ozon;1396;55.84;4
2026-W32;Северный экспресс;WB;2245;89.8;5
2026-W32;Дом у маяка;Litres;1794;71.76;6
2026-W32;Игры разума;Ozon;3780;151.2;7
2026-W32;Шёпот времени;WB;3120;124.8;8
2026-W32;Тихий сад;Litres;3141;125.64;9
2026-W32;Северный экспресс;Ozon;1347;53.88;3
2026-W32;Дом у маяка;WB;1196;47.84;4
2026-W32;Игры разума;Litres;2700;108;5
2026-W32;Шёпот времени;Ozon;2340;93.6;6
2026-W32;Тихий сад;WB;2443;97.72;7
2026-W32;Северный экспресс;Litres;3592;143.68;8
2026-W32;Дом у маяка;Ozon;2691;107.64;9
2026-W32;Игры разума;WB;1620;64.8;3
2026-W32;Шёпот времени;Litres;1560;62.4;4
2026-W32;Тихий сад;Ozon;1745;69.8;5
2026-W32;Северный экспресс;WB;2694;107.76;6
2026-W32;Дом у маяка;Litres;2093;83.72;7
2026-W32;Игры разума;Ozon;4320;172.8;8
2026-W32;Шёпот времени;WB;3510;140.4;9
2026-W32;Тихий сад;Litres;1047;41.88;3
2026-W32;Северный экспресс;Ozon;1796;71.84;4
2026-W32;Дом у маяка;WB;1495;59.8;5
2026-W32;Игры разума;Litres;3240;129.6;6
2026-W32;Шёпот времени;Ozon;2730;109.2;7
2026-W32;Тихий сад;WB;2792;111.68;8
2026-W32;Северный экспресс;Litres;4041;161.64;9
2026-W32;Дом у маяка;Ozon;897;35.88;3
2026-W32;Игры разума;WB;2160;86.4;4
2026-W32;Шёпот времени;Litres;1950;78;5
2026-W32;Тихий сад;Ozon;2094;83.76;6
2026-W32;Северный экспресс;WB;3143;125.72;7
2026-W32;Дом у маяка;Litres;2392;95.68;8
2026-W32;Игры разума;Ozon;4860;194.4;9
2026-W32;Шёпот времени;WB;1170;46.8;3
2026-W32;Тихий сад;Litres;1396;55.84;4
2026-W32;Северный экспресс;Ozon;2245;89.8;5
2026-W32;Дом у маяка;WB;1794;71.76;6
2026-W32;Игры разума;Litres;3780;151.2;7
2026-W32;Шёпот времени;Ozon;3120;124.8;8
2026-W32;Тихий сад;WB;3141;125.64;9
2026-W32;Северный экспресс;Litres;1347;53.88;3
2026-W32;Дом у маяка;Ozon;1196;47.84;4
2026-W32;Игры разума;WB;2700;108;5
2026-W32;Шёпот времени;Litres;2340;93.6;6
2026-W32;Тихий сад;Ozon;2443;97.72;7
2026-W32;Северный экспресс;WB;3592;143.68;8
2026-W32;Дом у маяка;Litres;2691;107.64;9
2026-W32;Игры разума;Ozon;1620;64.8;3
2026-W32;Шёпот времени;WB;1560;62.4;4
2026-W32;Тихий сад;Litres;1745;69.8;5
2026-W32;Северный экспресс;Ozon;2694;107.76;6
2026-W32;Дом у маяка;WB;2093;83.72;7
2026-W32;Игры разума;Litres;4320;172.8;8
2026-W32;Шёпот времени;Ozon;3510;140.4;9
2026-W32;Тихий сад;WB;1047;41.88;3
2026-W32;Северный экспресс;Litres;1796;71.84;4
2026-W32;Дом у маяка;Ozon;1495;59.8;5
2026-W32;Игры разума;WB;3240;129.6;6
2026-W32;Шёпот времени;Litres;2730;109.2;7
2026-W32;Тихий сад;Ozon;2792;111.68;8
2026-W32;Северный экспресс;WB;4041;161.64;9
2026-W32;Дом у маяка;Litres;897;35.88;3
2026-W32;Игры разума;Ozon;2160;86.4;4
2026-W32;Шёпот времени;WB;1950;78;5
2026-W32;Тихий сад;Litres;2094;83.76;6
2026-W32;Северный экспресс;Ozon;3143;125.72;7
2026-W32;Дом у маяка;WB;2392;95.68;8
2026-W32;Игры разума;Litres;4860;194.4;9
2026-W32;Шёпот времени;Ozon;1170;46.8;3
2026-W32;Тихий сад;WB;1396;55.84;4
2026-W32;Северный экспресс;Litres;2245;89.8;5
2026-W32;Дом у маяка;Ozon;1794;71.76;6
2026-W32;Игры разума;WB;3780;151.2;7
2026-W32;Шёпот времени;Litres;3120;124.8;8
2026-W32;Тихий сад;Ozon;3141;125.64;9
2026-W32;Северный экспресс;WB;1347;53.88;3
2026-W32;Дом у маяка;Litres;1196;47.84;4
2026-W32;Игры разума;Ozon;2700;108;5
2026-W32;Шёпот времени;WB;2340;93.6;6
2026-W32;Тихий сад;Litres;2443;97.72;7
2026-W32;Северный экспресс;Ozon;3592;143.68;8
2026-W32;Дом у маяка;WB;2691;107.64;9
2026-W32;Игры разума;Litres;1620;64.8;3
2026-W32;Шёпот времени;Ozon;1560;62.4;4
2026-W32;Тихий сад;WB;1745;69.8;5
2026-W32;Северный экспресс;Litres;2694;107.76;6
2026-W32;Дом у маяка;Ozon;2093;83.72;7
2026-W32;Игры разума;WB;4320;172.8;8
2026-W32;Шёпот времени;Litres;3510;140.4;9
2026-W32;Тихий сад;Ozon;1047;41.88;3
2026-W32;Северный экспресс;WB;1796;71.84;4
2026-W32;Дом у маяка;Litres;1495;59.8;5
2026-W32;Игры разума;Ozon;3240;129.6;6
2026-W32;Шёпот времени;WB;2730;109.2;7
2026-W32;Тихий сад;Litres;2792;111.68;8
2026-W32;Северный экспресс;Ozon;4041;161.64;9
2026-W32;Дом у маяка;WB;897;35.88;3
2026-W32;Игры разума;Litres;2160;86.4;4
2026-W32;Шёпот времени;Ozon;1950;78;5
2026-W32;Тихий сад;WB;2094;83.76;6
2026-W32;Северный экспресс;Litres;3143;125.72;7
2026-W32;Дом у маяка;Ozon;2392;95.68;8
2026-W32;Игры разума;WB;4860;194.4;9
2026-W32;Шёпот времени;Litres;1170;46.8;3
2026-W32;Тихий сад;Ozon;1396;55.84;4
2026-W32;Северный экспресс;WB;2245;89.8;5
2026-W32;Дом у маяка;Litres;1794;71.76;6
2026-W32;Игры разума;Ozon;3780;151.2;7
2026-W32;Шёпот времени;WB;3120;124.8;8
2026-W32;Тихий сад;Litres;3141;125.64;9
2026-W32;Северный экспресс;Ozon;1347;53.88;3
2026-W32;Дом у маяка;WB;1196;47.84;4
2026-W32;Игры разума;Litres;2700;108;5
2026-W32;Шёпот времени;Ozon;2340;93.6;6
2026-W32;Тихий сад;WB;2443;97.72;7
2026-W32;Северный экспресс;Litres;3592;143.68;8
2026-W32;Дом у маяка;Ozon;2691;107.64;9
2026-W32;Игры разума;WB;1620;64.8;3
2026-W32;Шёпот времени;Litres;1560;62.4;4
2026-W32;Тихий сад;Ozon;1745;69.8;5
2026-W32;Северный экспресс;WB;2694;107.76;6
2026-W32;Дом у маяка;Litres;2093;83.72;7
2026-W32;Игры разума;Ozon;4320;172.8;8
2026-W32;Шёпот времени;WB;3510;140.4;9
2026-W32;Тихий сад;Litres;1047;41.88;3
2026-W32;Северный экспресс;Ozon;1796;71.84;4
2026-W32;Дом у маяка;WB;1495;59.8;5
2026-W32;Игры разума;Litres;3240;129.6;6
2026-W32;Шёпот времени;Ozon;2730;109.2;7
2026-W32;Тихий сад;WB;2792;111.68;8
2026-W32;Северный экспресс;Litres;4041;161.64;9
2026-W32;Дом у маяка;Ozon;897;35.88;3
2026-W32;Игры разума;WB;2160;86.4;4
2026-W32;Шёпот времени;Litres;1950;78;5
2026-W32;Тихий сад;Ozon;2094;83.76;6
2026-W32;Северный экспресс;WB;3143;125.72;7
2026-W32;Дом у маяка;Litres;2392;95.68;8
2026-W32;Игры разума;Ozon;4860;194.4;9
2026-W32;Шёпот времени;WB;1170;46.8;3
2026-W32;Тихий сад;Litres;1396;55.84;4
2026-W32;Северный экспресс;Ozon;2245;89.8;5
2026-W32;Дом у маяка;WB;1794;71.76;6
2026-W32;Игры разума;Litres;3780;151.2;7
2026-W32;Шёпот времени;Ozon;3120;124.8;8
2026-W32;Тихий сад;WB;3141;125.64;9
2026-W32;Северный экспресс;Litres;1347;53.88;3
2026-W32;Дом у маяка;Ozon;1196;47.84;4
2026-W32;Игры разума;WB;2700;108;5
2026-W32;Шёпот времени;Litres;2340;93.6;6
2026-W32;Тихий сад;Ozon;2443;97.72;7
2026-W32;Северный экспресс;WB;3592;143.68;8
2026-W32;Дом у маяка;Litres;2691;107.64;9
2026-W32;Игры разума;Ozon;1620;64.8;3
2026-W32;Шёпот времени;WB;1560;62.4;4
2026-W32;Тихий сад;Litres;1745;69.8;5
2026-W32;Северный экспресс;Ozon;2694;107.76;6
2026-W32;Дом у маяка;WB;2093;83.72;7
2026-W32;Игры разума;Litres;4320;172.8;8
2026-W32;Шёпот времени;Ozon;3510;140.4;9
2026-W32;Тихий сад;WB;1047;41.88;3
2026-W32;Северный экспресс;Litres;1796;71.84;4
2026-W32;Дом у маяка;Ozon;1495;59.8;5
2026-W32;Игры разума;WB;3240;129.6;6
2026-W32;Шёпот времени;Litres;2730;109.2;7
2026-W32;Тихий сад;Ozon;2792;111.68;8
2026-W32;Северный экспресс;WB;4041;161.64;9
2026-W32;Дом у маяка;Litres;897;35.88;3
2026-W32;Игры разума;Ozon;2160;86.4;4
2026-W32;Шёпот времени;WB;1950;78;5
2026-W32;Тихий сад;Litres;2094;83.76;6
2026-W32;Северный экспресс;Ozon;3143;125.72;7
2026-W32;Дом у маяка;WB;2392;95.68;8
2026-W32;Игры разума;Litres;4860;194.4;9
2026-W32;Шёпот времени;Ozon;1170;46.8;3
2026-W32;Тихий сад;WB;1396;55.84;4
2026-W32;Северный экспресс;Litres;2245;89.8;5
2026-W32;Дом у маяка;Ozon;1794;71.76;6
2026-W32;Игры разума;WB;3780;151.2;7
2026-W32;Шёпот времени;Litres;3120;124.8;8
2026-W32;Тихий сад;Ozon;3141;125.64;9
2026-W32;Северный экспресс;WB;1347;53.88;3
2026-W32;Дом у маяка;Litres;1196;47.84;4
2026-W32;Игры разума;Ozon;2700;108;5
2026-W32;Шёпот времени;WB;2340;93.6;6
2026-W32;Тихий сад;Litres;2443;97.72;7
2026-W32;Северный экспресс;Ozon;3592;143.68;8
2026-W32;Дом у маяка;WB;2691;107.64;9
2026-W32;Игры разума;Litres;1620;64.8;3
2026-W32;Шёпот времени;Ozon;1560;62.4;4
2026-W32;Тихий сад;WB;1745;69.8;5
2026-W32;Северный экспресс;Litres;2694;107.76;6
2026-W32;Дом у маяка;Ozon;2093;83.72;7
2026-W32;Игры разума;WB;4320;172.8;8
2026-W32;Шёпот времени;Litres;3510;140.4;9
2026-W32;Тихий сад;Ozon;1047;41.88;3
2026-W32;Северный экспресс;WB;1796;71.84;4
2026-W32;Дом у маяка;Litres;1495;59.8;5
2026-W32;Игры разума;Ozon;3240;129.6;6
2026-W32;Шёпот времени;WB;2730;109.2;7
2026-W32;Тихий сад;Litres;2792;111.68;8
2026-W32;Северный экспресс;Ozon;4041;161.64;9
2026-W32;Дом у маяка;WB;897;35.88;3
2026-W32;Игры разума;Litres;2160;86.4;4
2026-W32;Шёпот времени;Ozon;1950;78;5
2026-W32;Тихий сад;WB;2094;83.76;6
2026-W32;Северный экспресс;Litres;3143;125.72;7
2026-W32;Дом у маяка;Ozon;2392;95.68;8
2026-W32;Игры разума;WB;4860;194.4;9
2026-W32;Шёпот времени;Litres;1170;46.8;3
2026-W32;Тихий сад;Ozon;1396;55.84;4
2026-W32;Северный экспресс;WB;2245;89.8;5
2026-W32;Дом у маяка;Litres;1794;71.76;6
2026-W32;Игры разума;Ozon;3780;151.2;7
2026-W32;Шёпот времени;WB;3120;124.8;8
2026-W32;Тихий сад;Litres;3141;125.64;9
2026-W32;Северный экспресс;Ozon;1347;53.88;3
2026-W32;Дом у маяка;WB;1196;47.84;4
2026-W32;Игры разума;Litres;2700;108;5
2026-W32;Шёпот времени;Ozon;2340;93.6;6
2026-W32;Тихий сад;WB;2443;97.72;7
2026-W32;Северный экспресс;Litres;3592;143.68;8
2026-W32;Дом у маяка;Ozon;2691;107.64;9
2026-W32;Игры разума;WB;1620;64.8;3
2026-W32;Шёпот времени;Litres;1560;62.4;4
2026-W32;Тихий сад;Ozon;1745;69.8;5
2026-W32;Северный экспресс;WB;2694;107.76;6
2026-W32;Дом у маяка;Litres;2093;83.72;7
2026-W32;Игры разума;Ozon;4320;172.8;8
2026-W32;Шёпот времени;WB;3510;140.4;9
2026-W32;Тихий сад;Litres;1047;41.88;3
2026-W32;Северный экспресс;Ozon;1796;71.84;4
2026-W32;Дом у маяка;WB;1495;59.8;5
2026-W32;Игры разума;Litres;3240;129.6;6
2026-W32;Шёпот времени;Ozon;2730;109.2;7
2026-W32;Тихий сад;WB;2792;111.68;8
2026-W32;Северный экспресс;Litres;4041;161.64;9
2026-W32;Дом у маяка;Ozon;897;35.88;3
2026-W32;Игры разума;WB;2160;86.4;4
2026-W32;Шёпот времени;Litres;1950;78;5
2026-W32;Тихий сад;Ozon;2094;83.76;6
2026-W32;Северный экспресс;WB;3143;125.72;7
2026-W32;Дом у маяка;Litres;2392;95.68;8
2026-W32;Игры разума;Ozon;4860;194.4;9
2026-W32;Шёпот времени;WB;1170;46.8;3
2026-W32;Тихий сад;Litres;1396;55.84;4
2026-W32;Северный экспресс;Ozon;2245;89.8;5
2026-W32;Дом у маяка;WB;1794;71.76;6
2026-W32;Игры разума;Litres;3780;151.2;7
2026-W32;Шёпот времени;Ozon;3120;124.8;8
2026-W32;Тихий сад;WB;3141;125.64;9
2026-W32;Северный экспресс;Litres;1347;53.88;3
2026-W32;Дом у маяка;Ozon;1196;47.84;4
2026-W32;Игры разума;WB;2700;108;5
2026-W32;Шёпот времени;Litres;2340;93.6;6
2026-W32;Тихий сад;Ozon;2443;97.72;7
2026-W32;Северный экспресс;WB;3592;143.68;8
2026-W32;Дом у маяка;Litres;2691;107.64;9
2026-W32;Игры разума;Ozon;1620;64.8;3
2026-W32;Шёпот времени;WB;1560;62.4;4
2026-W32;Тихий сад;Litres;1745;69.8;5
2026-W32;Северный экспресс;Ozon;2694;107.76;6
2026-W32;Дом у маяка;WB;2093;83.72;7
2026-W32;Игры разума;Litres;4320;172.8;8
2026-W32;Шёпот времени;Ozon;3510;140.4;9
2026-W32;Тихий сад;WB;1047;41.88;3
2026-W32;Северный экспресс;Litres;1796;71.84;4
2026-W32;Дом у маяка;Ozon;1495;59.8;5
2026-W32;Игры разума;WB;3240;129.6;6
2026-W32;Шёпот времени;Litres;2730;109.2;7
2026-W32;Тихий сад;Ozon;2792;111.68;8
2026-W32;Северный экспресс;WB;4041;161.64;9
2026-W32;Дом у маяка;Litres;897;35.88;3
2026-W32;Игры разума;Ozon;2160;86.4;4
2026-W32;Шёпот времени;WB;1950;78;5
2026-W32;Тихий сад;Litres;2094;83.76;6
2026-W32;Северный экспресс;Ozon;3143;125.72;7
2026-W32;Дом у маяка;WB;2392;95.68;8
2026-W32;Игры разума;Litres;4860;194.4;9
2026-W32;Шёпот времени;Ozon;1170;46.8;3
2026-W32;Тихий сад;WB;1396;55.84;4
2026-W32;Северный экспресс;Litres;2245;89.8;5
2026-W32;Дом у маяка;Ozon;1794;71.76;6
2026-W32;Игры разума;WB;3780;151.2;7
2026-W32;Шёпот времени;Litres;3120;124.8;8
2026-W32;Тихий сад;Ozon;3141;125.64;9
2026-W32;Северный экспресс;WB;1347;53.88;3
2026-W32;Дом у маяка;Litres;1196;47.84;4
2026-W32;Игры разума;Ozon;2700;108;5
2026-W32;Шёпот времени;WB;2340;93.6;6
2026-W32;Тихий сад;Litres;2443;97.72;7
2026-W32;Северный экспресс;Ozon;3592;143.68;8
2026-W32;Дом у маяка;WB;2691;107.64;9
2026-W32;Игры разума;Litres;1620;64.8;3
2026-W32;Шёпот времени;Ozon;1560;62.4;4
2026-W32;Тихий сад;WB;1745;69.8;5
2026-W32;Северный экспресс;Litres;2694;107.76;6
2026-W32;Дом у маяка;Ozon;2093;83.72;7
2026-W32;Игры разума;WB;4320;172.8;8
2026-W32;Шёпот времени;Litres;3510;140.4;9
2026-W32;Тихий сад;Ozon;1047;41.88;3
2026-W32;Северный экспресс;WB;1796;71.84;4
2026-W32;Дом у маяка;Litres;1495;59.8;5
2026-W32;Игры разума;Ozon;3240;129.6;6
2026-W32;Шёпот времени;WB;2730;109.2;7
2026-W32;Тихий сад;Litres;2792;111.68;8
2026-W32;Северный экспресс;Ozon;4041;161.64;9
2026-W32;Дом у маяка;WB;897;35.88;3
2026-W32;Игры разума;Litres;2160;86.4;4
2026-W32;Шёпот времени;Ozon;1950;78;5
2026-W32;Тихий сад;WB;2094;83.76;6
2026-W32;Северный экспресс;Litres;3143;125.72;7
2026-W32;Дом у маяка;Ozon;2392;95.68;8
2026-W32;Игры разума;WB;4860;194.4;9
2026-W32;Шёпот времени;Litres;1170;46.8;3
2026-W32;Тихий сад;Ozon;1396;55.84;4
2026-W32;Северный экспресс;WB;2245;89.8;5
2026-W32;Дом у маяка;Litres;1794;71.76;6
2026-W32;Игры разума;Ozon;3780;151.2;7
2026-W32;Шёпот времени;WB;3120;124.8;8
2026-W32;Тихий сад;Litres;3141;125.64;9
2026-W32;Северный экспресс;Ozon;1347;53.88;3
2026-W32;Дом у маяка;WB;1196;47.84;4
2026-W32;Игры разума;Litres;2700;108;5
2026-W32;Шёпот времени;Ozon;2340;93.6;6
2026-W32;Тихий сад;WB;2443;97.72;7
2026-W32;Северный экспресс;Litres;3592;143.68;8
2026-W32;Дом у маяка;Ozon;2691;107.64;9
2026-W32;Игры разума;WB;1620;64.8;3
2026-W32;Шёпот времени;Litres;1560;62.4;4
2026-W32;Тихий сад;Ozon;1745;69.8;5
2026-W32;Северный экспресс;WB;2694;107.76;6
2026-W32;Дом у маяка;Litres;2093;83.72;7
2026-W32;Игры разума;Ozon;4320;172.8;8
2026-W32;Шёпот времени;WB;3510;140.4;9
2026-W32;Тихий сад;Litres;1047;41.88;3
2026-W32;Северный экспресс;Ozon;1796;71.84;4
2026-W32;Дом у маяка;WB;1495;59.8;5
2026-W32;Игры разума;Litres;3240;129.6;6
2026-W32;Шёпот времени;Ozon;2730;109.2;7
2026-W32;Тихий сад;WB;2792;111.68;8
2026-W32;Северный экспресс;Litres;4041;161.64;9
2026-W32;Дом у маяка;Ozon;897;35.88;3
2026-W32;Игры разума;WB;2160;86.4;4
2026-W32;Шёпот времени;Litres;1950;78;5
2026-W32;Тихий сад;Ozon;2094;83.76;6
2026-W32;Северный экспресс;WB;3143;125.72;7
2026-W32;Дом у маяка;Litres;2392;95.68;8
2026-W32;Игры разума;Ozon;4860;194.4;9
2026-W32;Шёпот времени;WB;1170;46.8;3
2026-W32;Тихий сад;Litres;1396;55.84;4
2026-W32;Северный экспресс;Ozon;2245;89.8;5
2026-W32;Дом у маяка;WB;1794;71.76;6
2026-W32;Игры разума;Litres;3780;151.2;7
2026-W32;Шёпот времени;Ozon;3120;124.8;8
2026-W32;Тихий сад;WB;3141;125.64;9
2026-W32;Северный экспресс;Litres;1347;53.88;3
2026-W32;Дом у маяка;Ozon;1196;47.84;4
2026-W32;Игры разума;WB;2700;108;5
2026-W32;Шёпот времени;Litres;2340;93.6;6
2026-W32;Тихий сад;Ozon;2443;97.72;7
2026-W32;Северный экспресс;WB;3592;143.68;8
2026-W32;Дом у маяка;Litres;2691;107.64;9
2026-W32;Игры разума;Ozon;1620;64.8;3
2026-W32;Шёпот времени;WB;1560;62.4;4
2026-W32;Тихий сад;Litres;1745;69.8;5
2026-W32;Северный экспресс;Ozon;2694;107.76;6
2026-W32;Дом у маяка;WB;2093;83.72;7
2026-W32;Игры разума;Litres;4320;172.8;8
2026-W32;Шёпот времени;Ozon;3510;140.4;9
2026-W32;Тихий сад;WB;1047;41.88;3
2026-W32;Северный экспресс;Litres;1796;71.84;4
2026-W32;Дом у маяка;Ozon;1495;59.8;5
2026-W32;Игры разума;WB;3240;129.6;6
2026-W32;Шёпот времени;Litres;2730;109.2;7
2026-W32;Тихий сад;Ozon;2792;111.68;8
2026-W32;Северный экспресс;WB;4041;161.64;9
2026-W32;Дом у маяка;Litres;897;35.88;3
2026-W32;Игры разума;Ozon;2160;86.4;4
2026-W32;Шёпот времени;WB;1950;78;5
2026-W32;Тихий сад;Litres;2094;83.76;6
2026-W32;Северный экспресс;Ozon;3143;125.72;7
2026-W32;Дом у маяка;WB;2392;95.68;8
2026-W32;Игры разума;Litres;4860;194.4;9
2026-W32;Шёпот времени;Ozon;1170;46.8;3
2026-W32;Тихий сад;WB;1396;55.84;4
2026-W32;Северный экспресс;Litres;2245;89.8;5
2026-W32;Дом у маяка;Ozon;1794;71.76;6
2026-W32;Игры разума;WB;3780;151.2;7
2026-W32;Шёпот времени;Litres;3120;124.8;8
2026-W32;Тихий сад;Ozon;3141;125.64;9
2026-W32;Северный экспресс;WB;1347;53.88;3
2026-W32;Дом у маяка;Litres;1196;47.84;4
2026-W32;Игры разума;Ozon;2700;108;5
2026-W32;Шёпот времени;WB;2340;93.6;6
2026-W32;Тихий сад;Litres;2443;97.72;7
2026-W32;Северный экспресс;Ozon;3592;143.68;8
2026-W32;Дом у маяка;WB;2691;107.64;9
2026-W32;Игры разума;Litres;1620;64.8;3
2026-W32;Шёпот времени;Ozon;1560;62.4;4
2026-W32;Тихий сад;WB;1745;69.8;5
2026-W32;Северный экспресс;Litres;2694;107.76;6
2026-W32;Дом у маяка;Ozon;2093;83.72;7
2026-W32;Игры разума;WB;4320;172.8;8
2026-W32;Шёпот времени;Litres;3510;140.4;9
2026-W32;Тихий сад;Ozon;1047;41.88;3
2026-W32;Северный экспресс;WB;1796;71.84;4
2026-W32;Дом у маяка;Litres;1495;59.8;5
2026-W32;Игры разума;Ozon;3240;129.6;6
2026-W32;Шёпот времени;WB;2730;109.2;7
2026-W32;Тихий сад;Litres;2792;111.68;8
2026-W32;Северный экспресс;Ozon;4041;161.64;9
2026-W32;Дом у маяка;WB;897;35.88;3
2026-W32;Игры разума;Litres;2160;86.4;4
2026-W32;Шёпот времени;Ozon;1950;78;5
2026-W32;Тихий сад;WB;2094;83.76;6
2026-W32;Северный экспресс;Litres;3143;125.72;7
2026-W32;Дом у маяка;Ozon;2392;95.68;8
2026-W32;Игры разума;WB;4860;194.4;9
2026-W32;Шёпот времени;Litres;1170;46.8;3
2026-W32;Тихий сад;Ozon;1396;55.84;4
2026-W32;Северный экспресс;WB;2245;89.8;5
2026-W32;Дом у маяка;Litres;1794;71.76;6
2026-W32;Игры разума;Ozon;3780;151.2;7
2026-W32;Шёпот времени;WB;3120;124.8;8
2026-W32;Тихий сад;Litres;3141;125.64;9
2026-W32;Северный экспресс;Ozon;1347;53.88;3
2026-W32;Дом у маяка;WB;1196;47.84;4
2026-W32;Игры разума;Litres;2700;108;5
2026-W32;Шёпот времени;Ozon;2340;93.6;6
2026-W32;Тихий сад;WB;2443;97.72;7
2026-W32;Северный экспресс;Litres;3592;143.68;8
2026-W32;Дом у маяка;Ozon;2691;107.64;9
2026-W32;Игры разума;WB;1620;64.8;3
2026-W32;Шёпот времени;Litres;1560;62.4;4
2026-W32;Тихий сад;Ozon;1745;69.8;5
2026-W32;Северный экспресс;WB;2694;107.76;6
2026-W32;Дом у маяка;Litres;2093;83.72;7
2026-W32;Игры разума;Ozon;4320;172.8;8
2026-W32;Шёпот времени;WB;3510;140.4;9
2026-W32;Тихий сад;Litres;1047;41.88;3
2026-W32;Северный экспресс;Ozon;1796;71.84;4
2026-W32;Дом у маяка;WB;1495;59.8;5
2026-W32;Игры разума;Litres;3240;129.6;6
2026-W32;Шёпот времени;Ozon;2730;109.2;7
2026-W32;Тихий сад;WB;2792;111.68;8
2026-W32;Северный экспресс;Litres;4041;161.64;9
2026-W32;Дом у маяка;Ozon;897;35.88;3
2026-W32;Игры разума;WB;2160;86.4;4
2026-W32;Шёпот времени;Litres;1950;78;5
2026-W32;Тихий сад;Ozon;2094;83.76;6
2026-W32;Северный экспресс;WB;3143;125.72;7
2026-W32;Дом у маяка;Litres;2392;95.68;8
2026-W32;Игры разума;Ozon;4860;194.4;9
2026-W32;Шёпот времени;WB;1170;46.8;3
2026-W32;Тихий сад;Litres;1396;55.84;4
2026-W32;Северный экспресс;Ozon;2245;89.8;5
2026-W32;Дом у маяка;WB;1794;71.76;6
2026-W32;Игры разума;Litres;3780;151.2;7
2026-W32;Шёпот времени;Ozon;3120;124.8;8
2026-W32;Тихий сад;WB;3141;125.64;9
2026-W32;Северный экспресс;Litres;1347;53.88;3
2026-W32;Дом у маяка;Ozon;1196;47.84;4
2026-W32;Игры разума;WB;2700;108;5
2026-W32;Шёпот времени;Litres;2340;93.6;6
2026-W32;Тихий сад;Ozon;2443;97.72;7
2026-W32;Северный экспресс;WB;3592;143.68;8
2026-W32;Дом у маяка;Litres;2691;107.64;9
2026-W32;Игры разума;Ozon;1620;64.8;3
2026-W32;Шёпот времени;WB;1560;62.4;4
2026-W32;Тихий сад;Litres;1745;69.8;5
2026-W32;Северный экспресс;Ozon;2694;107.76;6
2026-W32;Дом у маяка;WB;2093;83.72;7
2026-W32;Игры разума;Litres;4320;172.8;8
2026-W32;Шёпот времени;Ozon;3510;140.4;9
2026-W32;Тихий сад;WB;1047;41.88;3
2026-W32;Северный экспресс;Litres;1796;71.84;4
2026-W32;Дом у маяка;Ozon;1495;59.8;5
2026-W32;Игры разума;WB;3240;129.6;6
2026-W32;Шёпот времени;Litres;2730;109.2;7
2026-W32;Тихий сад;Ozon;2792;111.68;8
2026-W32;Северный экспресс;WB;4041;161.64;9
2026-W32;Дом у маяка;Litres;897;35.88;3
2026-W32;Игры разума;Ozon;2160;86.4;4
2026-W32;Шёпот времени;WB;1950;78;5
2026-W32;Тихий сад;Litres;2094;83.76;6
2026-W32;Северный экспресс;Ozon;3143;125.72;7
2026-W32;Дом у маяка;WB;2392;95.68;8
2026-W32;Игры разума;Litres;4860;194.4;9
2026-W32;Шёпот времени;Ozon;1170;46.8;3
2026-W32;Тихий сад;WB;1396;55.84;4
2026-W32;Северный экспресс;Litres;2245;89.8;5
2026-W32;Дом у маяка;Ozon;1794;71.76;6
2026-W32;Игры разума;WB;3780;151.2;7
2026-W32;Шёпот времени;Litres;3120;124.8;8
2026-W32;Тихий сад;Ozon;3141;125.64;9
2026-W32;Северный экспресс;WB;1347;53.88;3
2026-W32;Дом у маяка;Litres;1196;47.84;4
2026-W32;Игры разума;Ozon;2700;108;5
2026-W32;Шёпот времени;WB;2340;93.6;6
2026-W32;Тихий сад;Litres;2443;97.72;7
2026-W32;Северный экспресс;Ozon;3592;143.68;8
2026-W32;Дом у маяка;WB;2691;107.64;9
2026-W32;Игры разума;Litres;1620;64.8;3
2026-W32;Шёпот времени;Ozon;1560;62.4;4
2026-W32;Тихий сад;WB;1745;69.8;5
2026-W32;Северный экспресс;Litres;2694;107.76;6
2026-W32;Дом у маяка;Ozon;2093;83.72;7
2026-W32;Игры разума;WB;4320;172.8;8
2026-W32;Шёпот времени;Litres;3510;140.4;9
2026-W32;Тихий сад;Ozon;1047;41.88;3
2026-W32;Северный экспресс;WB;1796;71.84;4
2026-W32;Дом у маяка;Litres;1495;59.8;5
2026-W32;Игры разума;Ozon;3240;129.6;6
2026-W32;Шёпот времени;WB;2730;109.2;7
2026-W32;Тихий сад;Litres;2792;111.68;8
2026-W32;Северный экспресс;Ozon;4041;161.64;9
2026-W32;Дом у маяка;WB;897;35.88;3
2026-W32;Игры разума;Litres;2160;86.4;4
2026-W32;Шёпот времени;Ozon;1950;78;5
2026-W32;Тихий сад;WB;2094;83.76;6
2026-W32;Северный экспресс;Litres;3143;125.72;7
2026-W32;Дом у маяка;Ozon;2392;95.68;8
2026-W32;Игры разума;WB;4860;194.4;9
2026-W32;Шёпот времени;Litres;1170;46.8;3
2026-W32;Тихий сад;Ozon;1396;55.84;4
2026-W32;Северный экспресс;WB;2245;89.8;5
2026-W32;Дом у маяка;Litres;1794;71.76;6
2026-W32;Игры разума;Ozon;3780;151.2;7
2026-W32;Шёпот времени;WB;3120;124.8;8
2026-W32;Тихий сад;Litres;3141;125.64;9
2026-W32;Северный экспресс;Ozon;1347;53.88;3
2026-W32;Дом у маяка;WB;1196;47.84;4
2026-W32;Игры разума;Litres;2700;108;5
2026-W32;Шёпот времени;Ozon;2340;93.6;6
2026-W32;Тихий сад;WB;2443;97.72;7
2026-W32;Северный экспресс;Litres;3592;143.68;8
2026-W32;Дом у маяка;Ozon;2691;107.64;9
2026-W32;Игры разума;WB;1620;64.8;3
2026-W32;Шёпот времени;Litres;1560;62.4;4
2026-W32;Тихий сад;Ozon;1745;69.8;5
2026-W32;Северный экспресс;WB;2694;107.76;6
2026-W32;Дом у маяка;Litres;2093;83.72;7
2026-W32;Игры разума;Ozon;4320;172.8;8
2026-W32;Шёпот времени;WB;3510;140.4;9
2026-W32;Тихий сад;Litres;1047;41.88;3
2026-W32;Северный экспресс;Ozon;1796;71.84;4
2026-W32;Дом у маяка;WB;1495;59.8;5
2026-W32;Игры разума;Litres;3240;129.6;6
2026-W32;Шёпот времени;Ozon;2730;109.2;7
2026-W32;Тихий сад;WB;2792;111.68;8
2026-W32;Северный экспресс;Litres;4041;161.64;9
2026-W32;Дом у маяка;Ozon;897;35.88;3
2026-W32;Игры разума;WB;2160;86.4;4
2026-W32;Шёпот времени;Litres;1950;78;5
2026-W32;Тихий сад;Ozon;2094;83.76;6
2026-W32;Северный экспресс;WB;3143;125.72;7
2026-W32;Дом у маяка;Litres;2392;95.68;8
2026-W32;Игры разума;Ozon;4860;194.4;9
2026-W32;Шёпот времени;WB;1170;46.8;3
2026-W32;Тихий сад;Litres;1396;55.84;4
2026-W32;Северный экспресс;Ozon;2245;89.8;5
2026-W32;Дом у маяка;WB;1794;71.76;6
2026-W32;Игры разума;Litres;3780;151.2;7
2026-W32;Шёпот времени;Ozon;3120;124.8;8
2026-W32;Тихий сад;WB;3141;125.64;9
2026-W32;Северный экспресс;Litres;1347;53.88;3
2026-W32;Дом у маяка;Ozon;1196;47.84;4
2026-W32;Игры разума;WB;2700;108;5
2026-W32;Шёпот времени;Litres;2340;93.6;6
2026-W32;Тихий сад;Ozon;2443;97.72;7
2026-W32;Северный экспресс;WB;3592;143.68;8
2026-W32;Дом у маяка;Litres;2691;107.64;9
2026-W32;Игры разума;Ozon;1620;64.8;3
2026-W32;Шёпот времени;WB;1560;62.4;4
2026-W32;Тихий сад;Litres;1745;69.8;5
2026-W32;Северный экспресс;Ozon;2694;107.76;6
2026-W32;Дом у маяка;WB;2093;83.72;7
2026-W32;Игры разума;Litres;4320;172.8;8
2026-W32;Шёпот времени;Ozon;3510;140.4;9
2026-W32;Тихий сад;WB;1047;41.88;3
2026-W32;Северный экспресс;Litres;1796;71.84;4
2026-W32;Дом у маяка;Ozon;1495;59.8;5
2026-W32;Игры разума;WB;3240;129.6;6
2026-W32;Шёпот времени;Litres;2730;109.2;7
2026-W32;Тихий сад;Ozon;2792;111.68;8
2026-W32;Северный экспресс;WB;4041;161.64;9
2026-W32;Дом у маяка;Litres;897;35.88;3
2026-W32;Игры разума;Ozon;2160;86.4;4
2026-W32;Шёпот времени;WB;1950;78;5
2026-W32;Тихий сад;Litres;2094;83.76;6
2026-W32;Северный экспресс;Ozon;3143;125.72;7
2026-W32;Дом у маяка;WB;2392;95.68;8
2026-W32;Игры разума;Litres;4860;194.4;9
2026-W32;Шёпот времени;Ozon;1170;46.8;3
2026-W32;Тихий сад;WB;1396;55.84;4
2026-W32;Северный экспресс;Litres;2245;89.8;5
2026-W32;Дом у маяка;Ozon;1794;71.76;6
2026-W32;Игры разума;WB;3780;151.2;7
2026-W32;Шёпот времени;Litres;3120;124.8;8
2026-W32;Тихий сад;Ozon;3141;125.64;9
2026-W32;Северный экспресс;WB;1347;53.88;3
2026-W32;Дом у маяка;Litres;1196;47.84;4
2026-W32;Игры разума;Ozon;2700;108;5
2026-W32;Шёпот времени;WB;2340;93.6;6
2026-W32;Тихий сад;Litres;2443;97.72;7
2026-W32;Северный экспресс;Ozon;3592;143.68;8
2026-W32;Дом у маяка;WB;2691;107.64;9
2026-W32;Игры разума;Litres;1620;64.8;3
2026-W32;Шёпот времени;Ozon;1560;62.4;4
2026-W32;Тихий сад;WB;1745;69.8;5
2026-W32;Северный экспресс;Litres;2694;107.76;6
2026-W32;Дом у маяка;Ozon;2093;83.72;7
2026-W32;Игры разума;WB;4320;172.8;8
2026-W32;Шёпот времени;Litres;3510;140.4;9
2026-W32;Тихий сад;Ozon;1047;41.88;3
2026-W32;Северный экспресс;WB;1796;71.84;4
2026-W32;Дом у маяка;Litres;1495;59.8;5
2026-W32;Игры разума;Ozon;3240;129.6;6
2026-W32;Шёпот времени;WB;2730;109.2;7
2026-W32;Тихий сад;Litres;2792;111.68;8
2026-W32;Северный экспресс;Ozon;4041;161.64;9
2026-W32;Дом у маяка;WB;897;35.88;3
2026-W32;Игры разума;Litres;2160;86.4;4
2026-W32;Шёпот времени;Ozon;1950;78;5
2026-W32;Тихий сад;WB;2094;83.76;6
2026-W32;Северный экспресс;Litres;3143;125.72;7
2026-W32;Дом у маяка;Ozon;2392;95.68;8
2026-W32;Игры разума;WB;4860;194.4;9
2026-W32;Шёпот времени;Litres;1170;46.8;3
2026-W32;Тихий сад;Ozon;1396;55.84;4
2026-W32;Северный экспресс;WB;2245;89.8;5
2026-W32;Дом у маяка;Litres;1794;71.76;6
2026-W32;Игры разума;Ozon;3780;151.2;7
2026-W32;Шёпот времени;WB;3120;124.8;8
2026-W32;Тихий сад;Litres;3141;125.64;9
2026-W32;Северный экспресс;Ozon;1347;53.88;3
2026-W32;Дом у маяка;WB;1196;47.84;4
2026-W32;Игры разума;Litres;2700;108;5
2026-W32;Шёпот времени;Ozon;2340;93.6;6
2026-W32;Тихий сад;WB;2443;97.72;7
2026-W32;Северный экспресс;Litres;3592;143.68;8
2026-W32;Дом у маяка;Ozon;2691;107.64;9
2026-W32;Игры разума;WB;1620;64.8;3
2026-W32;Шёпот времени;Litres;1560;62.4;4
2026-W32;Тихий сад;Ozon;1745;69.8;5
2026-W32;Северный экспресс;WB;2694;107.76;6
2026-W32;Дом у маяка;Litres;2093;83.72;7
2026-W32;Игры разума;Ozon;4320;172.8;8
2026-W32;Шёпот времени;WB;3510;140.4;9
2026-W32;Тихий сад;Litres;1047;41.88;3
2026-W32;Северный экспресс;Ozon;1796;71.84;4
2026-W32;Дом у маяка;WB;1495;59.8;5
2026-W32;Игры разума;Litres;3240;129.6;6
2026-W32;Шёпот времени;Ozon;2730;109.2;7
2026-W32;Тихий сад;WB;2792;111.68;8
2026-W32;Северный экспресс;Litres;4041;161.64;9
2026-W32;Дом у маяка;Ozon;897;35.88;3
2026-W32;Игры разума;WB;2160;86.4;4
2026-W32;Шёпот времени;Litres;1950;78;5
2026-W32;Тихий сад;Ozon;2094;83.76;6
2026-W32;Северный экспресс;WB;3143;125.72;7
2026-W32;Дом у маяка;Litres;2392;95.68;8
2026-W32;Игры разума;Ozon;4860;194.4;9
2026-W32;Шёпот времени;WB;1170;46.8;3
2026-W32;Тихий сад;Litres;1396;55.84;4
2026-W32;Северный экспресс;Ozon;2245;89.8;5
2026-W32;Дом у маяка;WB;1794;71.76;6
2026-W32;Игры разума;Litres;3780;151.2;7
2026-W32;Шёпот времени;Ozon;3120;124.8;8
2026-W32;Тихий сад;WB;3141;125.64;9
2026-W32;Северный экспресс;Litres;1347;53.88;3
2026-W32;Дом у маяка;Ozon;1196;47.84;4
2026-W32;Игры разума;WB;2700;108;5
2026-W32;Шёпот времени;Litres;2340;93.6;6
2026-W32;Тихий сад;Ozon;2443;97.72;7
2026-W32;Северный экспресс;WB;3592;143.68;8
2026-W32;Дом у маяка;Litres;2691;107.64;9
2026-W32;Игры разума;Ozon;1620;64.8;3
2026-W32;Шёпот времени;WB;1560;62.4;4
2026-W32;Тихий сад;Litres;1745;69.8;5
2026-W32;Северный экспресс;Ozon;2694;107.76;6
2026-W32;Дом у маяка;WB;2093;83.72;7
2026-W32;Игры разума;Litres;4320;172.8;8
2026-W32;Шёпот времени;Ozon;3510;140.4;9
2026-W32;Тихий сад;WB;1047;41.88;3
2026-W32;Северный экспресс;Litres;1796;71.84;4
2026-W32;Дом у маяка;Ozon;1495;59.8;5
2026-W32;Игры разума;WB;3240;129.6;6
2026-W32;Шёпот времени;Litres;2730;109.2;7
2026-W32;Тихий сад;Ozon;2792;111.68;8
2026-W32;Северный экспресс;WB;4041;161.64;9
2026-W32;Дом у маяка;Litres;897;35.88;3
2026-W32;Игры разума;Ozon;2160;86.4;4
2026-W32;Шёпот времени;WB;1950;78;5
2026-W32;Тихий сад;Litres;2094;83.76;6
2026-W32;Северный экспресс;Ozon;3143;125.72;7
2026-W32;Дом у маяка;WB;2392;95.68;8
2026-W32;Игры разума;Litres;4860;194.4;9
2026-W32;Шёпот времени;Ozon;1170;46.8;3
2026-W32;Тихий сад;WB;1396;55.84;4
2026-W32;Северный экспресс;Litres;2245;89.8;5
2026-W32;Дом у маяка;Ozon;1794;71.76;6
2026-W32;Игры разума;WB;3780;151.2;7
2026-W32;Шёпот времени;Litres;3120;124.8;8
2026-W32;Тихий сад;Ozon;3141;125.64;9
2026-W32;Северный экспресс;WB;1347;53.88;3
2026-W32;Дом у маяка;Litres;1196;47.84;4
2026-W32;Игры разума;Ozon;2700;108;5
2026-W32;Шёпот времени;WB;2340;93.6;6
2026-W32;Тихий сад;Litres;2443;97.72;7
2026-W32;Северный экспресс;Ozon;3592;143.68;8
2026-W32;Дом у маяка;WB;2691;107.64;9
2026-W32;Игры разума;Litres;1620;64.8;3
2026-W32;Шёпот времени;Ozon;1560;62.4;4
2026-W32;Тихий сад;WB;1745;69.8;5
2026-W32;Северный экспресс;Litres;2694;107.76;6
2026-W32;Дом у маяка;Ozon;2093;83.72;7
2026-W32;Игры разума;WB;4320;172.8;8
2026-W32;Шёпот времени;Litres;3510;140.4;9
2026-W32;Тихий сад;Ozon;1047;41.88;3
2026-W32;Северный экспресс;WB;1796;71.84;4
2026-W32;Дом у маяка;Litres;1495;59.8;5
2026-W32;Игры разума;Ozon;3240;129.6;6
2026-W32;Шёпот времени;WB;2730;109.2;7
2026-W32;Тихий сад;Litres;2792;111.68;8
2026-W32;Северный экспресс;Ozon;4041;161.64;9
2026-W32;Дом у маяка;WB;897;35.88;3
2026-W32;Игры разума;Litres;2160;86.4;4
2026-W32;Шёпот времени;Ozon;1950;78;5
2026-W32;Тихий сад;WB;2094;83.76;6
2026-W32;Северный экспресс;Litres;3143;125.72;7
2026-W32;Дом у маяка;Ozon;2392;95.68;8
2026-W32;Игры разума;WB;4860;194.4;9
2026-W32;Шёпот времени;Litres;1170;46.8;3
2026-W32;Тихий сад;Ozon;1396;55.84;4
2026-W32;Северный экспресс;WB;2245;89.8;5
2026-W32;Дом у маяка;Litres;1794;71.76;6
2026-W32;Игры разума;Ozon;3780;151.2;7
2026-W32;Шёпот времени;WB;3120;124.8;8
2026-W32;Тихий сад;Litres;3141;125.64;9
2026-W32;Северный экспресс;Ozon;1347;53.88;3
2026-W32;Дом у маяка;WB;1196;47.84;4
2026-W32;Игры разума;Litres;2700;108;5
2026-W32;Шёпот времени;Ozon;2340;93.6;6
2026-W32;Тихий сад;WB;2443;97.72;7
2026-W32;Северный экспресс;Litres;3592;143.68;8
2026-W32;Дом у маяка;Ozon;2691;107.64;9
2026-W32;Игры разума;WB;1620;64.8;3
2026-W32;Шёпот времени;Litres;1560;62.4;4
2026-W32;Тихий сад;Ozon;1745;69.8;5
2026-W32;Северный экспресс;WB;2694;107.76;6
2026-W32;Дом у маяка;Litres;2093;83.72;7
2026-W32;Игры разума;Ozon;4320;172.8;8
2026-W32;Шёпот времени;WB;3510;140.4;9
2026-W32;Тихий сад;Litres;1047;41.88;3
2026-W32;Северный экспресс;Ozon;1796;71.84;4
2026-W32;Дом у маяка;WB;1495;59.8;5
2026-W32;Игры разума;Litres;3240;129.6;6
2026-W32;Шёпот времени;Ozon;2730;109.2;7
2026-W32;Тихий сад;WB;2792;111.68;8
2026-W32;Северный экспресс;Litres;4041;161.64;9
2026-W32;Дом у маяка;Ozon;897;35.88;3
2026-W32;Игры разума;WB;2160;86.4;4
2026-W32;Шёпот времени;Litres;1950;78;5
2026-W32;Тихий сад;Ozon;2094;83.76;6
2026-W32;Северный экспресс;WB;3143;125.72;7
2026-W32;Дом у маяка;Litres;2392;95.68;8
2026-W32;Игры разума;Ozon;4860;194.4;9
2026-W32;Шёпот времени;WB;1170;46.8;3
2026-W32;Тихий сад;Litres;1396;55.84;4
2026-W32;Северный экспресс;Ozon;2245;89.8;5
2026-W32;Дом у маяка;WB;1794;71.76;6
2026-W32;Игры разума;Litres;3780;151.2;7
2026-W32;Шёпот времени;Ozon;3120;124.8;8
2026-W32;Тихий сад;WB;3141;125.64;9
2026-W32;Северный экспресс;Litres;1347;53.88;3
2026-W32;Дом у маяка;Ozon;1196;47.84;4
2026-W32;Игры разума;WB;2700;108;5
2026-W32;Шёпот времени;Litres;2340;93.6;6
2026-W32;Тихий сад;Ozon;2443;97.72;7
2026-W32;Северный экспресс;WB;3592;143.68;8
2026-W32;Дом у маяка;Litres;2691;107.64;9
2026-W32;Игры разума;Ozon;1620;64.8;3
2026-W32;Шёпот времени;WB;1560;62.4;4
2026-W32;Тихий сад;Litres;1745;69.8;5
2026-W32;Северный экспресс;Ozon;2694;107.76;6
2026-W32;Дом у маяка;WB;2093;83.72;7
2026-W32;Игры разума;Litres;4320;172.8;8
2026-W32;Шёпот времени;Ozon;3510;140.4;9
2026-W32;Тихий сад;WB;1047;41.88;3
2026-W32;Северный экспресс;Litres;1796;71.84;4
2026-W32;Дом у маяка;Ozon;1495;59.8;5
2026-W32;Игры разума;WB;3240;129.6;6
2026-W32;Шёпот времени;Litres;2730;109.2;7
2026-W32;Тихий сад;Ozon;2792;111.68;8
2026-W32;Северный экспресс;WB;4041;161.64;9
2026-W32;Дом у маяка;Litres;897;35.88;3
2026-W32;Игры разума;Ozon;2160;86.4;4
2026-W32;Шёпот времени;WB;1950;78;5
2026-W32;Тихий сад;Litres;2094;83.76;6
2026-W32;Северный экспресс;Ozon;3143;125.72;7
2026-W32;Дом у маяка;WB;2392;95.68;8
2026-W32;Игры разума;Litres;4860;194.4;9
2026-W32;Шёпот времени;Ozon;1170;46.8;3
2026-W32;Тихий сад;WB;1396;55.84;4
2026-W32;Северный экспресс;Litres;2245;89.8;5
2026-W32;Дом у маяка;Ozon;1794;71.76;6
2026-W32;Игры разума;WB;3780;151.2;7
2026-W32;Шёпот времени;Litres;3120;124.8;8
2026-W32;Тихий сад;Ozon;3141;125.64;9
2026-W32;Северный экспресс;WB;1347;53.88;3
2026-W32;Дом у маяка;Litres;1196;47.84;4
2026-W32;Игры разума;Ozon;2700;108;5
2026-W32;Шёпот времени;WB;2340;93.6;6
2026-W32;Тихий сад;Litres;2443;97.72;7
2026-W32;Северный экспресс;Ozon;3592;143.68;8
2026-W32;Дом у маяка;WB;2691;107.64;9
2026-W32;Игры разума;Litres;1620;64.8;3
2026-W32;Шёпот времени;Ozon;1560;62.4;4
2026-W32;Тихий сад;WB;1745;69.8;5
2026-W32;Северный экспресс;Litres;2694;107.76;6
2026-W32;Дом у маяка;Ozon;2093;83.72;7
2026-W32;Игры разума;WB;4320;172.8;8
2026-W32;Шёпот времени;Litres;3510;140.4;9
2026-W32;Тихий сад;Ozon;1047;41.88;3
2026-W32;Северный экспресс;WB;1796;71.84;4
2026-W32;Дом у маяка;Litres;1495;59.8;5
2026-W32;Игры разума;Ozon;3240;129.6;6
2026-W32;Шёпот времени;WB;2730;109.2;7
2026-W32;Тихий сад;Litres;2792;111.68;8
2026-W32;Северный экспресс;Ozon;4041;161.64;9
2026-W32;Дом у маяка;WB;897;35.88;3
2026-W32;Игры разума;Litres;2160;86.4;4
2026-W32;Шёпот времени;Ozon;1950;78;5
2026-W32;Тихий сад;WB;2094;83.76;6
2026-W32;Северный экспресс;Litres;3143;125.72;7
2026-W32;Дом у маяка;Ozon;2392;95.68;8
2026-W32;Игры разума;WB;4860;194.4;9
2026-W32;Шёпот времени;Litres;1170;46.8;3
2026-W32;Тихий сад;Ozon;1396;55.84;4
2026-W32;Северный экспресс;WB;2245;89.8;5
2026-W32;Дом у маяка;Litres;1794;71.76;6
2026-W32;Игры разума;Ozon;3780;151.2;7
2026-W32;Шёпот времени;WB;3120;124.8;8
2026-W32;Тихий сад;Litres;3141;125.64;9
2026-W32;Северный экспресс;Ozon;1347;53.88;3
2026-W32;Дом у маяка;WB;1196;47.84;4
2026-W32;Игры разума;Litres;2700;108;5
2026-W32;Шёпот времени;Ozon;2340;93.6;6
2026-W32;Тихий сад;WB;2443;97.72;7
2026-W32;Северный экспресс;Litres;3592;143.68;8
2026-W32;Дом у маяка;Ozon;2691;107.64;9
2026-W32;Игры разума;WB;1620;64.8;3
2026-W32;Шёпот времени;Litres;1560;62.4;4
2026-W32;Тихий сад;Ozon;1745;69.8;5
2026-W32;Северный экспресс;WB;2694;107.76;6
2026-W32;Дом у маяка;Litres;2093;83.72;7
2026-W32;Игры разума;Ozon;4320;172.8;8
2026-W32;Шёпот времени;WB;3510;140.4;9
2026-W32;Тихий сад;Litres;1047;41.88;3
2026-W32;Северный экспресс;Ozon;1796;71.84;4
2026-W32;Дом у маяка;WB;1495;59.8;5
2026-W32;Игры разума;Litres;3240;129.6;6
2026-W32;Шёпот времени;Ozon;2730;109.2;7
2026-W32;Тихий сад;WB;2792;111.68;8
2026-W32;Северный экспресс;Litres;4041;161.64;9
2026-W32;Дом у маяка;Ozon;897;35.88;3
2026-W32;Игры разума;WB;2160;86.4;4
2026-W32;Шёпот времени;Litres;1950;78;5
2026-W32;Тихий сад;Ozon;2094;83.76;6
2026-W32;Северный экспресс;WB;3143;125.72;7
2026-W32;Дом у маяка;Litres;2392;95.68;8
2026-W32;Игры разума;Ozon;4860;194.4;9
2026-W32;Шёпот времени;WB;1170;46.8;3
2026-W32;Тихий сад;Litres;1396;55.84;4
2026-W32;Северный экспресс;Ozon;2245;89.8;5
2026-W32;Дом у маяка;WB;1794;71.76;6
2026-W32;Игры разума;Litres;3780;151.2;7
2026-W32;Шёпот времени;Ozon;3120;124.8;8
2026-W32;Тихий сад;WB;3141;125.64;9
2026-W32;Северный экспресс;Litres;1347;53.88;3
2026-W32;Дом у маяка;Ozon;1196;47.84;4
2026-W32;Игры разума;WB;2700;108;5
2026-W32;Шёпот времени;Litres;2340;93.6;6
2026-W32;Тихий сад;Ozon;2443;97.72;7
2026-W32;Северный экспресс;WB;3592;143.68;8
2026-W32;Дом у маяка;Litres;2691;107.64;9
2026-W32;Игры разума;Ozon;1620;64.8;3
2026-W32;Шёпот времени;WB;1560;62.4;4
2026-W32;Тихий сад;Litres;1745;69.8;5
2026-W32;Северный экспресс;Ozon;2694;107.76;6
2026-W32;Дом у маяка;WB;2093;83.72;7
2026-W32;Игры разума;Litres;4320;172.8;8
2026-W32;Шёпот времени;Ozon;3510;140.4;9
2026-W32;Тихий сад;WB;1047;41.88;3
2026-W32;Северный экспресс;Litres;1796;71.84;4
2026-W32;Дом у маяка;Ozon;1495;59.8;5
2026-W32;Игры разума;WB;3240;129.6;6
2026-W32;Шёпот времени;Litres;2730;109.2;7
2026-W32;Тихий сад;Ozon;2792;111.68;8
2026-W32;Северный экспресс;WB;4041;161.64;9
2026-W32;Дом у маяка;Litres;897;35.88;3
2026-W32;Игры разума;Ozon;2160;86.4;4
2026-W32;Шёпот времени;WB;1950;78;5
2026-W32;Тихий сад;Litres;2094;83.76;6
2026-W32;Северный экспресс;Ozon;3143;125.72;7
2026-W32;Дом у маяка;WB;2392;95.68;8
2026-W32;Игры разума;Litres;4860;194.4;9
2026-W32;Шёпот времени;Ozon;1170;46.8;3
2026-W32;Тихий сад;WB;1396;55.84;4
2026-W32;Северный экспресс;Litres;2245;89.8;5
2026-W32;Дом у маяка;Ozon;1794;71.76;6
2026-W32;Игры разума;WB;3780;151.2;7
2026-W32;Шёпот времени;Litres;3120;124.8;8
2026-W32;Тихий сад;Ozon;3141;125.64;9
2026-W32;Северный экспресс;WB;1347;53.88;3
2026-W32;Дом у маяка;Litres;1196;47.84;4
2026-W32;Игры разума;Ozon;2700;108;5
2026-W32;Шёпот времени;WB;2340;93.6;6
2026-W32;Тихий сад;Litres;2443;97.72;7
2026-W32;Северный экспресс;Ozon;3592;143.68;8
2026-W32;Дом у маяка;WB;2691;107.64;9
2026-W32;Игры разума;Litres;1620;64.8;3
2026-W32;Шёпот времени;Ozon;1560;62.4;4
2026-W32;Тихий сад;WB;1745;69.8;5
2026-W32;Северный экспресс;Litres;2694;107.76;6
2026-W32;Дом у маяка;Ozon;2093;83.72;7
2026-W32;Игры разума;WB;4320;172.8;8
2026-W32;Шёпот времени;Litres;3510;140.4;9
2026-W32;Тихий сад;Ozon;1047;41.88;3
2026-W32;Северный экспресс;WB;1796;71.84;4
2026-W32;Дом у маяка;Litres;1495;59.8;5
2026-W32;Игры разума;Ozon;3240;129.6;6
2026-W32;Шёпот времени;WB;2730;109.2;7
2026-W32;Тихий сад;Litres;2792;111.68;8
2026-W32;Северный экспресс;Ozon;4041;161.64;9
2026-W32;Дом у маяка;WB;897;35.88;3
2026-W32;Игры разума;Litres;2160;86.4;4
2026-W32;Шёпот времени;Ozon;1950;78;5
2026-W32;Тихий сад;WB;2094;83.76;6
2026-W32;Северный экспресс;Litres;3143;125.72;7
2026-W32;Дом у маяка;Ozon;2392;95.68;8
2026-W32;Игры разума;WB;4860;194.4;9
2026-W32;Шёпот времени;Litres;1170;46.8;3
2026-W32;Тихий сад;Ozon;1396;55.84;4
2026-W32;Северный экспресс;WB;2245;89.8;5
2026-W32;Дом у маяка;Litres;1794;71.76;6
2026-W32;Игры разума;Ozon;3780;151.2;7
2026-W32;Шёпот времени;WB;3120;124.8;8
2026-W32;Тихий сад;Litres;3141;125.64;9
2026-W32;Северный экспресс;Ozon;1347;53.88;3
2026-W32;Дом у маяка;WB;1196;47.84;4
2026-W32;Игры разума;Litres;2700;108;5
2026-W32;Шёпот времени;Ozon;2340;93.6;6
2026-W32;Тихий сад;WB;2443;97.72;7
2026-W32;Северный экспресс;Litres;3592;143.68;8
2026-W32;Дом у маяка;Ozon;2691;107.64;9
2026-W32;Игры разума;WB;1620;64.8;3
2026-W32;Шёпот времени;Litres;1560;62.4;4
2026-W32;Тихий сад;Ozon;1745;69.8;5
2026-W32;Северный экспресс;WB;2694;107.76;6
2026-W32;Дом у маяка;Litres;2093;83.72;7
2026-W32;Игры разума;Ozon;4320;172.8;8
2026-W32;Шёпот времени;WB;3510;140.4;9
2026-W32;Тихий сад;Litres;1047;41.88;3
2026-W32;Северный экспресс;Ozon;1796;71.84;4
2026-W32;Дом у маяка;WB;1495;59.8;5
2026-W32;Игры разума;Litres;3240;129.6;6
2026-W32;Шёпот времени;Ozon;2730;109.2;7
2026-W32;Тихий сад;WB;2792;111.68;8
2026-W32;Северный экспресс;Litres;4041;161.64;9
2026-W32;Дом у маяка;Ozon;897;35.88;3
2026-W32;Игры разума;WB;2160;86.4;4
2026-W32;Шёпот времени;Litres;1950;78;5
2026-W32;Тихий сад;Ozon;2094;83.76;6
2026-W32;Северный экспресс;WB;3143;125.72;7
2026-W32;Дом у маяка;Litres;2392;95.68;8
2026-W32;Игры разума;Ozon;4860;194.4;9
2026-W32;Шёпот времени;WB;1170;46.8;3
2026-W32;Тихий сад;Litres;1396;55.84;4
2026-W32;Северный экспресс;Ozon;2245;89.8;5
2026-W32;Дом у маяка;WB;1794;71.76;6
2026-W32;Игры разума;Litres;3780;151.2;7
2026-W32;Шёпот времени;Ozon;3120;124.8;8
2026-W32;Тихий сад;WB;3141;125.64;9
2026-W32;Северный экспресс;Litres;1347;53.88;3
2026-W32;Дом у маяка;Ozon;1196;47.84;4
2026-W32;Игры разума;WB;2700;108;5
2026-W32;Шёпот времени;Litres;2340;93.6;6
2026-W32;Тихий сад;Ozon;2443;97.72;7
2026-W32;Северный экспресс;WB;3592;143.68;8
2026-W32;Дом у маяка;Litres;2691;107.64;9
2026-W32;Игры разума;Ozon;1620;64.8;3
2026-W32;Шёпот времени;WB;1560;62.4;4
2026-W32;Тихий сад;Litres;1745;69.8;5
2026-W32;Северный экспресс;Ozon;2694;107.76;6
2026-W32;Дом у маяка;WB;2093;83.72;7
2026-W32;Игры разума;Litres;4320;172.8;8
2026-W32;Шёпот времени;Ozon;3510;140.4;9
2026-W32;Тихий сад;WB;1047;41.88;3
2026-W32;Северный экспресс;Litres;1796;71.84;4
2026-W32;Дом у маяка;Ozon;1495;59.8;5
2026-W32;Игры разума;WB;3240;129.6;6
2026-W32;Шёпот времени;Litres;2730;109.2;7
2026-W32;Тихий сад;Ozon;2792;111.68;8
2026-W32;Северный экспресс;WB;4041;161.64;9
2026-W32;Дом у маяка;Litres;897;35.88;3
2026-W32;Игры разума;Ozon;2160;86.4;4
2026-W32;Шёпот времени;WB;1950;78;5
2026-W32;Тихий сад;Litres;2094;83.76;6
2026-W32;Северный экспресс;Ozon;3143;125.72;7
2026-W32;Дом у маяка;WB;2392;95.68;8
2026-W32;Игры разума;Litres;4860;194.4;9
2026-W32;Шёпот времени;Ozon;1170;46.8;3
2026-W32;Тихий сад;WB;1396;55.84;4
2026-W32;Северный экспресс;Litres;2245;89.8;5
2026-W32;Дом у маяка;Ozon;1794;71.76;6
2026-W32;Игры разума;WB;3780;151.2;7
2026-W32;Шёпот времени;Litres;3120;124.8;8
2026-W32;Тихий сад;Ozon;3141;125.64;9
2026-W32;Северный экспресс;WB;1347;53.88;3
2026-W32;Дом у маяка;Litres;1196;47.84;4
2026-W32;Игры разума;Ozon;2700;108;5
2026-W32;Шёпот времени;WB;2340;93.6;6
2026-W32;Тихий сад;Litres;2443;97.72;7
2026-W32;Северный экспресс;Ozon;3592;143.68;8
2026-W32;Дом у маяка;WB;2691;107.64;9
2026-W32;Игры разума;Litres;1620;64.8;3
2026-W32;Шёпот времени;Ozon;1560;62.4;4
2026-W32;Тихий сад;WB;1745;69.8;5
2026-W32;Северный экспресс;Litres;2694;107.76;6
2026-W32;Дом у маяка;Ozon;2093;83.72;7
2026-W32;Игры разума;WB;4320;172.8;8
2026-W32;Шёпот времени;Litres;3510;140.4;9
2026-W32;Тихий сад;Ozon;1047;41.88;3
2026-W32;Северный экспресс;WB;1796;71.84;4
2026-W32;Дом у маяка;Litres;1495;59.8;5
2026-W32;Игры разума;Ozon;3240;129.6;6
2026-W32;Шёпот времени;WB;2730;109.2;7
2026-W32;Тихий сад;Litres;2792;111.68;8
2026-W32;Северный экспресс;Ozon;4041;161.64;9
2026-W32;Дом у маяка;WB;897;35.88;3
2026-W32;Игры разума;Litres;2160;86.4;4
2026-W32;Шёпот времени;Ozon;1950;78;5
2026-W32;Тихий сад;WB;2094;83.76;6
2026-W32;Северный экспресс;Litres;3143;125.72;7
2026-W32;Дом у маяка;Ozon;2392;95.68;8
2026-W32;Игры разума;WB;4860;194.4;9
2026-W32;Шёпот времени;Litres;1170;46.8;3
2026-W32;Тихий сад;Ozon;1396;55.84;4
2026-W32;Северный экспресс;WB;2245;89.8;5
2026-W32;Дом у маяка;Litres;1794;71.76;6
2026-W32;Игры разума;Ozon;3780;151.2;7
2026-W32;Шёпот времени;WB;3120;124.8;8
2026-W32;Тихий сад;Litres;3141;125.64;9
2026-W32;Северный экспресс;Ozon;1347;53.88;3
2026-W32;Дом у маяка;WB;1196;47.84;4
2026-W32;Игры разума;Litres;2700;108;5
2026-W32;Шёпот времени;Ozon;2340;93.6;6
2026-W32;Тихий сад;WB;2443;97.72;7
2026-W32;Северный экспресс;Litres;3592;143.68;8
2026-W32;Дом у маяка;Ozon;2691;107.64;9
2026-W32;Игры разума;WB;1620;64.8;3
2026-W32;Шёпот времени;Litres;1560;62.4;4
2026-W32;Тихий сад;Ozon;1745;69.8;5
2026-W32;Северный экспресс;WB;2694;107.76;6
2026-W32;Дом у маяка;Litres;2093;83.72;7
2026-W32;Игры разума;Ozon;4320;172.8;8
2026-W32;Шёпот времени;WB;3510;140.4;9
2026-W32;Тихий сад;Litres;1047;41.88;3
2026-W32;Северный экспресс;Ozon;1796;71.84;4
2026-W32;Дом у маяка;WB;1495;59.8;5
2026-W32;Игры разума;Litres;3240;129.6;6
2026-W32;Шёпот времени;Ozon;2730;109.2;7
2026-W32;Тихий сад;WB;2792;111.68;8
2026-W32;Северный экспресс;Litres;4041;161.64;9
2026-W32;Дом у маяка;Ozon;897;35.88;3
2026-W32;Игры разума;WB;2160;86.4;4
2026-W32;Шёпот времени;Litres;1950;78;5
2026-W32;Тихий сад;Ozon;2094;83.76;6
2026-W32;Северный экспресс;WB;3143;125.72;7
2026-W32;Дом у маяка;Litres;2392;95.68;8
2026-W32;Игры разума;Ozon;4860;194.4;9
2026-W32;Шёпот времени;WB;1170;46.8;3
2026-W32;Тихий сад;Litres;1396;55.84;4
2026-W32;Северный экспресс;Ozon;2245;89.8;5
2026-W32;Дом у маяка;WB;1794;71.76;6
2026-W32;Игры разума;Litres;3780;151.2;7
2026-W32;Шёпот времени;Ozon;3120;124.8;8
2026-W32;Тихий сад;WB;3141;125.64;9
2026-W32;Северный экспресс;Litres;1347;53.88;3
2026-W32;Дом у маяка;Ozon;1196;47.84;4
2026-W32;Игры разума;WB;2700;108;5
2026-W32;Шёпот времени;Litres;2340;93.6;6
2026-W32;Тихий сад;Ozon;2443;97.72;7
2026-W32;Северный экспресс;WB;3592;143.68;8
2026-W32;Дом у маяка;Litres;2691;107.64;9
2026-W32;Игры разума;Ozon;1620;64.8;3
2026-W32;Шёпот времени;WB;1560;62.4;4
2026-W32;Тихий сад;Litres;1745;69.8;5
2026-W32;Северный экспресс;Ozon;2694;107.76;6
2026-W32;Дом у маяка;WB;2093;83.72;7
2026-W32;Игры разума;Litres;4320;172.8;8
2026-W32;Шёпот времени;Ozon;3510;140.4;9
2026-W32;Тихий сад;WB;1047;41.88;3
2026-W32;Северный экспресс;Litres;1796;71.84;4
2026-W32;Дом у маяка;Ozon;1495;59.8;5
2026-W32;Игры разума;WB;3240;129.6;6
2026-W32;Шёпот времени;Litres;2730;109.2;7
2026-W32;Тихий сад;Ozon;2792;111.68;8
2026-W32;Северный экспресс;WB;4041;161.64;9
2026-W32;Дом у маяка;Litres;897;35.88;3
2026-W32;Игры разума;Ozon;2160;86.4;4
2026-W32;Шёпот времени;WB;1950;78;5
2026-W32;Тихий сад;Litres;2094;83.76;6
2026-W32;Северный экспресс;Ozon;3143;125.72;7
2026-W32;Дом у маяка;WB;2392;95.68;8
2026-W32;Игры разума;Litres;4860;194.4;9
2026-W32;Шёпот времени;Ozon;1170;46.8;3
2026-W32;Тихий сад;WB;1396;55.84;4
2026-W32;Северный экспресс;Litres;2245;89.8;5
2026-W32;Дом у маяка;Ozon;1794;71.76;6
2026-W32;Игры разума;WB;3780;151.2;7
2026-W32;Шёпот времени;Litres;3120;124.8;8
2026-W32;Тихий сад;Ozon;3141;125.64;9
2026-W32;Северный экспресс;WB;1347;53.88;3
2026-W32;Дом у маяка;Litres;1196;47.84;4
2026-W32;Игры разума;Ozon;2700;108;5
2026-W32;Шёпот времени;WB;2340;93.6;6
2026-W32;Тихий сад;Litres;2443;97.72;7
2026-W32;Северный экспресс;Ozon;3592;143.68;8
2026-W32;Дом у маяка;WB;2691;107.64;9
2026-W32;Игры разума;Litres;1620;64.8;3
2026-W32;Шёпот времени;Ozon;1560;62.4;4
2026-W32;Тихий сад;WB;1745;69.8;5
2026-W32;Северный экспресс;Litres;2694;107.76;6
2026-W32;Дом у маяка;Ozon;2093;83.72;7
2026-W32;Игры разума;WB;4320;172.8;8
2026-W32;Шёпот времени;Litres;3510;140.4;9
2026-W32;Тихий сад;Ozon;1047;41.88;3
2026-W32;Северный экспресс;WB;1796;71.84;4
2026-W32;Дом у маяка;Litres;1495;59.8;5
2026-W32;Игры разума;Ozon;3240;129.6;6
2026-W32;Шёпот времени;WB;2730;109.2;7
2026-W32;Тихий сад;Litres;2792;111.68;8
2026-W32;Северный экспресс;Ozon;4041;161.64;9
2026-W32;Дом у маяка;WB;897;35.88;3
2026-W32;Игры разума;Litres;2160;86.4;4
2026-W32;Шёпот времени;Ozon;1950;78;5
2026-W32;Тихий сад;WB;2094;83.76;6
2026-W32;Северный экспресс;Litres;3143;125.72;7
2026-W32;Дом у маяка;Ozon;2392;95.68;8
2026-W32;Игры разума;WB;4860;194.4;9
2026-W32;Шёпот времени;Litres;1170;46.8;3
2026-W32;Тихий сад;Ozon;1396;55.84;4
2026-W32;Северный экспресс;WB;2245;89.8;5
2026-W32;Дом у маяка;Litres;1794;71.76;6
2026-W32;Игры разума;Ozon;3780;151.2;7
2026-W32;Шёпот времени;WB;3120;124.8;8
2026-W32;Тихий сад;Litres;3141;125.64;9
2026-W32;Северный экспресс;Ozon;1347;53.88;3
2026-W32;Дом у маяка;WB;1196;47.84;4
2026-W32;Игры разума;Litres;2700;108;5
2026-W32;Шёпот времени;Ozon;2340;93.6;6
2026-W32;Тихий сад;WB;2443;97.72;7
2026-W32;Северный экспресс;Litres;3592;143.68;8
2026-W32;Дом у маяка;Ozon;2691;107.64;9
2026-W32;Игры разума;WB;1620;64.8;3
2026-W32;Шёпот времени;Litres;1560;62.4;4
2026-W32;Тихий сад;Ozon;1745;69.8;5
2026-W32;Северный экспресс;WB;2694;107.76;6
2026-W32;Дом у маяка;Litres;2093;83.72;7
2026-W32;Игры разума;Ozon;4320;172.8;8
2026-W32;Шёпот времени;WB;3510;140.4;9
2026-W32;Тихий сад;Litres;1047;41.88;3
2026-W32;Северный экспресс;Ozon;1796;71.84;4
2026-W32;Дом у маяка;WB;1495;59.8;5
2026-W32;Игры разума;Litres;3240;129.6;6
2026-W32;Шёпот времени;Ozon;2730;109.2;7
2026-W32;Тихий сад;WB;2792;111.68;8
2026-W32;Северный экспресс;Litres;4041;161.64;9
2026-W32;Дом у маяка;Ozon;897;35.88;3
2026-W32;Игры разума;WB;2160;86.4;4
2026-W32;Шёпот времени;Litres;1950;78;5
2026-W32;Тихий сад;Ozon;2094;83.76;6
2026-W32;Северный экспресс;WB;3143;125.72;7
2026-W32;Дом у маяка;Litres;2392;95.68;8
2026-W32;Игры разума;Ozon;4860;194.4;9
2026-W32;Шёпот времени;WB;1170;46.8;3
2026-W32;Тихий сад;Litres;1396;55.84;4
2026-W32;Северный экспресс;Ozon;2245;89.8;5
2026-W32;Дом у маяка;WB;1794;71.76;6
2026-W32;Игры разума;Litres;3780;151.2;7
2026-W32;Шёпот времени;Ozon;3120;124.8;8
2026-W32;Тихий сад;WB;3141;125.64;9
2026-W32;Северный экспресс;Litres;1347;53.88;3
2026-W32;Дом у маяка;Ozon;1196;47.84;4
2026-W32;Игры разума;WB;2700;108;5
2026-W32;Шёпот времени;Litres;2340;93.6;6
2026-W32;Тихий сад;Ozon;2443;97.72;7
2026-W32;Северный экспресс;WB;3592;143.68;8
2026-W32;Дом у маяка;Litres;2691;107.64;9
2026-W32;Игры разума;Ozon;1620;64.8;3
2026-W32;Шёпот времени;WB;1560;62.4;4
2026-W32;Тихий сад;Litres;1745;69.8;5
2026-W32;Северный экспресс;Ozon;2694;107.76;6
2026-W32;Дом у маяка;WB;2093;83.72;7
2026-W32;Игры разума;Litres;4320;172.8;8
2026-W32;Шёпот времени;Ozon;3510;140.4;9
2026-W32;Тихий сад;WB;1047;41.88;3
2026-W32;Северный экспресс;Litres;1796;71.84;4
2026-W32;Дом у маяка;Ozon;1495;59.8;5
2026-W32;Игры разума;WB;3240;129.6;6
2026-W32;Шёпот времени;Litres;2730;109.2;7
2026-W32;Тихий сад;Ozon;2792;111.68;8
2026-W32;Северный экспресс;WB;4041;161.64;9
2026-W32;Дом у маяка;Litres;897;35.88;3
2026-W32;Игры разума;Ozon;2160;86.4;4
2026-W32;Шёпот времени;WB;1950;78;5
2026-W32;Тихий сад;Litres;2094;83.76;6
2026-W32;Северный экспресс;Ozon;3143;125.72;7
2026-W32;Дом у маяка;WB;2392;95.68;8
2026-W32;Игры разума;Litres;4860;194.4;9
2026-W32;Шёпот времени;Ozon;1170;46.8;3
2026-W32;Тихий сад;WB;1396;55.84;4
2026-W32;Северный экспресс;Litres;2245;89.8;5
2026-W32;Дом у маяка;Ozon;1794;71.76;6
2026-W32;Игры разума;WB;3780;151.2;7
2026-W32;Шёпот времени;Litres;3120;124.8;8
2026-W32;Тихий сад;Ozon;3141;125.64;9
2026-W32;Северный экспресс;WB;1347;53.88;3
2026-W32;Дом у маяка;Litres;1196;47.84;4
2026-W32;Игры разума;Ozon;2700;108;5
2026-W32;Шёпот времени;WB;2340;93.6;6
2026-W32;Тихий сад;Litres;2443;97.72;7
2026-W32;Северный экспресс;Ozon;3592;143.68;8
2026-W32;Дом у маяка;WB;2691;107.64;9
2026-W32;Игры разума;Litres;1620;64.8;3
2026-W32;Шёпот времени;Ozon;1560;62.4;4
2026-W32;Тихий сад;WB;1745;69.8;5
2026-W32;Северный экспресс;Litres;2694;107.76;6
2026-W32;Дом у маяка;Ozon;2093;83.72;7
2026-W32;Игры разума;WB;4320;172.8;8
2026-W32;Шёпот времени;Litres;3510;140.4;9
2026-W32;Тихий сад;Ozon;1047;41.88;3
2026-W32;Северный экспресс;WB;1796;71.84;4
2026-W32;Дом у маяка;Litres;1495;59.8;5
2026-W32;Игры разума;Ozon;3240;129.6;6
2026-W32;Шёпот времени;WB;2730;109.2;7
2026-W32;Тихий сад;Litres;2792;111.68;8
2026-W32;Северный экспресс;Ozon;4041;161.64;9
2026-W32;Дом у маяка;WB;897;35.88;3
2026-W32;Игры разума;Litres;2160;86.4;4
2026-W32;Шёпот времени;Ozon;1950;78;5
2026-W32;Тихий сад;WB;2094;83.76;6
2026-W32;Северный экспресс;Litres;3143;125.72;7
2026-W32;Дом у маяка;Ozon;2392;95.68;8
2026-W32;Игры разума;WB;4860;194.4;9
2026-W32;Шёпот времени;Litres;1170;46.8;3
2026-W32;Тихий сад;Ozon;1396;55.84;4
2026-W32;Северный экспресс;WB;2245;89.8;5
2026-W32;Дом у маяка;Litres;1794;71.76;6
2026-W32;Игры разума;Ozon;3780;151.2;7
2026-W32;Шёпот времени;WB;3120;124.8;8
2026-W32;Тихий сад;Litres;3141;125.64;9
2026-W32;Северный экспресс;Ozon;1347;53.88;3
2026-W32;Дом у маяка;WB;1196;47.84;4
2026-W32;Игры разума;Litres;2700;108;5
2026-W32;Шёпот времени;Ozon;2340;93.6;6
2026-W32;Тихий сад;WB;2443;97.72;7
2026-W32;Северный экспресс;Litres;3592;143.68;8
2026-W32;Дом у маяка;Ozon;2691;107.64;9
2026-W32;Игры разума;WB;1620;64.8;3
2026-W32;Шёпот времени;Litres;1560;62.4;4
2026-W32;Тихий сад;Ozon;1745;69.8;5
2026-W32;Северный экспресс;WB;2694;107.76;6
2026-W32;Дом у маяка;Litres;2093;83.72;7
2026-W32;Игры разума;Ozon;4320;172.8;8
2026-W32;Шёпот времени;WB;3510;140.4;9
2026-W32;Тихий сад;Litres;1047;41.88;3
2026-W32;Северный экспресс;Ozon;1796;71.84;4
2026-W32;Дом у маяка;WB;1495;59.8;5
2026-W32;Игры разума;Litres;3240;129.6;6
2026-W32;Шёпот времени;Ozon;2730;109.2;7
2026-W32;Тихий сад;WB;2792;111.68;8
2026-W32;Северный экспресс;Litres;4041;161.64;9
2026-W32;Дом у маяка;Ozon;897;35.88;3
2026-W32;Игры разума;WB;2160;86.4;4
2026-W32;Шёпот времени;Litres;1950;78;5
2026-W32;Тихий сад;Ozon;2094;83.76;6
2026-W32;Северный экспресс;WB;3143;125.72;7
2026-W32;Дом у маяка;Litres;2392;95.68;8
2026-W32;Игры разума;Ozon;4860;194.4;9
2026-W32;Шёпот времени;WB;1170;46.8;3
2026-W32;Тихий сад;Litres;1396;55.84;4
2026-W32;Северный экспресс;Ozon;2245;89.8;5
2026-W32;Дом у маяка;WB;1794;71.76;6
2026-W32;Игры разума;Litres;3780;151.2;7
2026-W32;Шёпот времени;Ozon;3120;124.8;8
2026-W32;Тихий сад;WB;3141;125.64;9
2026-W32;Северный экспресс;Litres;1347;53.88;3
2026-W32;Дом у маяка;Ozon;1196;47.84;4
2026-W32;Игры разума;WB;2700;108;5
2026-W32;Шёпот времени;Litres;2340;93.6;6
2026-W32;Тихий сад;Ozon;2443;97.72;7
2026-W32;Северный экспресс;WB;3592;143.68;8
2026-W32;Дом у маяка;Litres;2691;107.64;9
2026-W32;Игры разума;Ozon;1620;64.8;3
2026-W32;Шёпот времени;WB;1560;62.4;4
2026-W32;Тихий сад;Litres;1745;69.8;5
2026-W32;Северный экспресс;Ozon;2694;107.76;6
2026-W32;Дом у маяка;WB;2093;83.72;7
2026-W32;Игры разума;Litres;4320;172.8;8
2026-W32;Шёпот времени;Ozon;3510;140.4;9
2026-W32;Тихий сад;WB;1047;41.88;3
2026-W32;Северный экспресс;Litres;1796;71.84;4
2026-W32;Дом у маяка;Ozon;1495;59.8;5
2026-W32;Игры разума;WB;3240;129.6;6
2026-W32;Шёпот времени;Litres;2730;109.2;7
2026-W32;Тихий сад;Ozon;2792;111.68;8
2026-W32;Северный экспресс;WB;4041;161.64;9
2026-W32;Дом у маяка;Litres;897;35.88;3
2026-W32;Игры разума;Ozon;2160;86.4;4
2026-W32;Шёпот времени;WB;1950;78;5
2026-W32;Тихий сад;Litres;2094;83.76;6
2026-W32;Северный экспресс;Ozon;3143;125.72;7
2026-W32;Дом у маяка;WB;2392;95.68;8
2026-W32;Игры разума;Litres;4860;194.4;9
2026-W32;Шёпот времени;Ozon;1170;46.8;3
2026-W32;Тихий сад;WB;1396;55.84;4
2026-W32;Северный экспресс;Litres;2245;89.8;5
2026-W32;Дом у маяка;Ozon;1794;71.76;6
2026-W32;Игры разума;WB;3780;151.2;7
2026-W32;Шёпот времени;Litres;3120;124.8;8
2026-W32;Тихий сад;Ozon;3141;125.64;9
2026-W32;Северный экспресс;WB;1347;53.88;3
2026-W32;Дом у маяка;Litres;1196;47.84;4
2026-W32;Игры разума;Ozon;2700;108;5
2026-W32;Шёпот времени;WB;2340;93.6;6
2026-W32;Тихий сад;Litres;2443;97.72;7
2026-W32;Северный экспресс;Ozon;3592;143.68;8
2026-W32;Дом у маяка;WB;2691;107.64;9
2026-W32;Игры разума;Litres;1620;64.8;3
2026-W32;Шёпот времени;Ozon;1560;62.4;4
2026-W32;Тихий сад;WB;1745;69.8;5
2026-W32;Северный экспресс;Litres;2694;107.76;6
2026-W32;Дом у маяка;Ozon;2093;83.72;7
2026-W32;Игры разума;WB;4320;172.8;8
2026-W32;Шёпот времени;Litres;3510;140.4;9
2026-W32;Тихий сад;Ozon;1047;41.88;3
2026-W32;Северный экспресс;WB;1796;71.84;4
2026-W32;Дом у маяка;Litres;1495;59.8;5
2026-W32;Игры разума;Ozon;3240;129.6;6
2026-W32;Шёпот времени;WB;2730;109.2;7
2026-W32;Тихий сад;Litres;2792;111.68;8
2026-W32;Северный экспресс;Ozon;4041;161.64;9
2026-W32;Дом у маяка;WB;897;35.88;3
2026-W32;Игры разума;Litres;2160;86.4;4
2026-W32;Шёпот времени;Ozon;1950;78;5
2026-W32;Тихий сад;WB;2094;83.76;6
2026-W32;Северный экспресс;Litres;3143;125.72;7
2026-W32;Дом у маяка;Ozon;2392;95.68;8
2026-W32;Игры разума;WB;4860;194.4;9
2026-W32;Шёпот времени;Litres;1170;46.8;3
2026-W32;Тихий сад;Ozon;1396;55.84;4
2026-W32;Северный экспресс;WB;2245;89.8;5
2026-W32;Дом у маяка;Litres;1794;71.76;6
2026-W32;Игры разума;Ozon;3780;151.2;7
2026-W32;Шёпот времени;WB;3120;124.8;8
2026-W32;Тихий сад;Litres;3141;125.64;9
2026-W32;Северный экспресс;Ozon;1347;53.88;3
2026-W32;Дом у маяка;WB;1196;47.84;4
2026-W32;Игры разума;Litres;2700;108;5
2026-W32;Шёпот времени;Ozon;2340;93.6;6
2026-W32;Тихий сад;WB;2443;97.72;7
2026-W32;Северный экспресс;Litres;3592;143.68;8
2026-W32;Дом у маяка;Ozon;2691;107.64;9
2026-W32;Игры разума;WB;1620;64.8;3
2026-W32;Шёпот времени;Litres;1560;62.4;4
2026-W32;Тихий сад;Ozon;1745;69.8;5
2026-W32;Северный экспресс;WB;2694;107.76;6
2026-W32;Дом у маяка;Litres;2093;83.72;7
2026-W32;Игры разума;Ozon;4320;172.8;8
2026-W32;Шёпот времени;WB;3510;140.4;9
2026-W32;Тихий сад;Litres;1047;41.88;3
2026-W32;Северный экспресс;Ozon;1796;71.84;4
2026-W32;Дом у маяка;WB;1495;59.8;5
2026-W32;Игры разума;Litres;3240;129.6;6
2026-W32;Шёпот времени;Ozon;2730;109.2;7
2026-W32;Тихий сад;WB;2792;111.68;8
2026-W32;Северный экспресс;Litres;4041;161.64;9
2026-W32;Дом у маяка;Ozon;897;35.88;3
2026-W32;Игры разума;WB;2160;86.4;4
2026-W32;Шёпот времени;Litres;1950;78;5
2026-W32;Тихий сад;Ozon;2094;83.76;6
2026-W32;Северный экспресс;WB;3143;125.72;7
2026-W32;Дом у маяка;Litres;2392;95.68;8
2026-W32;Игры разума;Ozon;4860;194.4;9
2026-W32;Шёпот времени;WB;1170;46.8;3
2026-W32;Тихий сад;Litres;1396;55.84;4
2026-W32;Северный экспресс;Ozon;2245;89.8;5
2026-W32;Дом у маяка;WB;1794;71.76;6
2026-W32;Игры разума;Litres;3780;151.2;7
2026-W32;Шёпот времени;Ozon;3120;124.8;8
2026-W32;Тихий сад;WB;3141;125.64;9
2026-W32;Северный экспресс;Litres;1347;53.88;3
2026-W32;Дом у маяка;Ozon;1196;47.84;4
2026-W32;Игры разума;WB;2700;108;5
2026-W32;Шёпот времени;Litres;2340;93.6;6
2026-W32;Тихий сад;Ozon;2443;97.72;7
2026-W32;Северный экспресс;WB;3592;143.68;8
2026-W32;Дом у маяка;Litres;2691;107.64;9
2026-W32;Игры разума;Ozon;1620;64.8;3
2026-W32;Шёпот времени;WB;1560;62.4;4
2026-W32;Тихий сад;Litres;1745;69.8;5
2026-W32;Северный экспресс;Ozon;2694;107.76;6
2026-W32;Дом у маяка;WB;2093;83.72;7
2026-W32;Игры разума;Litres;4320;172.8;8
2026-W32;Шёпот времени;Ozon;3510;140.4;9
2026-W32;Тихий сад;WB;1047;41.88;3
2026-W32;Северный экспресс;Litres;1796;71.84;4
2026-W32;Дом у маяка;Ozon;1495;59.8;5
2026-W32;Игры разума;WB;3240;129.6;6
2026-W32;Шёпот времени;Litres;2730;109.2;7
2026-W32;Тихий сад;Ozon;2792;111.68;8
2026-W32;Северный экспресс;WB;4041;161.64;9
2026-W32;Дом у маяка;Litres;897;35.88;3
2026-W32;Игры разума;Ozon;2160;86.4;4
2026-W32;Шёпот времени;WB;1950;78;5
2026-W32;Тихий сад;Litres;2094;83.76;6
2026-W32;Северный экспресс;Ozon;3143;125.72;7
2026-W32;Дом у маяка;WB;2392;95.68;8
2026-W32;Игры разума;Litres;4860;194.4;9
2026-W32;Шёпот времени;Ozon;1170;46.8;3
2026-W32;Тихий сад;WB;1396;55.84;4
2026-W32;Северный экспресс;Litres;2245;89.8;5
2026-W32;Дом у маяка;Ozon;1794;71.76;6
2026-W32;Игры разума;WB;3780;151.2;7
2026-W32;Шёпот времени;Litres;3120;124.8;8
2026-W32;Тихий сад;Ozon;3141;125.64;9
2026-W32;Северный экспресс;WB;1347;53.88;3
2026-W32;Дом у маяка;Litres;1196;47.84;4
2026-W32;Игры разума;Ozon;2700;108;5
2026-W32;Шёпот времени;WB;2340;93.6;6
2026-W32;Тихий сад;Litres;2443;97.72;7
2026-W32;Северный экспресс;Ozon;3592;143.68;8
2026-W32;Дом у маяка;WB;2691;107.64;9
2026-W32;Игры разума;Litres;1620;64.8;3
2026-W32;Шёпот времени;Ozon;1560;62.4;4
2026-W32;Тихий сад;WB;1745;69.8;5
2026-W32;Северный экспресс;Litres;2694;107.76;6
2026-W32;Дом у маяка;Ozon;2093;83.72;7
2026-W32;Игры разума;WB;4320;172.8;8
2026-W32;Шёпот времени;Litres;3510;140.4;9
2026-W32;Тихий сад;Ozon;1047;41.88;3
2026-W32;Северный экспресс;WB;1796;71.84;4
2026-W32;Дом у маяка;Litres;1495;59.8;5
2026-W32;Игры разума;Ozon;3240;129.6;6
2026-W32;Шёпот времени;WB;2730;109.2;7
2026-W32;Тихий сад;Litres;2792;111.68;8
2026-W32;Северный экспресс;Ozon;4041;161.64;9
2026-W32;Дом у маяка;WB;897;35.88;3
2026-W32;Игры разума;Litres;2160;86.4;4
2026-W32;Шёпот времени;Ozon;1950;78;5
2026-W32;Тихий сад;WB;2094;83.76;6
2026-W32;Северный экспресс;Litres;3143;125.72;7
2026-W32;Дом у маяка;Ozon;2392;95.68;8
2026-W32;Игры разума;WB;4860;194.4;9
2026-W32;Шёпот времени;Litres;1170;46.8;3
2026-W32;Тихий сад;Ozon;1396;55.84;4
2026-W32;Северный экспресс;WB;2245;89.8;5
2026-W32;Дом у маяка;Litres;1794;71.76;6
2026-W32;Игры разума;Ozon;3780;151.2;7
2026-W32;Шёпот времени;WB;3120;124.8;8
2026-W32;Тихий сад;Litres;3141;125.64;9
2026-W32;Северный экспресс;Ozon;1347;53.88;3
2026-W32;Дом у маяка;WB;1196;47.84;4
2026-W32;Игры разума;Litres;2700;108;5
2026-W32;Шёпот времени;Ozon;2340;93.6;6
2026-W32;Тихий сад;WB;2443;97.72;7
2026-W32;Северный экспресс;Litres;3592;143.68;8
2026-W32;Дом у маяка;Ozon;2691;107.64;9
2026-W32;Игры разума;WB;1620;64.8;3
2026-W32;Шёпот времени;Litres;1560;62.4;4
2026-W32;Тихий сад;Ozon;1745;69.8;5
2026-W32;Северный экспресс;WB;2694;107.76;6
2026-W32;Дом у маяка;Litres;2093;83.72;7
2026-W32;Игры разума;Ozon;4320;172.8;8
2026-W32;Шёпот времени;WB;3510;140.4;9
2026-W32;Тихий сад;Litres;1047;41.88;3
2026-W32;Северный экспресс;Ozon;1796;71.84;4
2026-W32;Дом у маяка;WB;1495;59.8;5
2026-W32;Игры разума;Litres;3240;129.6;6
2026-W32;Шёпот времени;Ozon;2730;109.2;7
2026-W32;Тихий сад;WB;2792;111.68;8
2026-W32;Северный экспресс;Litres;4041;161.64;9
2026-W32;Дом у маяка;Ozon;897;35.88;3
2026-W32;Игры разума;WB;2160;86.4;4
2026-W32;Шёпот времени;Litres;1950;78;5
2026-W32;Тихий сад;Ozon;2094;83.76;6
2026-W32;Северный экспресс;WB;3143;125.72;7
2026-W32;Дом у маяка;Litres;2392;95.68;8
2026-W32;Игры разума;Ozon;4860;194.4;9
2026-W32;Шёпот времени;WB;1170;46.8;3
2026-W32;Тихий сад;Litres;1396;55.84;4
2026-W32;Северный экспресс;Ozon;2245;89.8;5
2026-W32;Дом у маяка;WB;1794;71.76;6
2026-W32;Игры разума;Litres;3780;151.2;7
2026-W32;Шёпот времени;Ozon;3120;124.8;8
2026-W32;Тихий сад;WB;3141;125.64;9
2026-W32;Северный экспресс;Litres;1347;53.88;3
2026-W32;Дом у маяка;Ozon;1196;47.84;4
2026-W32;Игры разума;WB;2700;108;5
2026-W32;Шёпот времени;Litres;2340;93.6;6
2026-W32;Тихий сад;Ozon;2443;97.72;7
2026-W32;Северный экспресс;WB;3592;143.68;8
2026-W32;Дом у маяка;Litres;2691;107.64;9
2026-W32;Игры разума;Ozon;1620;64.8;3
2026-W32;Шёпот времени;WB;1560;62.4;4
2026-W32;Тихий сад;Litres;1745;69.8;5
2026-W32;Северный экспресс;Ozon;2694;107.76;6
2026-W32;Дом у маяка;WB;2093;83.72;7
2026-W32;Игры разума;Litres;4320;172.8;8
2026-W32;Шёпот времени;Ozon;3510;140.4;9
2026-W32;Тихий сад;WB;1047;41.88;3
2026-W32;Северный экспресс;Litres;1796;71.84;4
2026-W32;Дом у маяка;Ozon;1495;59.8;5
2026-W32;Игры разума;WB;3240;129.6;6
2026-W32;Шёпот времени;Litres;2730;109.2;7
2026-W32;Тихий сад;Ozon;2792;111.68;8
2026-W32;Северный экспресс;WB;4041;161.64;9
2026-W32;Дом у маяка;Litres;897;35.88;3
2026-W32;Игры разума;Ozon;2160;86.4;4
2026-W32;Шёпот времени;WB;1950;78;5
2026-W32;Тихий сад;Litres;2094;83.76;6
2026-W32;Северный экспресс;Ozon;3143;125.72;7
2026-W32;Дом у маяка;WB;2392;95.68;8
2026-W32;Игры разума;Litres;4860;194.4;9
2026-W32;Шёпот времени;Ozon;1170;46.8;3
2026-W32;Тихий сад;WB;1396;55.84;4
2026-W32;Северный экспресс;Litres;2245;89.8;5
2026-W32;Дом у маяка;Ozon;1794;71.76;6
2026-W32;Игры разума;WB;3780;151.2;7
2026-W32;Шёпот времени;Litres;3120;124.8;8
2026-W32;Тихий сад;Ozon;3141;125.64;9
2026-W32;Северный экспресс;WB;1347;53.88;3
2026-W32;Дом у маяка;Litres;1196;47.84;4
2026-W32;Игры разума;Ozon;2700;108;5
2026-W32;Шёпот времени;WB;2340;93.6;6
2026-W32;Тихий сад;Litres;2443;97.72;7
2026-W32;Северный экспресс;Ozon;3592;143.68;8
2026-W32;Дом у маяка;WB;2691;107.64;9
2026-W32;Игры разума;Litres;1620;64.8;3
2026-W32;Шёпот времени;Ozon;1560;62.4;4
2026-W32;Тихий сад;WB;1745;69.8;5
2026-W32;Северный экспресс;Litres;2694;107.76;6
2026-W32;Дом у маяка;Ozon;2093;83.72;7
2026-W32;Игры разума;WB;4320;172.8;8
2026-W32;Шёпот времени;Litres;3510;140.4;9
2026-W32;Тихий сад;Ozon;1047;41.88;3
2026-W32;Северный экспресс;WB;1796;71.84;4
2026-W32;Дом у маяка;Litres;1495;59.8;5
2026-W32;Игры разума;Ozon;3240;129.6;6
2026-W32;Шёпот времени;WB;2730;109.2;7
2026-W32;Тихий сад;Litres;2792;111.68;8
2026-W32;Северный экспресс;Ozon;4041;161.64;9
2026-W32;Дом у маяка;WB;897;35.88;3
2026-W32;Игры разума;Litres;2160;86.4;4
2026-W32;Шёпот времени;Ozon;1950;78;5
2026-W32;Тихий сад;WB;2094;83.76;6
2026-W32;Северный экспресс;Litres;3143;125.72;7
2026-W32;Дом у маяка;Ozon;2392;95.68;8
2026-W32;Игры разума;WB;4860;194.4;9
2026-W32;Шёпот времени;Litres;1170;46.8;3
2026-W32;Тихий сад;Ozon;1396;55.84;4
2026-W32;Северный экспресс;WB;2245;89.8;5
2026-W32;Дом у маяка;Litres;1794;71.76;6
2026-W32;Игры разума;Ozon;3780;151.2;7
2026-W32;Шёпот времени;WB;3120;124.8;8
2026-W32;Тихий сад;Litres;3141;125.64;9
2026-W32;Северный экспресс;Ozon;1347;53.88;3
2026-W32;Дом у маяка;WB;1196;47.84;4
2026-W32;Игры разума;Litres;2700;108;5
2026-W32;Шёпот времени;Ozon;2340;93.6;6
2026-W32;Тихий сад;WB;2443;97.72;7
2026-W32;Северный экспресс;Litres;3592;143.68;8
2026-W32;Дом у маяка;Ozon;2691;107.64;9
2026-W32;Игры разума;WB;1620;64.8;3
2026-W32;Шёпот времени;Litres;1560;62.4;4
2026-W32;Тихий сад;Ozon;1745;69.8;5
2026-W32;Северный экспресс;WB;2694;107.76;6
2026-W32;Дом у маяка;Litres;2093;83.72;7
2026-W32;Игры разума;Ozon;4320;172.8;8
2026-W32;Шёпот времени;WB;3510;140.4;9
2026-W32;Тихий сад;Litres;1047;41.88;3
2026-W32;Северный экспресс;Ozon;1796;71.84;4
2026-W32;Дом у маяка;WB;1495;59.8;5
2026-W32;Игры разума;Litres;3240;129.6;6
2026-W32;Шёпот времени;Ozon;2730;109.2;7
2026-W32;Тихий сад;WB;2792;111.68;8
2026-W32;Северный экспресс;Litres;4041;161.64;9
2026-W32;Дом у маяка;Ozon;897;35.88;3
2026-W32;Игры разума;WB;2160;86.4;4
2026-W32;Шёпот времени;Litres;1950;78;5
2026-W32;Тихий сад;Ozon;2094;83.76;6
2026-W32;Северный экспресс;WB;3143;125.72;7
2026-W32;Дом у маяка;Litres;2392;95.68;8
2026-W32;Игры разума;Ozon;4860;194.4;9
2026-W32;Шёпот времени;WB;1170;46.8;3
2026-W32;Тихий сад;Litres;1396;55.84;4
2026-W32;Северный экспресс;Ozon;2245;89.8;5
2026-W32;Дом у маяка;WB;1794;71.76;6
2026-W32;Игры разума;Litres;3780;151.2;7
2026-W32;Шёпот времени;Ozon;3120;124.8;8
2026-W32;Тихий сад;WB;3141;125.64;9
2026-W32;Северный экспресс;Litres;1347;53.88;3
2026-W32;Дом у маяка;Ozon;1196;47.84;4
2026-W32;Игры разума;WB;2700;108;5
2026-W32;Шёпот времени;Litres;2340;93.6;6
2026-W32;Тихий сад;Ozon;2443;97.72;7
2026-W32;Северный экспресс;WB;3592;143.68;8
2026-W32;Дом у маяка;Litres;2691;107.64;9
2026-W32;Игры разума;Ozon;1620;64.8;3
2026-W32;Шёпот времени;WB;1560;62.4;4
2026-W32;Тихий сад;Litres;1745;69.8;5
2026-W32;Северный экспресс;Ozon;2694;107.76;6
2026-W32;Дом у маяка;WB;2093;83.72;7
2026-W32;Игры разума;Litres;4320;172.8;8
2026-W32;Шёпот времени;Ozon;3510;140.4;9
2026-W32;Тихий сад;WB;1047;41.88;3
2026-W32;Северный экспресс;Litres;1796;71.84;4
2026-W32;Дом у маяка;Ozon;1495;59.8;5
2026-W32;Игры разума;WB;3240;129.6;6
2026-W32;Шёпот времени;Litres;2730;109.2;7
2026-W32;Тихий сад;Ozon;2792;111.68;8
2026-W32;Северный экспресс;WB;4041;161.64;9
2026-W32;Дом у маяка;Litres;897;35.88;3
2026-W32;Игры разума;Ozon;2160;86.4;4
2026-W32;Шёпот времени;WB;1950;78;5
2026-W32;Тихий сад;Litres;2094;83.76;6
2026-W32;Северный экспресс;Ozon;3143;125.72;7
2026-W32;Дом у маяка;WB;2392;95.68;8
2026-W32;Игры разума;Litres;4860;194.4;9
2026-W32;Шёпот времени;Ozon;1170;46.8;3
2026-W32;Тихий сад;WB;1396;55.84;4
2026-W32;Северный экспресс;Litres;2245;89.8;5
2026-W32;Дом у маяка;Ozon;1794;71.76;6
2026-W32;Игры разума;WB;3780;151.2;7
2026-W32;Шёпот времени;Litres;3120;124.8;8
2026-W32;Тихий сад;Ozon;3141;125.64;9
2026-W32;Северный экспресс;WB;1347;53.88;3
2026-W32;Дом у маяка;Litres;1196;47.84;4
2026-W32;Игры разума;Ozon;2700;108;5
2026-W32;Шёпот времени;WB;2340;93.6;6
2026-W32;Тихий сад;Litres;2443;97.72;7
2026-W32;Северный экспресс;Ozon;3592;143.68;8
2026-W32;Дом у маяка;WB;2691;107.64;9
2026-W32;Игры разума;Litres;1620;64.8;3
2026-W32;Шёпот времени;Ozon;1560;62.4;4
2026-W32;Тихий сад;WB;1745;69.8;5
2026-W32;Северный экспресс;Litres;2694;107.76;6
2026-W32;Дом у маяка;Ozon;2093;83.72;7
2026-W32;Игры разума;WB;4320;172.8;8
2026-W32;Шёпот времени;Litres;3510;140.4;9
2026-W32;Тихий сад;Ozon;1047;41.88;3
2026-W32;Северный экспресс;WB;1796;71.84;4
2026-W32;Дом у маяка;Litres;1495;59.8;5
2026-W32;Игры разума;Ozon;3240;129.6;6
2026-W32;Шёпот времени;WB;2730;109.2;7
2026-W32;Тихий сад;Litres;2792;111.68;8
2026-W32;Северный экспресс;Ozon;4041;161.64;9
2026-W32;Дом у маяка;WB;897;35.88;3
2026-W32;Игры разума;Litres;2160;86.4;4
2026-W32;Шёпот времени;Ozon;1950;78;5
2026-W32;Тихий сад;WB;2094;83.76;6
2026-W32;Северный экспресс;Litres;3143;125.72;7
2026-W32;Дом у маяка;Ozon;2392;95.68;8
2026-W32;Игры разума;WB;4860;194.4;9
2026-W32;Шёпот времени;Litres;1170;46.8;3
2026-W32;Тихий сад;Ozon;1396;55.84;4
2026-W32;Северный экспресс;WB;2245;89.8;5
2026-W32;Дом у маяка;Litres;1794;71.76;6
2026-W32;Игры разума;Ozon;3780;151.2;7
2026-W32;Шёпот времени;WB;3120;124.8;8
2026-W32;Тихий сад;Litres;3141;125.64;9
2026-W32;Северный экспресс;Ozon;1347;53.88;3
2026-W32;Дом у маяка;WB;1196;47.84;4
2026-W32;Игры разума;Litres;2700;108;5
2026-W32;Шёпот времени;Ozon;2340;93.6;6
2026-W32;Тихий сад;WB;2443;97.72;7
2026-W32;Северный экспресс;Litres;3592;143.68;8
2026-W32;Дом у маяка;Ozon;2691;107.64;9
2026-W32;Игры разума;WB;1620;64.8;3
2026-W32;Шёпот времени;Litres;1560;62.4;4
2026-W32;Тихий сад;Ozon;1745;69.8;5
2026-W32;Северный экспресс;WB;2694;107.76;6
2026-W32;Дом у маяка;Litres;2093;83.72;7
2026-W32;Игры разума;Ozon;4320;172.8;8
2026-W32;Шёпот времени;WB;3510;140.4;9
2026-W32;Тихий сад;Litres;1047;41.88;3
2026-W32;Северный экспресс;Ozon;1796;71.84;4
2026-W32;Дом у маяка;WB;1495;59.8;5
2026-W32;Игры разума;Litres;3240;129.6;6
2026-W32;Шёпот времени;Ozon;2730;109.2;7
2026-W32;Тихий сад;WB;2792;111.68;8
2026-W32;Северный экспресс;Litres;4041;161.64;9
2026-W32;Дом у маяка;Ozon;897;35.88;3
2026-W32;Игры разума;WB;2160;86.4;4
2026-W32;Шёпот времени;Litres;1950;78;5
2026-W32;Тихий сад;Ozon;2094;83.76;6
2026-W32;Северный экспресс;WB;3143;125.72;7
2026-W32;Дом у маяка;Litres;2392;95.68;8
2026-W32;Игры разума;Ozon;4860;194.4;9
2026-W32;Шёпот времени;WB;1170;46.8;3
2026-W32;Тихий сад;Litres;1396;55.84;4
2026-W32;Северный экспресс;Ozon;2245;89.8;5
2026-W32;Дом у маяка;WB;1794;71.76;6
2026-W32;Игры разума;Litres;3780;151.2;7
2026-W32;Шёпот времени;Ozon;3120;124.8;8
2026-W32;Тихий сад;WB;3141;125.64;9
2026-W32;Северный экспресс;Litres;1347;53.88;3
2026-W32;Дом у маяка;Ozon;1196;47.84;4
2026-W32;Игры разума;WB;2700;108;5
2026-W32;Шёпот времени;Litres;2340;93.6;6
2026-W32;Тихий сад;Ozon;2443;97.72;7
2026-W32;Северный экспресс;WB;3592;143.68;8
2026-W32;Дом у маяка;Litres;2691;107.64;9
2026-W32;Игры разума;Ozon;1620;64.8;3
2026-W32;Шёпот времени;WB;1560;62.4;4
2026-W32;Тихий сад;Litres;1745;69.8;5
2026-W32;Северный экспресс;Ozon;2694;107.76;6
2026-W32;Дом у маяка;WB;2093;83.72;7
2026-W32;Игры разума;Litres;4320;172.8;8
2026-W32;Шёпот времени;Ozon;3510;140.4;9
2026-W32;Тихий сад;WB;1047;41.88;3
2026-W32;Северный экспресс;Litres;1796;71.84;4
2026-W32;Дом у маяка;Ozon;1495;59.8;5
2026-W32;Игры разума;WB;3240;129.6;6
2026-W32;Шёпот времени;Litres;2730;109.2;7
2026-W32;Тихий сад;Ozon;2792;111.68;8
2026-W32;Северный экспресс;WB;4041;161.64;9
2026-W32;Дом у маяка;Litres;897;35.88;3
2026-W32;Игры разума;Ozon;2160;86.4;4
2026-W32;Шёпот времени;WB;1950;78;5
2026-W32;Тихий сад;Litres;2094;83.76;6
2026-W32;Северный экспресс;Ozon;3143;125.72;7
2026-W32;Дом у маяка;WB;2392;95.68;8
2026-W32;Игры разума;Litres;4860;194.4;9
2026-W32;Шёпот времени;Ozon;1170;46.8;3
2026-W32;Тихий сад;WB;1396;55.84;4
2026-W32;Северный экспресс;Litres;2245;89.8;5
2026-W32;Дом у маяка;Ozon;1794;71.76;6
2026-W32;Игры разума;WB;3780;151.2;7
2026-W32;Шёпот времени;Litres;3120;124.8;8
2026-W32;Тихий сад;Ozon;3141;125.64;9
2026-W32;Северный экспресс;WB;1347;53.88;3
2026-W32;Дом у маяка;Litres;1196;47.84;4
2026-W32;Игры разума;Ozon;2700;108;5
2026-W32;Шёпот времени;WB;2340;93.6;6
2026-W32;Тихий сад;Litres;2443;97.72;7
2026-W32;Северный экспресс;Ozon;3592;143.68;8
2026-W32;Дом у маяка;WB;2691;107.64;9
2026-W32;Игры разума;Litres;1620;64.8;3
2026-W32;Шёпот времени;Ozon;1560;62.4;4
2026-W32;Тихий сад;WB;1745;69.8;5
2026-W32;Северный экспресс;Litres;2694;107.76;6
2026-W32;Дом у маяка;Ozon;2093;83.72;7
2026-W32;Игры разума;WB;4320;172.8;8
2026-W32;Шёпот времени;Litres;3510;140.4;9
2026-W32;Тихий сад;Ozon;1047;41.88;3
2026-W32;Северный экспресс;WB;1796;71.84;4
2026-W32;Дом у маяка;Litres;1495;59.8;5
2026-W32;Игры разума;Ozon;3240;129.6;6
2026-W32;Шёпот времени;WB;2730;109.2;7
2026-W32;Тихий сад;Litres;2792;111.68;8
2026-W32;Северный экспресс;Ozon;4041;161.64;9
2026-W32;Дом у маяка;WB;897;35.88;3
2026-W32;Игры разума;Litres;2160;86.4;4
2026-W32;Шёпот времени;Ozon;1950;78;5
2026-W32;Тихий сад;WB;2094;83.76;6
2026-W32;Северный экспресс;Litres;3143;125.72;7
2026-W32;Дом у маяка;Ozon;2392;95.68;8
2026-W32;Игры разума;WB;4860;194.4;9
2026-W32;Шёпот времени;Litres;1170;46.8;3
2026-W32;Тихий сад;Ozon;1396;55.84;4
2026-W32;Северный экспресс;WB;2245;89.8;5
2026-W32;Дом у маяка;Litres;1794;71.76;6
2026-W32;Игры разума;Ozon;3780;151.2;7
2026-W32;Шёпот времени;WB;3120;124.8;8
2026-W32;Тихий сад;Litres;3141;125.64;9
2026-W32;Северный экспресс;Ozon;1347;53.88;3
2026-W32;Дом у маяка;WB;1196;47.84;4
2026-W32;Игры разума;Litres;2700;108;5
2026-W32;Шёпот времени;Ozon;2340;93.6;6
2026-W32;Тихий сад;WB;2443;97.72;7
2026-W32;Северный экспресс;Litres;3592;143.68;8
2026-W32;Дом у маяка;Ozon;2691;107.64;9
2026-W32;Игры разума;WB;1620;64.8;3
2026-W32;Шёпот времени;Litres;1560;62.4;4
2026-W32;Тихий сад;Ozon;1745;69.8;5
2026-W32;Северный экспресс;WB;2694;107.76;6
2026-W32;Дом у маяка;Litres;2093;83.72;7
2026-W32;Игры разума;Ozon;4320;172.8;8
2026-W32;Шёпот времени;WB;3510;140.4;9
2026-W32;Тихий сад;Litres;1047;41.88;3
2026-W32;Северный экспресс;Ozon;1796;71.84;4
2026-W32;Дом у маяка;WB;1495;59.8;5
2026-W32;Игры разума;Litres;3240;129.6;6
2026-W32;Шёпот времени;Ozon;2730;109.2;7
2026-W32;Тихий сад;WB;2792;111.68;8
2026-W32;Северный экспресс;Litres;4041;161.64;9
2026-W32;Дом у маяка;Ozon;897;35.88;3
2026-W32;Игры разума;WB;2160;86.4;4
2026-W32;Шёпот времени;Litres;1950;78;5
2026-W32;Тихий сад;Ozon;2094;83.76;6
2026-W32;Северный экспресс;WB;3143;125.72;7
2026-W32;Дом у маяка;Litres;2392;95.68;8
2026-W32;Игры разума;Ozon;4860;194.4;9
2026-W32;Шёпот времени;WB;1170;46.8;3
2026-W32;Тихий сад;Litres;1396;55.84;4
2026-W32;Северный экспресс;Ozon;2245;89.8;5
2026-W32;Дом у маяка;WB;1794;71.76;6
2026-W32;Игры разума;Litres;3780;151.2;7
2026-W32;Шёпот времени;Ozon;3120;124.8;8
2026-W32;Тихий сад;WB;3141;125.64;9
2026-W32;Северный экспресс;Litres;1347;53.88;3
2026-W32;Дом у маяка;Ozon;1196;47.84;4
2026-W32;Игры разума;WB;2700;108;5
2026-W32;Шёпот времени;Litres;2340;93.6;6
2026-W32;Тихий сад;Ozon;2443;97.72;7
2026-W32;Северный экспресс;WB;3592;143.68;8
2026-W32;Дом у маяка;Litres;2691;107.64;9
2026-W32;Игры разума;Ozon;1620;64.8;3
2026-W32;Шёпот времени;WB;1560;62.4;4
2026-W32;Тихий сад;Litres;1745;69.8;5
2026-W32;Северный экспресс;Ozon;2694;107.76;6
2026-W32;Дом у маяка;WB;2093;83.72;7
2026-W32;Игры разума;Litres;4320;172.8;8
2026-W32;Шёпот времени;Ozon;3510;140.4;9
2026-W32;Тихий сад;WB;1047;41.88;3
2026-W32;Северный экспресс;Litres;1796;71.84;4
2026-W32;Дом у маяка;Ozon;1495;59.8;5
2026-W32;Игры разума;WB;3240;129.6;6
2026-W32;Шёпот времени;Litres;2730;109.2;7
2026-W32;Тихий сад;Ozon;2792;111.68;8
2026-W32;Северный экспресс;WB;4041;161.64;9
2026-W32;Дом у маяка;Litres;897;35.88;3
2026-W32;Игры разума;Ozon;2160;86.4;4
2026-W32;Шёпот времени;WB;1950;78;5
2026-W32;Тихий сад;Litres;2094;83.76;6
2026-W32;Северный экспресс;Ozon;3143;125.72;7
2026-W32;Дом у маяка;WB;2392;95.68;8
2026-W32;Игры разума;Litres;4860;194.4;9
2026-W32;Шёпот времени;Ozon;1170;46.8;3
2026-W32;Тихий сад;WB;1396;55.84;4
2026-W32;Северный экспресс;Litres;2245;89.8;5
2026-W32;Дом у маяка;Ozon;1794;71.76;6
2026-W32;Игры разума;WB;3780;151.2;7
2026-W32;Шёпот времени;Litres;3120;124.8;8
2026-W32;Тихий сад;Ozon;3141;125.64;9
2026-W32;Северный экспресс;WB;1347;53.88;3
2026-W32;Дом у маяка;Litres;1196;47.84;4
2026-W32;Игры разума;Ozon;2700;108;5
2026-W32;Шёпот времени;WB;2340;93.6;6
2026-W32;Тихий сад;Litres;2443;97.72;7
2026-W32;Северный экспресс;Ozon;3592;143.68;8
2026-W32;Дом у маяка;WB;2691;107.64;9
2026-W32;Игры разума;Litres;1620;64.8;3
2026-W32;Шёпот времени;Ozon;1560;62.4;4
2026-W32;Тихий сад;WB;1745;69.8;5
2026-W32;Северный экспресс;Litres;2694;107.76;6
2026-W32;Дом у маяка;Ozon;2093;83.72;7
2026-W32;Игры разума;WB;4320;172.8;8
2026-W32;Шёпот времени;Litres;3510;140.4;9
2026-W32;Тихий сад;Ozon;1047;41.88;3
2026-W32;Северный экспресс;WB;1796;71.84;4
2026-W32;Дом у маяка;Litres;1495;59.8;5
2026-W32;Игры разума;Ozon;3240;129.6;6
2026-W32;Шёпот времени;WB;2730;109.2;7
2026-W32;Тихий сад;Litres;2792;111.68;8
2026-W32;Северный экспресс;Ozon;4041;161.64;9
2026-W32;Дом у маяка;WB;897;35.88;3
2026-W32;Игры разума;Litres;2160;86.4;4
2026-W32;Шёпот времени;Ozon;1950;78;5
2026-W32;Тихий сад;WB;2094;83.76;6
2026-W32;Северный экспресс;Litres;3143;125.72;7
2026-W32;Дом у маяка;Ozon;2392;95.68;8
2026-W32;Игры разума;WB;4860;194.4;9
2026-W32;Шёпот времени;Litres;1170;46.8;3
2026-W32;Тихий сад;Ozon;1396;55.84;4
2026-W32;Северный экспресс;WB;2245;89.8;5
2026-W32;Дом у маяка;Litres;1794;71.76;6
2026-W32;Игры разума;Ozon;3780;151.2;7
2026-W32;Шёпот времени;WB;3120;124.8;8
2026-W32;Тихий сад;Litres;3141;125.64;9
2026-W32;Северный экспресс;Ozon;1347;53.88;3
2026-W32;Дом у маяка;WB;1196;47.84;4
2026-W32;Игры разума;Litres;2700;108;5
2026-W32;Шёпот времени;Ozon;2340;93.6;6
2026-W32;Тихий сад;WB;2443;97.72;7
2026-W32;Северный экспресс;Litres;3592;143.68;8
2026-W32;Дом у маяка;Ozon;2691;107.64;9
2026-W32;Игры разума;WB;1620;64.8;3
2026-W32;Шёпот времени;Litres;1560;62.4;4
2026-W32;Тихий сад;Ozon;1745;69.8;5
2026-W32;Северный экспресс;WB;2694;107.76;6
2026-W32;Дом у маяка;Litres;2093;83.72;7
2026-W32;Игры разума;Ozon;4320;172.8;8
2026-W32;Шёпот времени;WB;3510;140.4;9
2026-W32;Тихий сад;Litres;1047;41.88;3
2026-W32;Северный экспресс;Ozon;1796;71.84;4
2026-W32;Дом у маяка;WB;1495;59.8;5
2026-W32;Игры разума;Litres;3240;129.6;6
2026-W32;Шёпот времени;Ozon;2730;109.2;7
2026-W32;Тихий сад;WB;2792;111.68;8
2026-W32;Северный экспресс;Litres;4041;161.64;9
2026-W32;Дом у маяка;Ozon;897;35.88;3
2026-W32;Игры разума;WB;2160;86.4;4
2026-W32;Шёпот времени;Litres;1950;78;5
2026-W32;Тихий сад;Ozon;2094;83.76;6
2026-W32;Северный экспресс;WB;3143;125.72;7
2026-W32;Дом у маяка;Litres;2392;95.68;8
2026-W32;Игры разума;Ozon;4860;194.4;9
2026-W32;Шёпот времени;WB;1170;46.8;3
2026-W32;Тихий сад;Litres;1396;55.84;4
2026-W32;Северный экспресс;Ozon;2245;89.8;5
2026-W32;Дом у маяка;WB;1794;71.76;6
2026-W32;Игры разума;Litres;3780;151.2;7
2026-W32;Шёпот времени;Ozon;3120;124.8;8
2026-W32;Тихий сад;WB;3141;125.64;9
2026-W32;Северный экспресс;Litres;1347;53.88;3
2026-W32;Дом у маяка;Ozon;1196;47.84;4
2026-W32;Игры разума;WB;2700;108;5
2026-W32;Шёпот времени;Litres;2340;93.6;6
2026-W32;Тихий сад;Ozon;2443;97.72;7
2026-W32;Северный экспресс;WB;3592;143.68;8
2026-W32;Дом у маяка;Litres;2691;107.64;9
2026-W32;Игры разума;Ozon;1620;64.8;3
2026-W32;Шёпот времени;WB;1560;62.4;4
2026-W32;Тихий сад;Litres;1745;69.8;5
2026-W32;Северный экспресс;Ozon;2694;107.76;6
2026-W32;Дом у маяка;WB;2093;83.72;7
2026-W32;Игры разума;Litres;4320;172.8;8
2026-W32;Шёпот времени;Ozon;3510;140.4;9
2026-W32;Тихий сад;WB;1047;41.88;3
2026-W32;Северный экспресс;Litres;1796;71.84;4
2026-W32;Дом у маяка;Ozon;1495;59.8;5
2026-W32;Игры разума;WB;3240;129.6;6
2026-W32;Шёпот времени;Litres;2730;109.2;7
2026-W32;Тихий сад;Ozon;2792;111.68;8
2026-W32;Северный экспресс;WB;4041;161.64;9
2026-W32;Дом у маяка;Litres;897;35.88;3
2026-W32;Игры разума;Ozon;2160;86.4;4
2026-W32;Шёпот времени;WB;1950;78;5
2026-W32;Тихий сад;Litres;2094;83.76;6
2026-W32;Северный экспресс;Ozon;3143;125.72;7
2026-W32;Дом у маяка;WB;2392;95.68;8
2026-W32;Игры разума;Litres;4860;194.4;9
2026-W32;Шёпот времени;Ozon;1170;46.8;3
2026-W32;Тихий сад;WB;1396;55.84;4
2026-W32;Северный экспресс;Litres;2245;89.8;5
2026-W32;Дом у маяка;Ozon;1794;71.76;6
2026-W32;Игры разума;WB;3780;151.2;7
2026-W32;Шёпот времени;Litres;3120;124.8;8
2026-W32;Тихий сад;Ozon;3141;125.64;9
2026-W32;Северный экспресс;WB;1347;53.88;3
2026-W32;Дом у маяка;Litres;1196;47.84;4
2026-W32;Игры разума;Ozon;2700;108;5
2026-W32;Шёпот времени;WB;2340;93.6;6
2026-W32;Тихий сад;Litres;2443;97.72;7
2026-W32;Северный экспресс;Ozon;3592;143.68;8
2026-W32;Дом у маяка;WB;2691;107.64;9
2026-W32;Игры разума;Litres;1620;64.8;3
2026-W32;Шёпот времени;Ozon;1560;62.4;4
2026-W32;Тихий сад;WB;1745;69.8;5
2026-W32;Северный экспресс;Litres;2694;107.76;6
2026-W32;Дом у маяка;Ozon;2093;83.72;7
2026-W32;Игры разума;WB;4320;172.8;8
2026-W32;Шёпот времени;Litres;3510;140.4;9
2026-W32;Тихий сад;Ozon;1047;41.88;3
2026-W32;Северный экспресс;WB;1796;71.84;4
2026-W32;Дом у маяка;Litres;1495;59.8;5
2026-W32;Игры разума;Ozon;3240;129.6;6
2026-W32;Шёпот времени;WB;2730;109.2;7
2026-W32;Тихий сад;Litres;2792;111.68;8
2026-W32;Северный экспресс;Ozon;4041;161.64;9
2026-W32;Дом у маяка;WB;897;35.88;3
2026-W32;Игры разума;Litres;2160;86.4;4
2026-W32;Шёпот времени;Ozon;1950;78;5
2026-W32;Тихий сад;WB;2094;83.76;6
2026-W32;Северный экспресс;Litres;3143;125.72;7
2026-W32;Дом у маяка;Ozon;2392;95.68;8
2026-W32;Игры разума;WB;4860;194.4;9
2026-W32;Шёпот времени;Litres;1170;46.8;3
2026-W32;Тихий сад;Ozon;1396;55.84;4
2026-W32;Северный экспресс;WB;2245;89.8;5
2026-W32;Дом у маяка;Litres;1794;71.76;6
2026-W32;Игры разума;Ozon;3780;151.2;7
2026-W32;Шёпот времени;WB;3120;124.8;8
2026-W32;Тихий сад;Litres;3141;125.64;9
2026-W32;Северный экспресс;Ozon;1347;53.88;3
2026-W32;Дом у маяка;WB;1196;47.84;4
2026-W32;Игры разума;Litres;2700;108;5
2026-W32;Шёпот времени;Ozon;2340;93.6;6
2026-W32;Тихий сад;WB;2443;97.72;7
2026-W32;Северный экспресс;Litres;3592;143.68;8
2026-W32;Дом у маяка;Ozon;2691;107.64;9
2026-W32;Игры разума;WB;1620;64.8;3
2026-W32;Шёпот времени;Litres;1560;62.4;4
2026-W32;Тихий сад;Ozon;1745;69.8;5
2026-W32;Северный экспресс;WB;2694;107.76;6
2026-W32;Дом у маяка;Litres;2093;83.72;7
2026-W32;Игры разума;Ozon;4320;172.8;8
2026-W32;Шёпот времени;WB;3510;140.4;9
2026-W32;Тихий сад;Litres;1047;41.88;3
2026-W32;Северный экспресс;Ozon;1796;71.84;4
2026-W32;Дом у маяка;WB;1495;59.8;5
2026-W32;Игры разума;Litres;3240;129.6;6
2026-W32;Шёпот времени;Ozon;2730;109.2;7
2026-W32;Тихий сад;WB;2792;111.68;8
2026-W32;Северный экспресс;Litres;4041;161.64;9
2026-W32;Дом у маяка;Ozon;897;35.88;3
2026-W32;Игры разума;WB;2160;86.4;4
2026-W32;Шёпот времени;Litres;1950;78;5
2026-W32;Тихий сад;Ozon;2094;83.76;6
2026-W32;Северный экспресс;WB;3143;125.72;7
2026-W32;Дом у маяка;Litres;2392;95.68;8
2026-W32;Игры разума;Ozon;4860;194.4;9
2026-W32;Шёпот времени;WB;1170;46.8;3
2026-W32;Тихий сад;Litres;1396;55.84;4
2026-W32;Северный экспресс;Ozon;2245;89.8;5
2026-W32;Дом у маяка;WB;1794;71.76;6
2026-W32;Игры разума;Litres;3780;151.2;7
2026-W32;Шёпот времени;Ozon;3120;124.8;8
2026-W32;Тихий сад;WB;3141;125.64;9
2026-W32;Северный экспресс;Litres;1347;53.88;3
2026-W32;Дом у маяка;Ozon;1196;47.84;4
2026-W32;Игры разума;WB;2700;108;5
2026-W32;Шёпот времени;Litres;2340;93.6;6
2026-W32;Тихий сад;Ozon;2443;97.72;7
2026-W32;Северный экспресс;WB;3592;143.68;8
2026-W32;Дом у маяка;Litres;2691;107.64;9
2026-W32;Игры разума;Ozon;1620;64.8;3
2026-W32;Шёпот времени;WB;1560;62.4;4
2026-W32;Тихий сад;Litres;1745;69.8;5
2026-W32;Северный экспресс;Ozon;2694;107.76;6
2026-W32;Дом у маяка;WB;2093;83.72;7
2026-W32;Игры разума;Litres;4320;172.8;8
2026-W32;Шёпот времени;Ozon;3510;140.4;9
2026-W32;Тихий сад;WB;1047;41.88;3
2026-W32;Северный экспресс;Litres;1796;71.84;4
2026-W32;Дом у маяка;Ozon;1495;59.8;5
2026-W32;Игры разума;WB;3240;129.6;6
2026-W32;Шёпот времени;Litres;2730;109.2;7
2026-W32;Тихий сад;Ozon;2792;111.68;8
2026-W32;Северный экспресс;WB;4041;161.64;9
2026-W32;Дом у маяка;Litres;897;35.88;3
2026-W32;Игры разума;Ozon;2160;86.4;4
2026-W32;Шёпот времени;WB;1950;78;5
2026-W32;Тихий сад;Litres;2094;83.76;6
2026-W32;Северный экспресс;Ozon;3143;125.72;7
2026-W32;Дом у маяка;WB;2392;95.68;8
2026-W32;Игры разума;Litres;4860;194.4;9
2026-W32;Шёпот времени;Ozon;1170;46.8;3
2026-W32;Тихий сад;WB;1396;55.84;4
2026-W32;Северный экспресс;Litres;2245;89.8;5
2026-W32;Дом у маяка;Ozon;1794;71.76;6
2026-W32;Игры разума;WB;3780;151.2;7
2026-W32;Шёпот времени;Litres;3120;124.8;8
2026-W32;Тихий сад;Ozon;3141;125.64;9
2026-W32;Северный экспресс;WB;1347;53.88;3
2026-W32;Дом у маяка;Litres;1196;47.84;4
2026-W32;Игры разума;Ozon;2700;108;5
2026-W32;Шёпот времени;WB;2340;93.6;6
2026-W32;Тихий сад;Litres;2443;97.72;7
2026-W32;Северный экспресс;Ozon;3592;143.68;8
2026-W32;Дом у маяка;WB;2691;107.64;9
2026-W32;Игры разума;Litres;1620;64.8;3
2026-W32;Шёпот времени;Ozon;1560;62.4;4
2026-W32;Тихий сад;WB;1745;69.8;5
2026-W32;Северный экспресс;Litres;2694;107.76;6
2026-W32;Дом у маяка;Ozon;2093;83.72;7
2026-W32;Игры разума;WB;4320;172.8;8
2026-W32;Шёпот времени;Litres;3510;140.4;9
2026-W32;Тихий сад;Ozon;1047;41.88;3
2026-W32;Северный экспресс;WB;1796;71.84;4
2026-W32;Дом у маяка;Litres;1495;59.8;5
2026-W32;Игры разума;Ozon;3240;129.6;6
2026-W32;Шёпот времени;WB;2730;109.2;7
2026-W32;Тихий сад;Litres;2792;111.68;8
2026-W32;Северный экспресс;Ozon;4041;161.64;9
2026-W32;Дом у маяка;WB;897;35.88;3
2026-W32;Игры разума;Litres;2160;86.4;4
2026-W32;Шёпот времени;Ozon;1950;78;5
2026-W32;Тихий сад;WB;2094;83.76;6
2026-W32;Северный экспресс;Litres;3143;125.72;7
2026-W32;Дом у маяка;Ozon;2392;95.68;8
2026-W32;Игры разума;WB;4860;194.4;9
2026-W32;Шёпот времени;Litres;1170;46.8;3
2026-W32;Тихий сад;Ozon;1396;55.84;4
2026-W32;Северный экспресс;WB;2245;89.8;5
2026-W32;Дом у маяка;Litres;1794;71.76;6
2026-W32;Игры разума;Ozon;3780;151.2;7
2026-W32;Шёпот времени;WB;3120;124.8;8
2026-W32;Тихий сад;Litres;3141;125.64;9
2026-W32;Северный экспресс;Ozon;1347;53.88;3
2026-W32;Дом у маяка;WB;1196;47.84;4
2026-W32;Игры разума;Litres;2700;108;5
2026-W32;Шёпот времени;Ozon;2340;93.6;6
2026-W32;Тихий сад;WB;2443;97.72;7
2026-W32;Северный экспресс;Litres;3592;143.68;8
2026-W32;Дом у маяка;Ozon;2691;107.64;9
2026-W32;Игры разума;WB;1620;64.8;3
2026-W32;Шёпот времени;Litres;1560;62.4;4
2026-W32;Тихий сад;Ozon;1745;69.8;5
2026-W32;Северный экспресс;WB;2694;107.76;6
2026-W32;Дом у маяка;Litres;2093;83.72;7
2026-W32;Игры разума;Ozon;4320;172.8;8
2026-W32;Шёпот времени;WB;3510;140.4;9
2026-W32;Тихий сад;Litres;1047;41.88;3
2026-W32;Северный экспресс;Ozon;1796;71.84;4
2026-W32;Дом у маяка;WB;1495;59.8;5
2026-W32;Игры разума;Litres;3240;129.6;6
2026-W32;Шёпот времени;Ozon;2730;109.2;7
2026-W32;Тихий сад;WB;2792;111.68;8
2026-W32;Северный экспресс;Litres;4041;161.64;9
2026-W32;Дом у маяка;Ozon;897;35.88;3
2026-W32;Игры разума;WB;2160;86.4;4
2026-W32;Шёпот времени;Litres;1950;78;5
2026-W32;Тихий сад;Ozon;2094;83.76;6
2026-W32;Северный экспресс;WB;3143;125.72;7
2026-W32;Дом у маяка;Litres;2392;95.68;8
2026-W32;Игры разума;Ozon;4860;194.4;9
2026-W32;Шёпот времени;WB;1170;46.8;3
2026-W32;Тихий сад;Litres;1396;55.84;4
2026-W32;Северный экспресс;Ozon;2245;89.8;5
2026-W32;Дом у маяка;WB;1794;71.76;6
2026-W32;Игры разума;Litres;3780;151.2;7
2026-W32;Шёпот времени;Ozon;3120;124.8;8
2026-W32;Тихий сад;WB;3141;125.64;9
2026-W32;Северный экспресс;Litres;1347;53.88;3
2026-W32;Дом у маяка;Ozon;1196;47.84;4
2026-W32;Игры разума;WB;2700;108;5
2026-W32;Шёпот времени;Litres;2340;93.6;6
2026-W32;Тихий сад;Ozon;2443;97.72;7
2026-W32;Северный экспресс;WB;3592;143.68;8
2026-W32;Дом у маяка;Litres;2691;107.64;9
2026-W32;Игры разума;Ozon;1620;64.8;3
2026-W32;Шёпот времени;WB;1560;62.4;4
2026-W32;Тихий сад;Litres;1745;69.8;5
2026-W32;Северный экспресс;Ozon;2694;107.76;6
2026-W32;Дом у маяка;WB;2093;83.72;7
2026-W32;Игры разума;Litres;4320;172.8;8
2026-W32;Шёпот времени;Ozon;3510;140.4;9
2026-W32;Тихий сад;WB;1047;41.88;3
2026-W32;Северный экспресс;Litres;1796;71.84;4
2026-W32;Дом у маяка;Ozon;1495;59.8;5
2026-W32;Игры разума;WB;3240;129.6;6
2026-W32;Шёпот времени;Litres;2730;109.2;7
2026-W32;Тихий сад;Ozon;2792;111.68;8
2026-W32;Северный экспресс;WB;4041;161.64;9
2026-W32;Дом у маяка;Litres;897;35.88;3
2026-W32;Игры разума;Ozon;2160;86.4;4
2026-W32;Шёпот времени;WB;1950;78;5
2026-W32;Тихий сад;Litres;2094;83.76;6
2026-W32;Северный экспресс;Ozon;3143;125.72;7
2026-W32;Дом у маяка;WB;2392;95.68;8
2026-W32;Игры разума;Litres;4860;194.4;9
2026-W32;Шёпот времени;Ozon;1170;46.8;3
2026-W32;Тихий сад;WB;1396;55.84;4
2026-W32;Северный экспресс;Litres;2245;89.8;5
2026-W32;Дом у маяка;Ozon;1794;71.76;6
2026-W32;Игры разума;WB;3780;151.2;7
2026-W32;Шёпот времени;Litres;3120;124.8;8
2026-W32;Тихий сад;Ozon;3141;125.64;9
2026-W32;Северный экспресс;WB;1347;53.88;3
2026-W32;Дом у маяка;Litres;1196;47.84;4
2026-W32;Игры разума;Ozon;2700;108;5
2026-W32;Шёпот времени;WB;2340;93.6;6
2026-W32;Тихий сад;Litres;2443;97.72;7
2026-W32;Северный экспресс;Ozon;3592;143.68;8
2026-W32;Дом у маяка;WB;2691;107.64;9
2026-W32;Игры разума;Litres;1620;64.8;3
2026-W32;Шёпот времени;Ozon;1560;62.4;4
2026-W32;Тихий сад;WB;1745;69.8;5
2026-W32;Северный экспресс;Litres;2694;107.76;6
2026-W32;Дом у маяка;Ozon;2093;83.72;7
2026-W32;Игры разума;WB;4320;172.8;8
2026-W32;Шёпот времени;Litres;3510;140.4;9
2026-W32;Тихий сад;Ozon;1047;41.88;3
2026-W32;Северный экспресс;WB;1796;71.84;4
2026-W32;Дом у маяка;Litres;1495;59.8;5
2026-W32;Игры разума;Ozon;3240;129.6;6
2026-W32;Шёпот времени;WB;2730;109.2;7
2026-W32;Тихий сад;Litres;2792;111.68;8
2026-W32;Северный экспресс;Ozon;4041;161.64;9
2026-W32;Дом у маяка;WB;897;35.88;3
2026-W32;Игры разума;Litres;2160;86.4;4
2026-W32;Шёпот времени;Ozon;1950;78;5
2026-W32;Тихий сад;WB;2094;83.76;6
2026-W32;Северный экспресс;Litres;3143;125.72;7
2026-W32;Дом у маяка;Ozon;2392;95.68;8
2026-W32;Игры разума;WB;4860;194.4;9
2026-W32;Шёпот времени;Litres;1170;46.8;3
2026-W32;Тихий сад;Ozon;1396;55.84;4
2026-W32;Северный экспресс;WB;2245;89.8;5
2026-W32;Дом у маяка;Litres;1794;71.76;6
2026-W32;Игры разума;Ozon;3780;151.2;7
2026-W32;Шёпот времени;WB;3120;124.8;8
2026-W32;Тихий сад;Litres;3141;125.64;9
2026-W32;Северный экспресс;Ozon;1347;53.88;3
2026-W32;Дом у маяка;WB;1196;47.84;4
2026-W32;Игры разума;Litres;2700;108;5
2026-W32;Шёпот времени;Ozon;2340;93.6;6
2026-W32;Тихий сад;WB;2443;97.72;7
2026-W32;Северный экспресс;Litres;3592;143.68;8
2026-W32;Дом у маяка;Ozon;2691;107.64;9
2026-W32;Игры разума;WB;1620;64.8;3
2026-W32;Шёпот времени;Litres;1560;62.4;4
2026-W32;Тихий сад;Ozon;1745;69.8;5
2026-W32;Северный экспресс;WB;2694;107.76;6
2026-W32;Дом у маяка;Litres;2093;83.72;7
2026-W32;Игры разума;Ozon;4320;172.8;8
2026-W32;Шёпот времени;WB;3510;140.4;9
2026-W32;Тихий сад;Litres;1047;41.88;3
2026-W32;Северный экспресс;Ozon;1796;71.84;4
2026-W32;Дом у маяка;WB;1495;59.8;5
2026-W32;Игры разума;Litres;3240;129.6;6
2026-W32;Шёпот времени;Ozon;2730;109.2;7
2026-W32;Тихий сад;WB;2792;111.68;8
2026-W32;Северный экспресс;Litres;4041;161.64;9
2026-W32;Дом у маяка;Ozon;897;35.88;3
2026-W32;Игры разума;WB;2160;86.4;4
2026-W32;Шёпот времени;Litres;1950;78;5
2026-W32;Тихий сад;Ozon;2094;83.76;6
2026-W32;Северный экспресс;WB;3143;125.72;7
2026-W32;Дом у маяка;Litres;2392;95.68;8
2026-W32;Игры разума;Ozon;4860;194.4;9
2026-W32;Шёпот времени;WB;1170;46.8;3
2026-W32;Тихий сад;Litres;1396;55.84;4
2026-W32;Северный экспресс;Ozon;2245;89.8;5
2026-W32;Дом у маяка;WB;1794;71.76;6
2026-W32;Игры разума;Litres;3780;151.2;7
2026-W32;Шёпот времени;Ozon;3120;124.8;8
2026-W32;Тихий сад;WB;3141;125.64;9
2026-W32;Северный экспресс;Litres;1347;53.88;3
2026-W32;Дом у маяка;Ozon;1196;47.84;4
2026-W32;Игры разума;WB;2700;108;5
2026-W32;Шёпот времени;Litres;2340;93.6;6
2026-W32;Тихий сад;Ozon;2443;97.72;7
2026-W32;Северный экспресс;WB;3592;143.68;8
2026-W32;Дом у маяка;Litres;2691;107.64;9
2026-W32;Игры разума;Ozon;1620;64.8;3
2026-W32;Шёпот времени;WB;1560;62.4;4
2026-W32;Тихий сад;Litres;1745;69.8;5
2026-W32;Северный экспресс;Ozon;2694;107.76;6
2026-W32;Дом у маяка;WB;2093;83.72;7
2026-W32;Игры разума;Litres;4320;172.8;8
2026-W32;Шёпот времени;Ozon;3510;140.4;9
2026-W32;Тихий сад;WB;1047;41.88;3
2026-W32;Северный экспресс;Litres;1796;71.84;4
2026-W32;Дом у маяка;Ozon;1495;59.8;5
2026-W32;Игры разума;WB;3240;129.6;6
2026-W32;Шёпот времени;Litres;2730;109.2;7
2026-W32;Тихий сад;Ozon;2792;111.68;8
2026-W32;Северный экспресс;WB;4041;161.64;9
2026-W32;Дом у маяка;Litres;897;35.88;3
2026-W32;Игры разума;Ozon;2160;86.4;4
2026-W32;Шёпот времени;WB;1950;78;5
2026-W32;Тихий сад;Litres;2094;83.76;6
2026-W32;Северный экспресс;Ozon;3143;125.72;7
2026-W32;Дом у маяка;WB;2392;95.68;8
2026-W32;Игры разума;Litres;4860;194.4;9
2026-W32;Шёпот времени;Ozon;1170;46.8;3
2026-W32;Тихий сад;WB;1396;55.84;4
2026-W32;Северный экспресс;Litres;2245;89.8;5
2026-W32;Дом у маяка;Ozon;1794;71.76;6
2026-W32;Игры разума;WB;3780;151.2;7
2026-W32;Шёпот времени;Litres;3120;124.8;8
2026-W32;Тихий сад;Ozon;3141;125.64;9
2026-W32;Северный экспресс;WB;1347;53.88;3
2026-W32;Дом у маяка;Litres;1196;47.84;4
2026-W32;Игры разума;Ozon;2700;108;5
2026-W32;Шёпот времени;WB;2340;93.6;6
2026-W32;Тихий сад;Litres;2443;97.72;7
2026-W32;Северный экспресс;Ozon;3592;143.68;8
2026-W32;Дом у маяка;WB;2691;107.64;9
2026-W32;Игры разума;Litres;1620;64.8;3
2026-W32;Шёпот времени;Ozon;1560;62.4;4
2026-W32;Тихий сад;WB;1745;69.8;5
2026-W32;Северный экспресс;Litres;2694;107.76;6
2026-W32;Дом у маяка;Ozon;2093;83.72;7
2026-W32;Игры разума;WB;4320;172.8;8
2026-W32;Шёпот времени;Litres;3510;140.4;9
2026-W32;Тихий сад;Ozon;1047;41.88;3
2026-W32;Северный экспресс;WB;1796;71.84;4
2026-W32;Дом у маяка;Litres;1495;59.8;5
2026-W32;Игры разума;Ozon;3240;129.6;6
2026-W32;Шёпот времени;WB;2730;109.2;7
2026-W32;Тихий сад;Litres;2792;111.68;8
2026-W32;Северный экспресс;Ozon;4041;161.64;9
2026-W32;Дом у маяка;WB;897;35.88;3
2026-W32;Игры разума;Litres;2160;86.4;4
2026-W32;Шёпот времени;Ozon;1950;78;5
2026-W32;Тихий сад;WB;2094;83.76;6
2026-W32;Северный экспресс;Litres;3143;125.72;7
2026-W32;Дом у маяка;Ozon;2392;95.68;8
2026-W32;Игры разума;WB;4860;194.4;9
2026-W32;Шёпот времени;Litres;1170;46.8;3
2026-W32;Тихий сад;Ozon;1396;55.84;4
2026-W32;Северный экспресс;WB;2245;89.8;5
2026-W32;Дом у маяка;Litres;1794;71.76;6
2026-W32;Игры разума;Ozon;3780;151.2;7
2026-W32;Шёпот времени;WB;3120;124.8;8
2026-W32;Тихий сад;Litres;3141;125.64;9
2026-W32;Северный экспресс;Ozon;1347;53.88;3
2026-W32;Дом у маяка;WB;1196;47.84;4
2026-W32;Игры разума;Litres;2700;108;5
2026-W32;Шёпот времени;Ozon;2340;93.6;6
2026-W32;Тихий сад;WB;2443;97.72;7
2026-W32;Северный экспресс;Litres;3592;143.68;8
2026-W32;Дом у маяка;Ozon;2691;107.64;9
2026-W32;Игры разума;WB;1620;64.8;3
2026-W32;Шёпот времени;Litres;1560;62.4;4
2026-W32;Тихий сад;Ozon;1745;69.8;5
2026-W32;Северный экспресс;WB;2694;107.76;6
2026-W32;Дом у маяка;Litres;2093;83.72;7
2026-W32;Игры разума;Ozon;4320;172.8;8
2026-W32;Шёпот времени;WB;3510;140.4;9
2026-W32;Тихий сад;Litres;1047;41.88;3
2026-W32;Северный экспресс;Ozon;1796;71.84;4
2026-W32;Дом у маяка;WB;1495;59.8;5
2026-W32;Игры разума;Litres;3240;129.6;6
2026-W32;Шёпот времени;Ozon;2730;109.2;7
2026-W32;Тихий сад;WB;2792;111.68;8
2026-W32;Северный экспресс;Litres;4041;161.64;9
2026-W32;Дом у маяка;Ozon;897;35.88;3
2026-W32;Игры разума;WB;2160;86.4;4
2026-W32;Шёпот времени;Litres;1950;78;5
2026-W32;Тихий сад;Ozon;2094;83.76;6
2026-W32;Северный экспресс;WB;3143;125.72;7
2026-W32;Дом у маяка;Litres;2392;95.68;8
2026-W32;Игры разума;Ozon;4860;194.4;9
2026-W32;Шёпот времени;WB;1170;46.8;3
2026-W32;Тихий сад;Litres;1396;55.84;4
2026-W32;Северный экспресс;Ozon;2245;89.8;5
2026-W32;Дом у маяка;WB;1794;71.76;6
2026-W32;Игры разума;Litres;3780;151.2;7
2026-W32;Шёпот времени;Ozon;3120;124.8;8
2026-W32;Тихий сад;WB;3141;125.64;9
2026-W32;Северный экспресс;Litres;1347;53.88;3
2026-W32;Дом у маяка;Ozon;1196;47.84;4
2026-W32;Игры разума;WB;2700;108;5
2026-W32;Шёпот времени;Litres;2340;93.6;6
2026-W32;Тихий сад;Ozon;2443;97.72;7
2026-W32;Северный экспресс;WB;3592;143.68;8
2026-W32;Дом у маяка;Litres;2691;107.64;9
2026-W32;Игры разума;Ozon;1620;64.8;3
2026-W32;Шёпот времени;WB;1560;62.4;4
2026-W32;Тихий сад;Litres;1745;69.8;5
2026-W32;Северный экспресс;Ozon;2694;107.76;6
2026-W32;Дом у маяка;WB;2093;83.72;7
2026-W32;Игры разума;Litres;4320;172.8;8
2026-W32;Шёпот времени;Ozon;3510;140.4;9
2026-W32;Тихий сад;WB;1047;41.88;3
2026-W32;Северный экспресс;Litres;1796;71.84;4
2026-W32;Дом у маяка;Ozon;1495;59.8;5
2026-W32;Игры разума;WB;3240;129.6;6
2026-W32;Шёпот времени;Litres;2730;109.2;7
2026-W32;Тихий сад;Ozon;2792;111.68;8
2026-W32;Северный экспресс;WB;4041;161.64;9
2026-W32;Дом у маяка;Litres;897;35.88;3
2026-W32;Игры разума;Ozon;2160;86.4;4
2026-W32;Шёпот времени;WB;1950;78;5
2026-W32;Тихий сад;Litres;2094;83.76;6
2026-W32;Северный экспресс;Ozon;3143;125.72;7
2026-W32;Дом у маяка;WB;2392;95.68;8
2026-W32;Игры разума;Litres;4860;194.4;9
2026-W32;Шёпот времени;Ozon;1170;46.8;3
2026-W32;Тихий сад;WB;1396;55.84;4
2026-W32;Северный экспресс;Litres;2245;89.8;5
2026-W32;Дом у маяка;Ozon;1794;71.76;6
2026-W32;Игры разума;WB;3780;151.2;7
2026-W32;Шёпот времени;Litres;3120;124.8;8
2026-W32;Тихий сад;Ozon;3141;125.64;9
2026-W32;Северный экспресс;WB;1347;53.88;3
2026-W32;Дом у маяка;Litres;1196;47.84;4
2026-W32;Игры разума;Ozon;2700;108;5
2026-W32;Шёпот времени;WB;2340;93.6;6
2026-W32;Тихий сад;Litres;2443;97.72;7
2026-W32;Северный экспресс;Ozon;3592;143.68;8
2026-W32;Дом у маяка;WB;2691;107.64;9
2026-W32;Игры разума;Litres;1620;64.8;3
2026-W32;Шёпот времени;Ozon;1560;62.4;4
2026-W32;Тихий сад;WB;1745;69.8;5
2026-W32;Северный экспресс;Litres;2694;107.76;6
2026-W32;Дом у маяка;Ozon;2093;83.72;7
2026-W32;Игры разума;WB;4320;172.8;8
2026-W32;Шёпот времени;Litres;3510;140.4;9
2026-W32;Тихий сад;Ozon;1047;41.88;3
2026-W32;Северный экспресс;WB;1796;71.84;4
2026-W32;Дом у маяка;Litres;1495;59.8;5
2026-W32;Игры разума;Ozon;3240;129.6;6
2026-W32;Шёпот времени;WB;2730;109.2;7
2026-W32;Тихий сад;Litres;2792;111.68;8
2026-W32;Северный экспресс;Ozon;4041;161.64;9
2026-W32;Дом у маяка;WB;897;35.88;3
2026-W32;Игры разума;Litres;2160;86.4;4
2026-W32;Шёпот времени;Ozon;1950;78;5
2026-W32;Тихий сад;WB;2094;83.76;6
2026-W32;Северный экспресс;Litres;3143;125.72;7
2026-W32;Дом у маяка;Ozon;2392;95.68;8
2026-W32;Игры разума;WB;4860;194.4;9
2026-W32;Шёпот времени;Litres;1170;46.8;3
2026-W32;Тихий сад;Ozon;1396;55.84;4
2026-W32;Северный экспресс;WB;2245;89.8;5
2026-W32;Дом у маяка;Litres;1794;71.76;6
2026-W32;Игры разума;Ozon;3780;151.2;7
2026-W32;Шёпот времени;WB;3120;124.8;8
2026-W32;Тихий сад;Litres;3141;125.64;9
2026-W32;Северный экспресс;Ozon;1347;53.88;3
2026-W32;Дом у маяка;WB;1196;47.84;4
2026-W32;Игры разума;Litres;2700;108;5
2026-W32;Шёпот времени;Ozon;2340;93.6;6
2026-W32;Тихий сад;WB;2443;97.72;7
2026-W32;Северный экспресс;Litres;3592;143.68;8
2026-W32;Дом у маяка;Ozon;2691;107.64;9
2026-W32;Игры разума;WB;1620;64.8;3
2026-W32;Шёпот времени;Litres;1560;62.4;4
2026-W32;Тихий сад;Ozon;1745;69.8;5
2026-W32;Северный экспресс;WB;2694;107.76;6
2026-W32;Дом у маяка;Litres;2093;83.72;7
2026-W32;Игры разума;Ozon;4320;172.8;8
2026-W32;Шёпот времени;WB;3510;140.4;9
2026-W32;Тихий сад;Litres;1047;41.88;3
2026-W32;Северный экспресс;Ozon;1796;71.84;4
2026-W32;Дом у маяка;WB;1495;59.8;5
2026-W32;Игры разума;Litres;3240;129.6;6
2026-W32;Шёпот времени;Ozon;2730;109.2;7
2026-W32;Тихий сад;WB;2792;111.68;8
2026-W32;Северный экспресс;Litres;4041;161.64;9
2026-W32;Дом у маяка;Ozon;897;35.88;3
2026-W32;Игры разума;WB;2160;86.4;4
2026-W32;Шёпот времени;Litres;1950;78;5
2026-W32;Тихий сад;Ozon;2094;83.76;6
2026-W32;Северный экспресс;WB;3143;125.72;7
2026-W32;Дом у маяка;Litres;2392;95.68;8
2026-W32;Игры разума;Ozon;4860;194.4;9
2026-W32;Шёпот времени;WB;1170;46.8;3
2026-W32;Тихий сад;Litres;1396;55.84;4
2026-W32;Северный экспресс;Ozon;2245;89.8;5
2026-W32;Дом у маяка;WB;1794;71.76;6
2026-W32;Игры разума;Litres;3780;151.2;7
2026-W32;Шёпот времени;Ozon;3120;124.8;8
2026-W32;Тихий сад;WB;3141;125.64;9
2026-W32;Северный экспресс;Litres;1347;53.88;3
2026-W32;Дом у маяка;Ozon;1196;47.84;4
2026-W32;Игры разума;WB;2700;108;5
2026-W32;Шёпот времени;Litres;2340;93.6;6
2026-W32;Тихий сад;Ozon;2443;97.72;7
2026-W32;Северный экспресс;WB;3592;143.68;8
2026-W32;Дом у маяка;Litres;2691;107.64;9
2026-W32;Игры разума;Ozon;1620;64.8;3
2026-W32;Шёпот времени;WB;1560;62.4;4
2026-W32;Тихий сад;Litres;1745;69.8;5
2026-W32;Северный экспресс;Ozon;2694;107.76;6
2026-W32;Дом у маяка;WB;2093;83.72;7
2026-W32;Игры разума;Litres;4320;172.8;8
2026-W32;Шёпот времени;Ozon;3510;140.4;9
2026-W32;Тихий сад;WB;1047;41.88;3
2026-W32;Северный экспресс;Litres;1796;71.84;4
2026-W32;Дом у маяка;Ozon;1495;59.8;5
2026-W32;Игры разума;WB;3240;129.6;6
2026-W32;Шёпот времени;Litres;2730;109.2;7
2026-W32;Тихий сад;Ozon;2792;111.68;8
2026-W32;Северный экспресс;WB;4041;161.64;9
2026-W32;Дом у маяка;Litres;897;35.88;3
2026-W32;Игры разума;Ozon;2160;86.4;4
2026-W32;Шёпот времени;WB;1950;78;5
2026-W32;Тихий сад;Litres;2094;83.76;6
2026-W32;Северный экспресс;Ozon;3143;125.72;7
2026-W32;Дом у маяка;WB;2392;95.68;8
2026-W32;Игры разума;Litres;4860;194.4;9
2026-W32;Шёпот времени;Ozon;1170;46.8;3
2026-W32;Тихий сад;WB;1396;55.84;4
2026-W32;Северный экспресс;Litres;2245;89.8;5
2026-W32;Дом у маяка;Ozon;1794;71.76;6
2026-W32;Игры разума;WB;3780;151.2;7
2026-W32;Шёпот времени;Litres;3120;124.8;8
2026-W32;Тихий сад;Ozon;3141;125.64;9
2026-W32;Северный экспресс;WB;1347;53.88;3
2026-W32;Дом у маяка;Litres;1196;47.84;4
2026-W32;Игры разума;Ozon;2700;108;5
2026-W32;Шёпот времени;WB;2340;93.6;6
2026-W32;Тихий сад;Litres;2443;97.72;7
2026-W32;Северный экспресс;Ozon;3592;143.68;8
2026-W32;Дом у маяка;WB;2691;107.64;9
2026-W32;Игры разума;Litres;1620;64.8;3
2026-W32;Шёпот времени;Ozon;1560;62.4;4
2026-W32;Тихий сад;WB;1745;69.8;5
2026-W32;Северный экспресс;Litres;2694;107.76;6
2026-W32;Дом у маяка;Ozon;2093;83.72;7
2026-W32;Игры разума;WB;4320;172.8;8
2026-W32;Шёпот времени;Litres;3510;140.4;9
2026-W32;Тихий сад;Ozon;1047;41.88;3
2026-W32;Северный экспресс;WB;1796;71.84;4
2026-W32;Дом у маяка;Litres;1495;59.8;5
2026-W32;Игры разума;Ozon;3240;129.6;6
2026-W32;Шёпот времени;WB;2730;109.2;7
2026-W32;Тихий сад;Litres;2792;111.68;8
2026-W32;Северный экспресс;Ozon;4041;161.64;9
2026-W32;Дом у маяка;WB;897;35.88;3
2026-W32;Игры разума;Litres;2160;86.4;4
2026-W32;Шёпот времени;Ozon;1950;78;5
2026-W32;Тихий сад;WB;2094;83.76;6
2026-W32;Северный экспресс;Litres;3143;125.72;7
2026-W32;Дом у маяка;Ozon;2392;95.68;8
2026-W32;Игры разума;WB;4860;194.4;9
2026-W32;Шёпот времени;Litres;1170;46.8;3
2026-W32;Тихий сад;Ozon;1396;55.84;4
2026-W32;Северный экспресс;WB;2245;89.8;5
2026-W32;Дом у маяка;Litres;1794;71.76;6
2026-W32;Игры разума;Ozon;3780;151.2;7
2026-W32;Шёпот времени;WB;3120;124.8;8
2026-W32;Тихий сад;Litres;3141;125.64;9
2026-W32;Северный экспресс;Ozon;1347;53.88;3
2026-W32;Дом у маяка;WB;1196;47.84;4
2026-W32;Игры разума;Litres;2700;108;5
2026-W32;Шёпот времени;Ozon;2340;93.6;6
2026-W32;Тихий сад;WB;2443;97.72;7
2026-W32;Северный экспресс;Litres;3592;143.68;8
2026-W32;Дом у маяка;Ozon;2691;107.64;9
2026-W32;Игры разума;WB;1620;64.8;3
2026-W32;Шёпот времени;Litres;1560;62.4;4
2026-W32;Тихий сад;Ozon;1745;69.8;5
2026-W32;Северный экспресс;WB;2694;107.76;6
2026-W32;Дом у маяка;Litres;2093;83.72;7
2026-W32;Игры разума;Ozon;4320;172.8;8
2026-W32;Шёпот времени;WB;3510;140.4;9
2026-W32;Тихий сад;Litres;1047;41.88;3
2026-W32;Северный экспресс;Ozon;1796;71.84;4
2026-W32;Дом у маяка;WB;1495;59.8;5
2026-W32;Игры разума;Litres;3240;129.6;6
2026-W32;Шёпот времени;Ozon;2730;109.2;7
2026-W32;Тихий сад;WB;2792;111.68;8
2026-W32;Северный экспресс;Litres;4041;161.64;9
2026-W32;Дом у маяка;Ozon;897;35.88;3
2026-W32;Игры разума;WB;2160;86.4;4
2026-W32;Шёпот времени;Litres;1950;78;5
2026-W32;Тихий сад;Ozon;2094;83.76;6
2026-W32;Северный экспресс;WB;3143;125.72;7
2026-W32;Дом у маяка;Litres;2392;95.68;8
2026-W32;Игры разума;Ozon;4860;194.4;9
2026-W32;Шёпот времени;WB;1170;46.8;3
2026-W32;Тихий сад;Litres;1396;55.84;4
2026-W32;Северный экспресс;Ozon;2245;89.8;5
2026-W32;Дом у маяка;WB;1794;71.76;6
2026-W32;Игры разума;Litres;3780;151.2;7
2026-W32;Шёпот времени;Ozon;3120;124.8;8
2026-W32;Тихий сад;WB;3141;125.64;9
2026-W32;Северный экспресс;Litres;1347;53.88;3
2026-W32;Дом у маяка;Ozon;1196;47.84;4
2026-W32;Игры разума;WB;2700;108;5
2026-W32;Шёпот времени;Litres;2340;93.6;6
2026-W32;Тихий сад;Ozon;2443;97.72;7
2026-W32;Северный экспресс;WB;3592;143.68;8
2026-W32;Дом у маяка;Litres;2691;107.64;9
2026-W32;Игры разума;Ozon;1620;64.8;3
2026-W32;Шёпот времени;WB;1560;62.4;4
2026-W32;Тихий сад;Litres;1745;69.8;5
2026-W32;Северный экспресс;Ozon;2694;107.76;6
2026-W32;Дом у маяка;WB;2093;83.72;7
2026-W32;Игры разума;Litres;4320;172.8;8
2026-W32;Шёпот времени;Ozon;3510;140.4;9
2026-W32;Тихий сад;WB;1047;41.88;3
2026-W32;Северный экспресс;Litres;1796;71.84;4
2026-W32;Дом у маяка;Ozon;1495;59.8;5
2026-W32;Игры разума;WB;3240;129.6;6
2026-W32;Шёпот времени;Litres;2730;109.2;7
2026-W32;Тихий сад;Ozon;2792;111.68;8
2026-W32;Северный экспресс;WB;4041;161.64;9
2026-W32;Дом у маяка;Litres;897;35.88;3
2026-W32;Игры разума;Ozon;2160;86.4;4
2026-W32;Шёпот времени;WB;1950;78;5
2026-W32;Тихий сад;Litres;2094;83.76;6
2026-W32;Северный экспресс;Ozon;3143;125.72;7
2026-W32;Дом у маяка;WB;2392;95.68;8
2026-W32;Игры разума;Litres;4860;194.4;9
2026-W32;Шёпот времени;Ozon;1170;46.8;3
2026-W32;Тихий сад;WB;1396;55.84;4
2026-W32;Северный экспресс;Litres;2245;89.8;5
2026-W32;Дом у маяка;Ozon;1794;71.76;6
2026-W32;Игры разума;WB;3780;151.2;7
2026-W32;Шёпот времени;Litres;3120;124.8;8
2026-W32;Тихий сад;Ozon;3141;125.64;9
2026-W32;Северный экспресс;WB;1347;53.88;3
2026-W32;Дом у маяка;Litres;1196;47.84;4
2026-W32;Игры разума;Ozon;2700;108;5
2026-W32;Шёпот времени;WB;2340;93.6;6
2026-W32;Тихий сад;Litres;2443;97.72;7
2026-W32;Северный экспресс;Ozon;3592;143.68;8
2026-W32;Дом у маяка;WB;2691;107.64;9
2026-W32;Игры разума;Litres;1620;64.8;3
2026-W32;Шёпот времени;Ozon;1560;62.4;4
2026-W32;Тихий сад;WB;1745;69.8;5
2026-W32;Северный экспресс;Litres;2694;107.76;6
2026-W32;Дом у маяка;Ozon;2093;83.72;7
2026-W32;Игры разума;WB;4320;172.8;8
2026-W32;Шёпот времени;Litres;3510;140.4;9
2026-W32;Тихий сад;Ozon;1047;41.88;3
2026-W32;Северный экспресс;WB;1796;71.84;4
2026-W32;Дом у маяка;Litres;1495;59.8;5
2026-W32;Игры разума;Ozon;3240;129.6;6
2026-W32;Шёпот времени;WB;2730;109.2;7
2026-W32;Тихий сад;Litres;2792;111.68;8
2026-W32;Северный экспресс;Ozon;4041;161.64;9
2026-W32;Дом у маяка;WB;897;35.88;3
2026-W32;Игры разума;Litres;2160;86.4;4
2026-W32;Шёпот времени;Ozon;1950;78;5
2026-W32;Тихий сад;WB;2094;83.76;6
2026-W32;Северный экспресс;Litres;3143;125.72;7
2026-W32;Дом у маяка;Ozon;2392;95.68;8
2026-W32;Игры разума;WB;4860;194.4;9
2026-W32;Шёпот времени;Litres;1170;46.8;3
2026-W32;Тихий сад;Ozon;1396;55.84;4
2026-W32;Северный экспресс;WB;2245;89.8;5
2026-W32;Дом у маяка;Litres;1794;71.76;6
2026-W32;Игры разума;Ozon;3780;151.2;7
2026-W32;Шёпот времени;WB;3120;124.8;8
2026-W32;Тихий сад;Litres;3141;125.64;9
2026-W32;Северный экспресс;Ozon;1347;53.88;3
2026-W32;Дом у маяка;WB;1196;47.84;4
2026-W32;Игры разума;Litres;2700;108;5
2026-W32;Шёпот времени;Ozon;2340;93.6;6
2026-W32;Тихий сад;WB;2443;97.72;7
2026-W32;Северный экспресс;Litres;3592;143.68;8
2026-W32;Дом у маяка;Ozon;2691;107.64;9
2026-W32;Игры разума;WB;1620;64.8;3
2026-W32;Шёпот времени;Litres;1560;62.4;4
2026-W32;Тихий сад;Ozon;1745;69.8;5
2026-W32;Северный экспресс;WB;2694;107.76;6
2026-W32;Дом у маяка;Litres;2093;83.72;7
2026-W32;Игры разума;Ozon;4320;172.8;8
2026-W32;Шёпот времени;WB;3510;140.4;9
2026-W32;Тихий сад;Litres;1047;41.88;3
2026-W32;Северный экспресс;Ozon;1796;71.84;4
2026-W32;Дом у маяка;WB;1495;59.8;5
2026-W32;Игры разума;Litres;3240;129.6;6
2026-W32;Шёпот времени;Ozon;2730;109.2;7
2026-W32;Тихий сад;WB;2792;111.68;8
2026-W32;Северный экспресс;Litres;4041;161.64;9
2026-W32;Дом у маяка;Ozon;897;35.88;3
2026-W32;Игры разума;WB;2160;86.4;4
2026-W32;Шёпот времени;Litres;1950;78;5
2026-W32;Тихий сад;Ozon;2094;83.76;6
2026-W32;Северный экспресс;WB;3143;125.72;7
2026-W32;Дом у маяка;Litres;2392;95.68;8
2026-W32;Игры разума;Ozon;4860;194.4;9
2026-W32;Шёпот времени;WB;1170;46.8;3
2026-W32;Тихий сад;Litres;1396;55.84;4
2026-W32;Северный экспресс;Ozon;2245;89.8;5
2026-W32;Дом у маяка;WB;1794;71.76;6
2026-W32;Игры разума;Litres;3780;151.2;7
2026-W32;Шёпот времени;Ozon;3120;124.8;8
2026-W32;Тихий сад;WB;3141;125.64;9
2026-W32;Северный экспресс;Litres;1347;53.88;3
2026-W32;Дом у маяка;Ozon;1196;47.84;4
2026-W32;Игры разума;WB;2700;108;5
2026-W32;Шёпот времени;Litres;2340;93.6;6
2026-W32;Тихий сад;Ozon;2443;97.72;7
2026-W32;Северный экспресс;WB;3592;143.68;8
2026-W32;Дом у маяка;Litres;2691;107.64;9
2026-W32;Игры разума;Ozon;1620;64.8;3
2026-W32;Шёпот времени;WB;1560;62.4;4
2026-W32;Тихий сад;Litres;1745;69.8;5
2026-W32;Северный экспресс;Ozon;2694;107.76;6
2026-W32;Дом у маяка;WB;2093;83.72;7
2026-W32;Игры разума;Litres;4320;172.8;8
2026-W32;Шёпот времени;Ozon;3510;140.4;9
2026-W32;Тихий сад;WB;1047;41.88;3
2026-W32;Северный экспресс;Litres;1796;71.84;4
2026-W32;Дом у маяка;Ozon;1495;59.8;5
2026-W32;Игры разума;WB;3240;129.6;6
2026-W32;Шёпот времени;Litres;2730;109.2;7
2026-W32;Тихий сад;Ozon;2792;111.68;8
2026-W32;Северный экспресс;WB;4041;161.64;9
2026-W32;Дом у маяка;Litres;897;35.88;3
2026-W32;Игры разума;Ozon;2160;86.4;4
2026-W32;Шёпот времени;WB;1950;78;5
2026-W32;Тихий сад;Litres;2094;83.76;6
2026-W32;Северный экспресс;Ozon;3143;125.72;7
2026-W32;Дом у маяка;WB;2392;95.68;8
2026-W32;Игры разума;Litres;4860;194.4;9
2026-W32;Шёпот времени;Ozon;1170;46.8;3
2026-W32;Тихий сад;WB;1396;55.84;4
2026-W32;Северный экспресс;Litres;2245;89.8;5
2026-W32;Дом у маяка;Ozon;1794;71.76;6
2026-W32;Игры разума;WB;3780;151.2;7
2026-W32;Шёпот времени;Litres;3120;124.8;8
2026-W32;Тихий сад;Ozon;3141;125.64;9
2026-W32;Северный экспресс;WB;1347;53.88;3
2026-W32;Дом у маяка;Litres;1196;47.84;4
2026-W32;Игры разума;Ozon;2700;108;5
2026-W32;Шёпот времени;WB;2340;93.6;6
2026-W32;Тихий сад;Litres;2443;97.72;7
2026-W32;Северный экспресс;Ozon;3592;143.68;8
2026-W32;Дом у маяка;WB;2691;107.64;9
2026-W32;Игры разума;Litres;1620;64.8;3
2026-W32;Шёпот времени;Ozon;1560;62.4;4
2026-W32;Тихий сад;WB;1745;69.8;5
2026-W32;Северный экспресс;Litres;2694;107.76;6
2026-W32;Дом у маяка;Ozon;2093;83.72;7
2026-W32;Игры разума;WB;4320;172.8;8
2026-W32;Шёпот времени;Litres;3510;140.4;9
2026-W32;Тихий сад;Ozon;1047;41.88;3
2026-W32;Северный экспресс;WB;1796;71.84;4
2026-W32;Дом у маяка;Litres;1495;59.8;5
2026-W32;Игры разума;Ozon;3240;129.6;6
2026-W32;Шёпот времени;WB;2730;109.2;7
2026-W32;Тихий сад;Litres;2792;111.68;8
2026-W32;Северный экспресс;Ozon;4041;161.64;9
2026-W32;Дом у маяка;WB;897;35.88;3
2026-W32;Игры разума;Litres;2160;86.4;4
2026-W32;Шёпот времени;Ozon;1950;78;5
2026-W32;Тихий сад;WB;2094;83.76;6
2026-W32;Северный экспресс;Litres;3143;125.72;7
2026-W32;Дом у маяка;Ozon;2392;95.68;8
2026-W32;Игры разума;WB;4860;194.4;9
2026-W32;Шёпот времени;Litres;1170;46.8;3
2026-W32;Тихий сад;Ozon;1396;55.84;4
2026-W32;Северный экспресс;WB;2245;89.8;5
2026-W32;Дом у маяка;Litres;1794;71.76;6
2026-W32;Игры разума;Ozon;3780;151.2;7
2026-W32;Шёпот времени;WB;3120;124.8;8
2026-W32;Тихий сад;Litres;3141;125.64;9
2026-W32;Северный экспресс;Ozon;1347;53.88;3
2026-W32;Дом у маяка;WB;1196;47.84;4
2026-W32;Игры разума;Litres;2700;108;5
2026-W32;Шёпот времени;Ozon;2340;93.6;6
2026-W32;Тихий сад;WB;2443;97.72;7
2026-W32;Северный экспресс;Litres;3592;143.68;8
2026-W32;Дом у маяка;Ozon;2691;107.64;9
2026-W32;Игры разума;WB;1620;64.8;3
2026-W32;Шёпот времени;Litres;1560;62.4;4
2026-W32;Тихий сад;Ozon;1745;69.8;5
2026-W32;Северный экспресс;WB;2694;107.76;6
2026-W32;Дом у маяка;Litres;2093;83.72;7
2026-W32;Игры разума;Ozon;4320;172.8;8
2026-W32;Шёпот времени;WB;3510;140.4;9
2026-W32;Тихий сад;Litres;1047;41.88;3
2026-W32;Северный экспресс;Ozon;1796;71.84;4
2026-W32;Дом у маяка;WB;1495;59.8;5
2026-W32;Игры разума;Litres;3240;129.6;6
2026-W32;Шёпот времени;Ozon;2730;109.2;7
2026-W32;Тихий сад;WB;2792;111.68;8
2026-W32;Северный экспресс;Litres;4041;161.64;9
2026-W32;Дом у маяка;Ozon;897;35.88;3
2026-W32;Игры разума;WB;2160;86.4;4
2026-W32;Шёпот времени;Litres;1950;78;5
2026-W32;Тихий сад;Ozon;2094;83.76;6
2026-W32;Северный экспресс;WB;3143;125.72;7
2026-W32;Дом у маяка;Litres;2392;95.68;8
2026-W32;Игры разума;Ozon;4860;194.4;9
2026-W32;Шёпот времени;WB;1170;46.8;3
2026-W32;Тихий сад;Litres;1396;55.84;4
2026-W32;Северный экспресс;Ozon;2245;89.8;5
2026-W32;Дом у маяка;WB;1794;71.76;6
2026-W32;Игры разума;Litres;3780;151.2;7
2026-W32;Шёпот времени;Ozon;3120;124.8;8
2026-W32;Тихий сад;WB;3141;125.64;9
2026-W32;Северный экспресс;Litres;1347;53.88;3
2026-W32;Дом у маяка;Ozon;1196;47.84;4
2026-W32;Игры разума;WB;2700;108;5
2026-W32;Шёпот времени;Litres;2340;93.6;6
2026-W32;Тихий сад;Ozon;2443;97.72;7
2026-W32;Северный экспресс;WB;3592;143.68;8
2026-W32;Дом у маяка;Litres;2691;107.64;9
2026-W32;Игры разума;Ozon;1620;64.8;3
2026-W32;Шёпот времени;WB;1560;62.4;4
2026-W32;Тихий сад;Litres;1745;69.8;5
2026-W32;Северный экспресс;Ozon;2694;107.76;6
2026-W32;Дом у маяка;WB;2093;83.72;7
2026-W32;Игры разума;Litres;4320;172.8;8
2026-W32;Шёпот времени;Ozon;3510;140.4;9
2026-W32;Тихий сад;WB;1047;41.88;3
2026-W32;Северный экспресс;Litres;1796;71.84;4
2026-W32;Дом у маяка;Ozon;1495;59.8;5
2026-W32;Игры разума;WB;3240;129.6;6
2026-W32;Шёпот времени;Litres;2730;109.2;7
2026-W32;Тихий сад;Ozon;2792;111.68;8
2026-W32;Северный экспресс;WB;4041;161.64;9
2026-W32;Дом у маяка;Litres;897;35.88;3
2026-W32;Игры разума;Ozon;2160;86.4;4
2026-W32;Шёпот времени;WB;1950;78;5
2026-W32;Тихий сад;Litres;2094;83.76;6
2026-W32;Северный экспресс;Ozon;3143;125.72;7
2026-W32;Дом у маяка;WB;2392;95.68;8
2026-W32;Игры разума;Litres;4860;194.4;9
2026-W32;Шёпот времени;Ozon;1170;46.8;3
2026-W32;Тихий сад;WB;1396;55.84;4
2026-W32;Северный экспресс;Litres;2245;89.8;5
2026-W32;Дом у маяка;Ozon;1794;71.76;6
2026-W32;Игры разума;WB;3780;151.2;7
2026-W32;Шёпот времени;Litres;3120;124.8;8
2026-W32;Тихий сад;Ozon;3141;125.64;9
2026-W32;Северный экспресс;WB;1347;53.88;3
2026-W32;Дом у маяка;Litres;1196;47.84;4
2026-W32;Игры разума;Ozon;2700;108;5
2026-W32;Шёпот времени;WB;2340;93.6;6
2026-W32;Тихий сад;Litres;2443;97.72;7
2026-W32;Северный экспресс;Ozon;3592;143.68;8
2026-W32;Дом у маяка;WB;2691;107.64;9
2026-W32;Игры разума;Litres;1620;64.8;3
2026-W32;Шёпот времени;Ozon;1560;62.4;4
2026-W32;Тихий сад;WB;1745;69.8;5
2026-W32;Северный экспресс;Litres;2694;107.76;6
2026-W32;Дом у маяка;Ozon;2093;83.72;7
2026-W32;Игры разума;WB;4320;172.8;8
2026-W32;Шёпот времени;Litres;3510;140.4;9
2026-W32;Тихий сад;Ozon;1047;41.88;3
2026-W32;Северный экспресс;WB;1796;71.84;4
2026-W32;Дом у маяка;Litres;1495;59.8;5
2026-W32;Игры разума;Ozon;3240;129.6;6
2026-W32;Шёпот времени;WB;2730;109.2;7
2026-W32;Тихий сад;Litres;2792;111.68;8
2026-W32;Северный экспресс;Ozon;4041;161.64;9
2026-W32;Дом у маяка;WB;897;35.88;3
2026-W32;Игры разума;Litres;2160;86.4;4
2026-W32;Шёпот времени;Ozon;1950;78;5
2026-W32;Тихий сад;WB;2094;83.76;6
2026-W32;Северный экспресс;Litres;3143;125.72;7
2026-W32;Дом у маяка;Ozon;2392;95.68;8
2026-W32;Игры разума;WB;4860;194.4;9
2026-W32;Шёпот времени;Litres;1170;46.8;3
2026-W32;Тихий сад;Ozon;1396;55.84;4
2026-W32;Северный экспресс;WB;2245;89.8;5
2026-W32;Дом у маяка;Litres;1794;71.76;6
2026-W32;Игры разума;Ozon;3780;151.2;7
2026-W32;Шёпот времени;WB;3120;124.8;8
2026-W32;Тихий сад;Litres;3141;125.64;9
2026-W32;Северный экспресс;Ozon;1347;53.88;3
2026-W32;Дом у маяка;WB;1196;47.84;4
2026-W32;Игры разума;Litres;2700;108;5
2026-W32;Шёпот времени;Ozon;2340;93.6;6
2026-W32;Тихий сад;WB;2443;97.72;7
2026-W32;Северный экспресс;Litres;3592;143.68;8
2026-W32;Дом у маяка;Ozon;2691;107.64;9
2026-W32;Игры разума;WB;1620;64.8;3
2026-W32;Шёпот времени;Litres;1560;62.4;4
2026-W32;Тихий сад;Ozon;1745;69.8;5
2026-W32;Северный экспресс;WB;2694;107.76;6
2026-W32;Дом у маяка;Litres;2093;83.72;7
2026-W32;Игры разума;Ozon;4320;172.8;8
2026-W32;Шёпот времени;WB;3510;140.4;9
2026-W32;Тихий сад;Litres;1047;41.88;3
2026-W32;Северный экспресс;Ozon;1796;71.84;4
2026-W32;Дом у маяка;WB;1495;59.8;5
2026-W32;Игры разума;Litres;3240;129.6;6
2026-W32;Шёпот времени;Ozon;2730;109.2;7
2026-W32;Тихий сад;WB;2792;111.68;8
2026-W32;Северный экспресс;Litres;4041;161.64;9
2026-W32;Дом у маяка;Ozon;897;35.88;3
2026-W32;Игры разума;WB;2160;86.4;4
2026-W32;Шёпот времени;Litres;1950;78;5
2026-W32;Тихий сад;Ozon;2094;83.76;6
2026-W32;Северный экспресс;WB;3143;125.72;7
2026-W32;Дом у маяка;Litres;2392;95.68;8
2026-W32;Игры разума;Ozon;4860;194.4;9
2026-W32;Шёпот времени;WB;1170;46.8;3
2026-W32;Тихий сад;Litres;1396;55.84;4
2026-W32;Северный экспресс;Ozon;2245;89.8;5
2026-W32;Дом у маяка;WB;1794;71.76;6
2026-W32;Игры разума;Litres;3780;151.2;7
2026-W32;Шёпот времени;Ozon;3120;124.8;8
2026-W32;Тихий сад;WB;3141;125.64;9
2026-W32;Северный экспресс;Litres;1347;53.88;3
2026-W32;Дом у маяка;Ozon;1196;47.84;4
2026-W32;Игры разума;WB;2700;108;5
2026-W32;Шёпот времени;Litres;2340;93.6;6
2026-W32;Тихий сад;Ozon;2443;97.72;7
2026-W32;Северный экспресс;WB;3592;143.68;8
2026-W32;Дом у маяка;Litres;2691;107.64;9
2026-W32;Игры разума;Ozon;1620;64.8;3
2026-W32;Шёпот времени;WB;1560;62.4;4
2026-W32;Тихий сад;Litres;1745;69.8;5
2026-W32;Северный экспресс;Ozon;2694;107.76;6
2026-W32;Дом у маяка;WB;2093;83.72;7
2026-W32;Игры разума;Litres;4320;172.8;8
2026-W32;Шёпот времени;Ozon;3510;140.4;9
2026-W32;Тихий сад;WB;1047;41.88;3
2026-W32;Северный экспресс;Litres;1796;71.84;4
2026-W32;Дом у маяка;Ozon;1495;59.8;5
2026-W32;Игры разума;WB;3240;129.6;6
2026-W32;Шёпот времени;Litres;2730;109.2;7
2026-W32;Тихий сад;Ozon;2792;111.68;8
2026-W32;Северный экспресс;WB;4041;161.64;9
2026-W32;Дом у маяка;Litres;897;35.88;3
2026-W32;Игры разума;Ozon;2160;86.4;4
2026-W32;Шёпот времени;WB;1950;78;5
2026-W32;Тихий сад;Litres;2094;83.76;6
2026-W32;Северный экспресс;Ozon;3143;125.72;7
2026-W32;Дом у маяка;WB;2392;95.68;8
2026-W32;Игры разума;Litres;4860;194.4;9
2026-W32;Шёпот времени;Ozon;1170;46.8;3
2026-W32;Тихий сад;WB;1396;55.84;4
2026-W32;Северный экспресс;Litres;2245;89.8;5
2026-W32;Дом у маяка;Ozon;1794;71.76;6
2026-W32;Игры разума;WB;3780;151.2;7
2026-W32;Шёпот времени;Litres;3120;124.8;8
2026-W32;Тихий сад;Ozon;3141;125.64;9
2026-W32;Северный экспресс;WB;1347;53.88;3
2026-W32;Дом у маяка;Litres;1196;47.84;4
2026-W32;Игры разума;Ozon;2700;108;5
2026-W32;Шёпот времени;WB;2340;93.6;6
2026-W32;Тихий сад;Litres;2443;97.72;7
2026-W32;Северный экспресс;Ozon;3592;143.68;8
2026-W32;Дом у маяка;WB;2691;107.64;9
2026-W32;Игры разума;Litres;1620;64.8;3
2026-W32;Шёпот времени;Ozon;1560;62.4;4
2026-W32;Тихий сад;WB;1745;69.8;5
2026-W32;Северный экспресс;Litres;2694;107.76;6
2026-W32;Дом у маяка;Ozon;2093;83.72;7
2026-W32;Игры разума;WB;4320;172.8;8
2026-W32;Шёпот времени;Litres;3510;140.4;9
2026-W32;Тихий сад;Ozon;1047;41.88;3
2026-W32;Северный экспресс;WB;1796;71.84;4
2026-W32;Дом у маяка;Litres;1495;59.8;5
2026-W32;Игры разума;Ozon;3240;129.6;6
2026-W32;Шёпот времени;WB;2730;109.2;7
2026-W32;Тихий сад;Litres;2792;111.68;8
2026-W32;Северный экспресс;Ozon;4041;161.64;9
2026-W32;Дом у маяка;WB;897;35.88;3
2026-W32;Игры разума;Litres;2160;86.4;4
2026-W32;Шёпот времени;Ozon;1950;78;5
2026-W32;Тихий сад;WB;2094;83.76;6
2026-W32;Северный экспресс;Litres;3143;125.72;7
2026-W32;Дом у маяка;Ozon;2392;95.68;8
2026-W32;Игры разума;WB;4860;194.4;9
2026-W32;Шёпот времени;Litres;1170;46.8;3
2026-W32;Тихий сад;Ozon;1396;55.84;4
2026-W32;Северный экспресс;WB;2245;89.8;5
2026-W32;Дом у маяка;Litres;1794;71.76;6
2026-W32;Игры разума;Ozon;3780;151.2;7
2026-W32;Шёпот времени;WB;3120;124.8;8
2026-W32;Тихий сад;Litres;3141;125.64;9
2026-W32;Северный экспресс;Ozon;1347;53.88;3
2026-W32;Дом у маяка;WB;1196;47.84;4
2026-W32;Игры разума;Litres;2700;108;5
2026-W32;Шёпот времени;Ozon;2340;93.6;6
2026-W32;Тихий сад;WB;2443;97.72;7
2026-W32;Северный экспресс;Litres;3592;143.68;8
2026-W32;Дом у маяка;Ozon;2691;107.64;9
2026-W32;Игры разума;WB;1620;64.8;3
2026-W32;Шёпот времени;Litres;1560;62.4;4
2026-W32;Тихий сад;Ozon;1745;69.8;5
2026-W32;Северный экспресс;WB;2694;107.76;6
2026-W32;Дом у маяка;Litres;2093;83.72;7
2026-W32;Игры разума;Ozon;4320;172.8;8
2026-W32;Шёпот времени;WB;3510;140.4;9
2026-W32;Тихий сад;Litres;1047;41.88;3
2026-W32;Северный экспресс;Ozon;1796;71.84;4
2026-W32;Дом у маяка;WB;1495;59.8;5
2026-W32;Игры разума;Litres;3240;129.6;6
2026-W32;Шёпот времени;Ozon;2730;109.2;7
2026-W32;Тихий сад;WB;2792;111.68;8
2026-W32;Северный экспресс;Litres;4041;161.64;9
2026-W32;Дом у маяка;Ozon;897;35.88;3
2026-W32;Игры разума;WB;2160;86.4;4
2026-W32;Шёпот времени;Litres;1950;78;5
2026-W32;Тихий сад;Ozon;2094;83.76;6
2026-W32;Северный экспресс;WB;3143;125.72;7
2026-W32;Дом у маяка;Litres;2392;95.68;8
2026-W32;Игры разума;Ozon;4860;194.4;9
2026-W32;Шёпот времени;WB;1170;46.8;3
2026-W32;Тихий сад;Litres;1396;55.84;4
2026-W32;Северный экспресс;Ozon;2245;89.8;5
2026-W32;Дом у маяка;WB;1794;71.76;6
2026-W32;Игры разума;Litres;3780;151.2;7
2026-W32;Шёпот времени;Ozon;3120;124.8;8
2026-W32;Тихий сад;WB;3141;125.64;9
2026-W32;Северный экспресс;Litres;1347;53.88;3
2026-W32;Дом у маяка;Ozon;1196;47.84;4
2026-W32;Игры разума;WB;2700;108;5
2026-W32;Шёпот времени;Litres;2340;93.6;6
2026-W33;Тихий сад;Ozon;2792;111.68;8
2026-W33;Северный экспресс;WB;4041;161.64;9
2026-W33;Дом у маяка;Litres;2990;119.6;10
2026-W33;Игры разума;Ozon;2160;86.4;4
2026-W33;Шёпот времени;WB;1950;78;5
2026-W33;Тихий сад;Litres;2094;83.76;6
2026-W33;Северный экспресс;Ozon;3143;125.72;7
2026-W33;Дом у маяка;WB;2392;95.68;8
2026-W33;Игры разума;Litres;4860;194.4;9
2026-W33;Шёпот времени;Ozon;3900;156;10
2026-W33;Тихий сад;WB;1396;55.84;4
2026-W33;Северный экспресс;Litres;2245;89.8;5
2026-W33;Дом у маяка;Ozon;1794;71.76;6
2026-W33;Игры разума;WB;3780;151.2;7
2026-W33;Шёпот времени;Litres;3120;124.8;8
2026-W33;Тихий сад;Ozon;3141;125.64;9
2026-W33;Северный экспресс;WB;4490;179.6;10
2026-W33;Дом у маяка;Litres;1196;47.84;4
2026-W33;Игры разума;Ozon;2700;108;5
2026-W33;Шёпот времени;WB;2340;93.6;6
2026-W33;Тихий сад;Litres;2443;97.72;7
2026-W33;Северный экспресс;Ozon;3592;143.68;8
2026-W33;Дом у маяка;WB;2691;107.64;9
2026-W33;Игры разума;Litres;5400;216;10
2026-W33;Шёпот времени;Ozon;1560;62.4;4
2026-W33;Тихий сад;WB;1745;69.8;5
2026-W33;Северный экспресс;Litres;2694;107.76;6
2026-W33;Дом у маяка;Ozon;2093;83.72;7
2026-W33;Игры разума;WB;4320;172.8;8
2026-W33;Шёпот времени;Litres;3510;140.4;9
2026-W33;Тихий сад;Ozon;3490;139.6;10
2026-W33;Северный экспресс;WB;1796;71.84;4
2026-W33;Дом у маяка;Litres;1495;59.8;5
2026-W33;Игры разума;Ozon;3240;129.6;6
2026-W33;Шёпот времени;WB;2730;109.2;7
2026-W33;Тихий сад;Litres;2792;111.68;8
2026-W33;Северный экспресс;Ozon;4041;161.64;9
2026-W33;Дом у маяка;WB;2990;119.6;10
2026-W33;Игры разума;Litres;2160;86.4;4
2026-W33;Шёпот времени;Ozon;1950;78;5
2026-W33;Тихий сад;WB;2094;83.76;6
2026-W33;Северный экспресс;Litres;3143;125.72;7
2026-W33;Дом у маяка;Ozon;2392;95.68;8
2026-W33;Игры разума;WB;4860;194.4;9
2026-W33;Шёпот времени;Litres;3900;156;10
2026-W33;Тихий сад;Ozon;1396;55.84;4
2026-W33;Северный экспресс;WB;2245;89.8;5
2026-W33;Дом у маяка;Litres;1794;71.76;6
2026-W33;Игры разума;Ozon;3780;151.2;7
2026-W33;Шёпот времени;WB;3120;124.8;8
2026-W33;Тихий сад;Litres;3141;125.64;9
2026-W33;Северный экспресс;Ozon;4490;179.6;10
2026-W33;Дом у маяка;WB;1196;47.84;4
2026-W33;Игры разума;Litres;2700;108;5
2026-W33;Шёпот времени;Ozon;2340;93.6;6
2026-W33;Тихий сад;WB;2443;97.72;7
2026-W33;Северный экспресс;Litres;3592;143.68;8
2026-W33;Дом у маяка;Ozon;2691;107.64;9
2026-W33;Игры разума;WB;5400;216;10
2026-W33;Шёпот времени;Litres;1560;62.4;4
2026-W33;Тихий сад;Ozon;1745;69.8;5
2026-W33;Северный экспресс;WB;2694;107.76;6
2026-W33;Дом у маяка;Litres;2093;83.72;7
2026-W33;Игры разума;Ozon;4320;172.8;8
2026-W33;Шёпот времени;WB;3510;140.4;9
2026-W33;Тихий сад;Litres;3490;139.6;10
2026-W33;Северный экспресс;Ozon;1796;71.84;4
2026-W33;Дом у маяка;WB;1495;59.8;5
2026-W33;Игры разума;Litres;3240;129.6;6
2026-W33;Шёпот времени;Ozon;2730;109.2;7
2026-W33;Тихий сад;WB;2792;111.68;8
2026-W33;Северный экспресс;Litres;4041;161.64;9
2026-W33;Дом у маяка;Ozon;2990;119.6;10
2026-W33;Игры разума;WB;2160;86.4;4
2026-W33;Шёпот времени;Litres;1950;78;5
2026-W33;Тихий сад;Ozon;2094;83.76;6
2026-W33;Северный экспресс;WB;3143;125.72;7
2026-W33;Дом у маяка;Litres;2392;95.68;8
2026-W33;Игры разума;Ozon;4860;194.4;9
2026-W33;Шёпот времени;WB;3900;156;10
2026-W33;Тихий сад;Litres;1396;55.84;4
2026-W33;Северный экспресс;Ozon;2245;89.8;5
2026-W33;Дом у маяка;WB;1794;71.76;6
2026-W33;Игры разума;Litres;3780;151.2;7
2026-W33;Шёпот времени;Ozon;3120;124.8;8
2026-W33;Тихий сад;WB;3141;125.64;9
2026-W33;Северный экспресс;Litres;4490;179.6;10
2026-W33;Дом у маяка;Ozon;1196;47.84;4
2026-W33;Игры разума;WB;2700;108;5
2026-W33;Шёпот времени;Litres;2340;93.6;6
2026-W33;Тихий сад;Ozon;2443;97.72;7
2026-W33;Северный экспресс;WB;3592;143.68;8
2026-W33;Дом у маяка;Litres;2691;107.64;9
2026-W33;Игры разума;Ozon;5400;216;10
2026-W33;Шёпот времени;WB;1560;62.4;4
2026-W33;Тихий сад;Litres;1745;69.8;5
2026-W33;Северный экспресс;Ozon;2694;107.76;6
2026-W33;Дом у маяка;WB;2093;83.72;7
2026-W33;Игры разума;Litres;4320;172.8;8
2026-W33;Шёпот времени;Ozon;3510;140.4;9
2026-W33;Тихий сад;WB;3490;139.6;10
2026-W33;Северный экспресс;Litres;1796;71.84;4
2026-W33;Дом у маяка;Ozon;1495;59.8;5
2026-W33;Игры разума;WB;3240;129.6;6
2026-W33;Шёпот времени;Litres;2730;109.2;7
2026-W33;Тихий сад;Ozon;2792;111.68;8
2026-W33;Северный экспресс;WB;4041;161.64;9
2026-W33;Дом у маяка;Litres;2990;119.6;10
2026-W33;Игры разума;Ozon;2160;86.4;4
2026-W33;Шёпот времени;WB;1950;78;5
2026-W33;Тихий сад;Litres;2094;83.76;6
2026-W33;Северный экспресс;Ozon;3143;125.72;7
2026-W33;Дом у маяка;WB;2392;95.68;8
2026-W33;Игры разума;Litres;4860;194.4;9
2026-W33;Шёпот времени;Ozon;3900;156;10
2026-W33;Тихий сад;WB;1396;55.84;4
2026-W33;Северный экспресс;Litres;2245;89.8;5
2026-W33;Дом у маяка;Ozon;1794;71.76;6
2026-W33;Игры разума;WB;3780;151.2;7
2026-W33;Шёпот времени;Litres;3120;124.8;8
2026-W33;Тихий сад;Ozon;3141;125.64;9
2026-W33;Северный экспресс;WB;4490;179.6;10
2026-W33;Дом у маяка;Litres;1196;47.84;4
2026-W33;Игры разума;Ozon;2700;108;5
2026-W33;Шёпот времени;WB;2340;93.6;6
2026-W33;Тихий сад;Litres;2443;97.72;7
2026-W33;Северный экспресс;Ozon;3592;143.68;8
2026-W33;Дом у маяка;WB;2691;107.64;9
2026-W33;Игры разума;Litres;5400;216;10
2026-W33;Шёпот времени;Ozon;1560;62.4;4
2026-W33;Тихий сад;WB;1745;69.8;5
2026-W33;Северный экспресс;Litres;2694;107.76;6
2026-W33;Дом у маяка;Ozon;2093;83.72;7
2026-W33;Игры разума;WB;4320;172.8;8
2026-W33;Шёпот времени;Litres;3510;140.4;9
2026-W33;Тихий сад;Ozon;3490;139.6;10
2026-W33;Северный экспресс;WB;1796;71.84;4
2026-W33;Дом у маяка;Litres;1495;59.8;5
2026-W33;Игры разума;Ozon;3240;129.6;6
2026-W33;Шёпот времени;WB;2730;109.2;7
2026-W33;Тихий сад;Litres;2792;111.68;8
2026-W33;Северный экспресс;Ozon;4041;161.64;9
2026-W33;Дом у маяка;WB;2990;119.6;10
2026-W33;Игры разума;Litres;2160;86.4;4
2026-W33;Шёпот времени;Ozon;1950;78;5
2026-W33;Тихий сад;WB;2094;83.76;6
2026-W33;Северный экспресс;Litres;3143;125.72;7
2026-W33;Дом у маяка;Ozon;2392;95.68;8
2026-W33;Игры разума;WB;4860;194.4;9
2026-W33;Шёпот времени;Litres;3900;156;10
2026-W33;Тихий сад;Ozon;1396;55.84;4
2026-W33;Северный экспресс;WB;2245;89.8;5
2026-W33;Дом у маяка;Litres;1794;71.76;6
2026-W33;Игры разума;Ozon;3780;151.2;7
2026-W33;Шёпот времени;WB;3120;124.8;8
2026-W33;Тихий сад;Litres;3141;125.64;9
2026-W33;Северный экспресс;Ozon;4490;179.6;10
2026-W33;Дом у маяка;WB;1196;47.84;4
2026-W33;Игры разума;Litres;2700;108;5
2026-W33;Шёпот времени;Ozon;2340;93.6;6
2026-W33;Тихий сад;WB;2443;97.72;7
2026-W33;Северный экспресс;Litres;3592;143.68;8
2026-W33;Дом у маяка;Ozon;2691;107.64;9
2026-W33;Игры разума;WB;5400;216;10
2026-W33;Шёпот времени;Litres;1560;62.4;4
2026-W33;Тихий сад;Ozon;1745;69.8;5
2026-W33;Северный экспресс;WB;2694;107.76;6
2026-W33;Дом у маяка;Litres;2093;83.72;7
2026-W33;Игры разума;Ozon;4320;172.8;8
2026-W33;Шёпот времени;WB;3510;140.4;9
2026-W33;Тихий сад;Litres;3490;139.6;10
2026-W33;Северный экспресс;Ozon;1796;71.84;4
2026-W33;Дом у маяка;WB;1495;59.8;5
2026-W33;Игры разума;Litres;3240;129.6;6
2026-W33;Шёпот времени;Ozon;2730;109.2;7
2026-W33;Тихий сад;WB;2792;111.68;8
2026-W33;Северный экспресс;Litres;4041;161.64;9
2026-W33;Дом у маяка;Ozon;2990;119.6;10
2026-W33;Игры разума;WB;2160;86.4;4
2026-W33;Шёпот времени;Litres;1950;78;5
2026-W33;Тихий сад;Ozon;2094;83.76;6
2026-W33;Северный экспресс;WB;3143;125.72;7
2026-W33;Дом у маяка;Litres;2392;95.68;8
2026-W33;Игры разума;Ozon;4860;194.4;9
2026-W33;Шёпот времени;WB;3900;156;10
2026-W33;Тихий сад;Litres;1396;55.84;4
2026-W33;Северный экспресс;Ozon;2245;89.8;5
2026-W33;Дом у маяка;WB;1794;71.76;6
2026-W33;Игры разума;Litres;3780;151.2;7
2026-W33;Шёпот времени;Ozon;3120;124.8;8
2026-W33;Тихий сад;WB;3141;125.64;9
2026-W33;Северный экспресс;Litres;4490;179.6;10
2026-W33;Дом у маяка;Ozon;1196;47.84;4
2026-W33;Игры разума;WB;2700;108;5
2026-W33;Шёпот времени;Litres;2340;93.6;6
2026-W33;Тихий сад;Ozon;2443;97.72;7
2026-W33;Северный экспресс;WB;3592;143.68;8
2026-W33;Дом у маяка;Litres;2691;107.64;9
2026-W33;Игры разума;Ozon;5400;216;10
2026-W33;Шёпот времени;WB;1560;62.4;4
2026-W33;Тихий сад;Litres;1745;69.8;5
2026-W33;Северный экспресс;Ozon;2694;107.76;6
2026-W33;Дом у маяка;WB;2093;83.72;7
2026-W33;Игры разума;Litres;4320;172.8;8
2026-W33;Шёпот времени;Ozon;3510;140.4;9
2026-W33;Тихий сад;WB;3490;139.6;10
2026-W33;Северный экспресс;Litres;1796;71.84;4
2026-W33;Дом у маяка;Ozon;1495;59.8;5
2026-W33;Игры разума;WB;3240;129.6;6
2026-W33;Шёпот времени;Litres;2730;109.2;7
2026-W33;Тихий сад;Ozon;2792;111.68;8
2026-W33;Северный экспресс;WB;4041;161.64;9
2026-W33;Дом у маяка;Litres;2990;119.6;10
2026-W33;Игры разума;Ozon;2160;86.4;4
2026-W33;Шёпот времени;WB;1950;78;5
2026-W33;Тихий сад;Litres;2094;83.76;6
2026-W33;Северный экспресс;Ozon;3143;125.72;7
2026-W33;Дом у маяка;WB;2392;95.68;8
2026-W33;Игры разума;Litres;4860;194.4;9
2026-W33;Шёпот времени;Ozon;3900;156;10
2026-W33;Тихий сад;WB;1396;55.84;4
2026-W33;Северный экспресс;Litres;2245;89.8;5
2026-W33;Дом у маяка;Ozon;1794;71.76;6
2026-W33;Игры разума;WB;3780;151.2;7
2026-W33;Шёпот времени;Litres;3120;124.8;8
2026-W33;Тихий сад;Ozon;3141;125.64;9
2026-W33;Северный экспресс;WB;4490;179.6;10
2026-W33;Дом у маяка;Litres;1196;47.84;4
2026-W33;Игры разума;Ozon;2700;108;5
2026-W33;Шёпот времени;WB;2340;93.6;6
2026-W33;Тихий сад;Litres;2443;97.72;7
2026-W33;Северный экспресс;Ozon;3592;143.68;8
2026-W33;Дом у маяка;WB;2691;107.64;9
2026-W33;Игры разума;Litres;5400;216;10
2026-W33;Шёпот времени;Ozon;1560;62.4;4
2026-W33;Тихий сад;WB;1745;69.8;5
2026-W33;Северный экспресс;Litres;2694;107.76;6
2026-W33;Дом у маяка;Ozon;2093;83.72;7
2026-W33;Игры разума;WB;4320;172.8;8
2026-W33;Шёпот времени;Litres;3510;140.4;9
2026-W33;Тихий сад;Ozon;3490;139.6;10
2026-W33;Северный экспресс;WB;1796;71.84;4
2026-W33;Дом у маяка;Litres;1495;59.8;5
2026-W33;Игры разума;Ozon;3240;129.6;6
2026-W33;Шёпот времени;WB;2730;109.2;7
2026-W33;Тихий сад;Litres;2792;111.68;8
2026-W33;Северный экспресс;Ozon;4041;161.64;9
2026-W33;Дом у маяка;WB;2990;119.6;10
2026-W33;Игры разума;Litres;2160;86.4;4
2026-W33;Шёпот времени;Ozon;1950;78;5
2026-W33;Тихий сад;WB;2094;83.76;6
2026-W33;Северный экспресс;Litres;3143;125.72;7
2026-W33;Дом у маяка;Ozon;2392;95.68;8
2026-W33;Игры разума;WB;4860;194.4;9
2026-W33;Шёпот времени;Litres;3900;156;10
2026-W33;Тихий сад;Ozon;1396;55.84;4
2026-W33;Северный экспресс;WB;2245;89.8;5
2026-W33;Дом у маяка;Litres;1794;71.76;6
2026-W33;Игры разума;Ozon;3780;151.2;7
2026-W33;Шёпот времени;WB;3120;124.8;8
2026-W33;Тихий сад;Litres;3141;125.64;9
2026-W33;Северный экспресс;Ozon;4490;179.6;10
2026-W33;Дом у маяка;WB;1196;47.84;4
2026-W33;Игры разума;Litres;2700;108;5
2026-W33;Шёпот времени;Ozon;2340;93.6;6
2026-W33;Тихий сад;WB;2443;97.72;7
2026-W33;Северный экспресс;Litres;3592;143.68;8
2026-W33;Дом у маяка;Ozon;2691;107.64;9
2026-W33;Игры разума;WB;5400;216;10
2026-W33;Шёпот времени;Litres;1560;62.4;4
2026-W33;Тихий сад;Ozon;1745;69.8;5
2026-W33;Северный экспресс;WB;2694;107.76;6
2026-W33;Дом у маяка;Litres;2093;83.72;7
2026-W33;Игры разума;Ozon;4320;172.8;8
2026-W33;Шёпот времени;WB;3510;140.4;9
2026-W33;Тихий сад;Litres;3490;139.6;10
2026-W33;Северный экспресс;Ozon;1796;71.84;4
2026-W33;Дом у маяка;WB;1495;59.8;5
2026-W33;Игры разума;Litres;3240;129.6;6
2026-W33;Шёпот времени;Ozon;2730;109.2;7
2026-W33;Тихий сад;WB;2792;111.68;8
2026-W33;Северный экспресс;Litres;4041;161.64;9
2026-W33;Дом у маяка;Ozon;2990;119.6;10
2026-W33;Игры разума;WB;2160;86.4;4
2026-W33;Шёпот времени;Litres;1950;78;5
2026-W33;Тихий сад;Ozon;2094;83.76;6
2026-W33;Северный экспресс;WB;3143;125.72;7
2026-W33;Дом у маяка;Litres;2392;95.68;8
2026-W33;Игры разума;Ozon;4860;194.4;9
2026-W33;Шёпот времени;WB;3900;156;10
2026-W33;Тихий сад;Litres;1396;55.84;4
2026-W33;Северный экспресс;Ozon;2245;89.8;5
2026-W33;Дом у маяка;WB;1794;71.76;6
2026-W33;Игры разума;Litres;3780;151.2;7
2026-W33;Шёпот времени;Ozon;3120;124.8;8
2026-W33;Тихий сад;WB;3141;125.64;9
2026-W33;Северный экспресс;Litres;4490;179.6;10
2026-W33;Дом у маяка;Ozon;1196;47.84;4
2026-W33;Игры разума;WB;2700;108;5
2026-W33;Шёпот времени;Litres;2340;93.6;6
2026-W33;Тихий сад;Ozon;2443;97.72;7
2026-W33;Северный экспресс;WB;3592;143.68;8
2026-W33;Дом у маяка;Litres;2691;107.64;9
2026-W33;Игры разума;Ozon;5400;216;10
2026-W33;Шёпот времени;WB;1560;62.4;4
2026-W33;Тихий сад;Litres;1745;69.8;5
2026-W33;Северный экспресс;Ozon;2694;107.76;6
2026-W33;Дом у маяка;WB;2093;83.72;7
2026-W33;Игры разума;Litres;4320;172.8;8
2026-W33;Шёпот времени;Ozon;3510;140.4;9
2026-W33;Тихий сад;WB;3490;139.6;10
2026-W33;Северный экспресс;Litres;1796;71.84;4
2026-W33;Дом у маяка;Ozon;1495;59.8;5
2026-W33;Игры разума;WB;3240;129.6;6
2026-W33;Шёпот времени;Litres;2730;109.2;7
2026-W33;Тихий сад;Ozon;2792;111.68;8
2026-W33;Северный экспресс;WB;4041;161.64;9
2026-W33;Дом у маяка;Litres;2990;119.6;10
2026-W33;Игры разума;Ozon;2160;86.4;4
2026-W33;Шёпот времени;WB;1950;78;5
2026-W33;Тихий сад;Litres;2094;83.76;6
2026-W33;Северный экспресс;Ozon;3143;125.72;7
2026-W33;Дом у маяка;WB;2392;95.68;8
2026-W33;Игры разума;Litres;4860;194.4;9
2026-W33;Шёпот времени;Ozon;3900;156;10
2026-W33;Тихий сад;WB;1396;55.84;4
2026-W33;Северный экспресс;Litres;2245;89.8;5
2026-W33;Дом у маяка;Ozon;1794;71.76;6
2026-W33;Игры разума;WB;3780;151.2;7
2026-W33;Шёпот времени;Litres;3120;124.8;8
2026-W33;Тихий сад;Ozon;3141;125.64;9
2026-W33;Северный экспресс;WB;4490;179.6;10
2026-W33;Дом у маяка;Litres;1196;47.84;4
2026-W33;Игры разума;Ozon;2700;108;5
2026-W33;Шёпот времени;WB;2340;93.6;6
2026-W33;Тихий сад;Litres;2443;97.72;7
2026-W33;Северный экспресс;Ozon;3592;143.68;8
2026-W33;Дом у маяка;WB;2691;107.64;9
2026-W33;Игры разума;Litres;5400;216;10
2026-W33;Шёпот времени;Ozon;1560;62.4;4
2026-W33;Тихий сад;WB;1745;69.8;5
2026-W33;Северный экспресс;Litres;2694;107.76;6
2026-W33;Дом у маяка;Ozon;2093;83.72;7
2026-W33;Игры разума;WB;4320;172.8;8
2026-W33;Шёпот времени;Litres;3510;140.4;9
2026-W33;Тихий сад;Ozon;3490;139.6;10
2026-W33;Северный экспресс;WB;1796;71.84;4
2026-W33;Дом у маяка;Litres;1495;59.8;5
2026-W33;Игры разума;Ozon;3240;129.6;6
2026-W33;Шёпот времени;WB;2730;109.2;7
2026-W33;Тихий сад;Litres;2792;111.68;8
2026-W33;Северный экспресс;Ozon;4041;161.64;9
2026-W33;Дом у маяка;WB;2990;119.6;10
2026-W33;Игры разума;Litres;2160;86.4;4
2026-W33;Шёпот времени;Ozon;1950;78;5
2026-W33;Тихий сад;WB;2094;83.76;6
2026-W33;Северный экспресс;Litres;3143;125.72;7
2026-W33;Дом у маяка;Ozon;2392;95.68;8
2026-W33;Игры разума;WB;4860;194.4;9
2026-W33;Шёпот времени;Litres;3900;156;10
2026-W33;Тихий сад;Ozon;1396;55.84;4
2026-W33;Северный экспресс;WB;2245;89.8;5
2026-W33;Дом у маяка;Litres;1794;71.76;6
2026-W33;Игры разума;Ozon;3780;151.2;7
2026-W33;Шёпот времени;WB;3120;124.8;8
2026-W33;Тихий сад;Litres;3141;125.64;9
2026-W33;Северный экспресс;Ozon;4490;179.6;10
2026-W33;Дом у маяка;WB;1196;47.84;4
2026-W33;Игры разума;Litres;2700;108;5
2026-W33;Шёпот времени;Ozon;2340;93.6;6
2026-W33;Тихий сад;WB;2443;97.72;7
2026-W33;Северный экспресс;Litres;3592;143.68;8
2026-W33;Дом у маяка;Ozon;2691;107.64;9
2026-W33;Игры разума;WB;5400;216;10
2026-W33;Шёпот времени;Litres;1560;62.4;4
2026-W33;Тихий сад;Ozon;1745;69.8;5
2026-W33;Северный экспресс;WB;2694;107.76;6
2026-W33;Дом у маяка;Litres;2093;83.72;7
2026-W33;Игры разума;Ozon;4320;172.8;8
2026-W33;Шёпот времени;WB;3510;140.4;9
2026-W33;Тихий сад;Litres;3490;139.6;10
2026-W33;Северный экспресс;Ozon;1796;71.84;4
2026-W33;Дом у маяка;WB;1495;59.8;5
2026-W33;Игры разума;Litres;3240;129.6;6
2026-W33;Шёпот времени;Ozon;2730;109.2;7
2026-W33;Тихий сад;WB;2792;111.68;8
2026-W33;Северный экспресс;Litres;4041;161.64;9
2026-W33;Дом у маяка;Ozon;2990;119.6;10
2026-W33;Игры разума;WB;2160;86.4;4
2026-W33;Шёпот времени;Litres;1950;78;5
2026-W33;Тихий сад;Ozon;2094;83.76;6
2026-W33;Северный экспресс;WB;3143;125.72;7
2026-W33;Дом у маяка;Litres;2392;95.68;8
2026-W33;Игры разума;Ozon;4860;194.4;9
2026-W33;Шёпот времени;WB;3900;156;10
2026-W33;Тихий сад;Litres;1396;55.84;4
2026-W33;Северный экспресс;Ozon;2245;89.8;5
2026-W33;Дом у маяка;WB;1794;71.76;6
2026-W33;Игры разума;Litres;3780;151.2;7
2026-W33;Шёпот времени;Ozon;3120;124.8;8
2026-W33;Тихий сад;WB;3141;125.64;9
2026-W33;Северный экспресс;Litres;4490;179.6;10
2026-W33;Дом у маяка;Ozon;1196;47.84;4
2026-W33;Игры разума;WB;2700;108;5
2026-W33;Шёпот времени;Litres;2340;93.6;6
2026-W33;Тихий сад;Ozon;2443;97.72;7
2026-W33;Северный экспресс;WB;3592;143.68;8
2026-W33;Дом у маяка;Litres;2691;107.64;9
2026-W33;Игры разума;Ozon;5400;216;10
2026-W33;Шёпот времени;WB;1560;62.4;4
2026-W33;Тихий сад;Litres;1745;69.8;5
2026-W33;Северный экспресс;Ozon;2694;107.76;6
2026-W33;Дом у маяка;WB;2093;83.72;7
2026-W33;Игры разума;Litres;4320;172.8;8
2026-W33;Шёпот времени;Ozon;3510;140.4;9
2026-W33;Тихий сад;WB;3490;139.6;10
2026-W33;Северный экспресс;Litres;1796;71.84;4
2026-W33;Дом у маяка;Ozon;1495;59.8;5
2026-W33;Игры разума;WB;3240;129.6;6
2026-W33;Шёпот времени;Litres;2730;109.2;7
2026-W33;Тихий сад;Ozon;2792;111.68;8
2026-W33;Северный экспресс;WB;4041;161.64;9
2026-W33;Дом у маяка;Litres;2990;119.6;10
2026-W33;Игры разума;Ozon;2160;86.4;4
2026-W33;Шёпот времени;WB;1950;78;5
2026-W33;Тихий сад;Litres;2094;83.76;6
2026-W33;Северный экспресс;Ozon;3143;125.72;7
2026-W33;Дом у маяка;WB;2392;95.68;8
2026-W33;Игры разума;Litres;4860;194.4;9
2026-W33;Шёпот времени;Ozon;3900;156;10
2026-W33;Тихий сад;WB;1396;55.84;4
2026-W33;Северный экспресс;Litres;2245;89.8;5
2026-W33;Дом у маяка;Ozon;1794;71.76;6
2026-W33;Игры разума;WB;3780;151.2;7
2026-W33;Шёпот времени;Litres;3120;124.8;8
2026-W33;Тихий сад;Ozon;3141;125.64;9
2026-W33;Северный экспресс;WB;4490;179.6;10
2026-W33;Дом у маяка;Litres;1196;47.84;4
2026-W33;Игры разума;Ozon;2700;108;5
2026-W33;Шёпот времени;WB;2340;93.6;6
2026-W33;Тихий сад;Litres;2443;97.72;7
2026-W33;Северный экспресс;Ozon;3592;143.68;8
2026-W33;Дом у маяка;WB;2691;107.64;9
2026-W33;Игры разума;Litres;5400;216;10
2026-W33;Шёпот времени;Ozon;1560;62.4;4
2026-W33;Тихий сад;WB;1745;69.8;5
2026-W33;Северный экспресс;Litres;2694;107.76;6
2026-W33;Дом у маяка;Ozon;2093;83.72;7
2026-W33;Игры разума;WB;4320;172.8;8
2026-W33;Шёпот времени;Litres;3510;140.4;9
2026-W33;Тихий сад;Ozon;3490;139.6;10
2026-W33;Северный экспресс;WB;1796;71.84;4
2026-W33;Дом у маяка;Litres;1495;59.8;5
2026-W33;Игры разума;Ozon;3240;129.6;6
2026-W33;Шёпот времени;WB;2730;109.2;7
2026-W33;Тихий сад;Litres;2792;111.68;8
2026-W33;Северный экспресс;Ozon;4041;161.64;9
2026-W33;Дом у маяка;WB;2990;119.6;10
2026-W33;Игры разума;Litres;2160;86.4;4
2026-W33;Шёпот времени;Ozon;1950;78;5
2026-W33;Тихий сад;WB;2094;83.76;6
2026-W33;Северный экспресс;Litres;3143;125.72;7
2026-W33;Дом у маяка;Ozon;2392;95.68;8
2026-W33;Игры разума;WB;4860;194.4;9
2026-W33;Шёпот времени;Litres;3900;156;10
2026-W33;Тихий сад;Ozon;1396;55.84;4
2026-W33;Северный экспресс;WB;2245;89.8;5
2026-W33;Дом у маяка;Litres;1794;71.76;6
2026-W33;Игры разума;Ozon;3780;151.2;7
2026-W33;Шёпот времени;WB;3120;124.8;8
2026-W33;Тихий сад;Litres;3141;125.64;9
2026-W33;Северный экспресс;Ozon;4490;179.6;10
2026-W33;Дом у маяка;WB;1196;47.84;4
2026-W33;Игры разума;Litres;2700;108;5
2026-W33;Шёпот времени;Ozon;2340;93.6;6
2026-W33;Тихий сад;WB;2443;97.72;7
2026-W33;Северный экспресс;Litres;3592;143.68;8
2026-W33;Дом у маяка;Ozon;2691;107.64;9
2026-W33;Игры разума;WB;5400;216;10
2026-W33;Шёпот времени;Litres;1560;62.4;4
2026-W33;Тихий сад;Ozon;1745;69.8;5
2026-W33;Северный экспресс;WB;2694;107.76;6
2026-W33;Дом у маяка;Litres;2093;83.72;7
2026-W33;Игры разума;Ozon;4320;172.8;8
2026-W33;Шёпот времени;WB;3510;140.4;9
2026-W33;Тихий сад;Litres;3490;139.6;10
2026-W33;Северный экспресс;Ozon;1796;71.84;4
2026-W33;Дом у маяка;WB;1495;59.8;5
2026-W33;Игры разума;Litres;3240;129.6;6
2026-W33;Шёпот времени;Ozon;2730;109.2;7
2026-W33;Тихий сад;WB;2792;111.68;8
2026-W33;Северный экспресс;Litres;4041;161.64;9
2026-W33;Дом у маяка;Ozon;2990;119.6;10
2026-W33;Игры разума;WB;2160;86.4;4
2026-W33;Шёпот времени;Litres;1950;78;5
2026-W33;Тихий сад;Ozon;2094;83.76;6
2026-W33;Северный экспресс;WB;3143;125.72;7
2026-W33;Дом у маяка;Litres;2392;95.68;8
2026-W33;Игры разума;Ozon;4860;194.4;9
2026-W33;Шёпот времени;WB;3900;156;10
2026-W33;Тихий сад;Litres;1396;55.84;4
2026-W33;Северный экспресс;Ozon;2245;89.8;5
2026-W33;Дом у маяка;WB;1794;71.76;6
2026-W33;Игры разума;Litres;3780;151.2;7
2026-W33;Шёпот времени;Ozon;3120;124.8;8
2026-W33;Тихий сад;WB;3141;125.64;9
2026-W33;Северный экспресс;Litres;4490;179.6;10
2026-W33;Дом у маяка;Ozon;1196;47.84;4
2026-W33;Игры разума;WB;2700;108;5
2026-W33;Шёпот времени;Litres;2340;93.6;6
2026-W33;Тихий сад;Ozon;2443;97.72;7
2026-W33;Северный экспресс;WB;3592;143.68;8
2026-W33;Дом у маяка;Litres;2691;107.64;9
2026-W33;Игры разума;Ozon;5400;216;10
2026-W33;Шёпот времени;WB;1560;62.4;4
2026-W33;Тихий сад;Litres;1745;69.8;5
2026-W33;Северный экспресс;Ozon;2694;107.76;6
2026-W33;Дом у маяка;WB;2093;83.72;7
2026-W33;Игры разума;Litres;4320;172.8;8
2026-W33;Шёпот времени;Ozon;3510;140.4;9
2026-W33;Тихий сад;WB;3490;139.6;10
2026-W33;Северный экспресс;Litres;1796;71.84;4
2026-W33;Дом у маяка;Ozon;1495;59.8;5
2026-W33;Игры разума;WB;3240;129.6;6
2026-W33;Шёпот времени;Litres;2730;109.2;7
2026-W33;Тихий сад;Ozon;2792;111.68;8
2026-W33;Северный экспресс;WB;4041;161.64;9
2026-W33;Дом у маяка;Litres;2990;119.6;10
2026-W33;Игры разума;Ozon;2160;86.4;4
2026-W33;Шёпот времени;WB;1950;78;5
2026-W33;Тихий сад;Litres;2094;83.76;6
2026-W33;Северный экспресс;Ozon;3143;125.72;7
2026-W33;Дом у маяка;WB;2392;95.68;8
2026-W33;Игры разума;Litres;4860;194.4;9
2026-W33;Шёпот времени;Ozon;3900;156;10
2026-W33;Тихий сад;WB;1396;55.84;4
2026-W33;Северный экспресс;Litres;2245;89.8;5
2026-W33;Дом у маяка;Ozon;1794;71.76;6
2026-W33;Игры разума;WB;3780;151.2;7
2026-W33;Шёпот времени;Litres;3120;124.8;8
2026-W33;Тихий сад;Ozon;3141;125.64;9
2026-W33;Северный экспресс;WB;4490;179.6;10
2026-W33;Дом у маяка;Litres;1196;47.84;4
2026-W33;Игры разума;Ozon;2700;108;5
2026-W33;Шёпот времени;WB;2340;93.6;6
2026-W33;Тихий сад;Litres;2443;97.72;7
2026-W33;Северный экспресс;Ozon;3592;143.68;8
2026-W33;Дом у маяка;WB;2691;107.64;9
2026-W33;Игры разума;Litres;5400;216;10
2026-W33;Шёпот времени;Ozon;1560;62.4;4
2026-W33;Тихий сад;WB;1745;69.8;5
2026-W33;Северный экспресс;Litres;2694;107.76;6
2026-W33;Дом у маяка;Ozon;2093;83.72;7
2026-W33;Игры разума;WB;4320;172.8;8
2026-W33;Шёпот времени;Litres;3510;140.4;9
2026-W33;Тихий сад;Ozon;3490;139.6;10
2026-W33;Северный экспресс;WB;1796;71.84;4
2026-W33;Дом у маяка;Litres;1495;59.8;5
2026-W33;Игры разума;Ozon;3240;129.6;6
2026-W33;Шёпот времени;WB;2730;109.2;7
2026-W33;Тихий сад;Litres;2792;111.68;8
2026-W33;Северный экспресс;Ozon;4041;161.64;9
2026-W33;Дом у маяка;WB;2990;119.6;10
2026-W33;Игры разума;Litres;2160;86.4;4
2026-W33;Шёпот времени;Ozon;1950;78;5
2026-W33;Тихий сад;WB;2094;83.76;6
2026-W33;Северный экспресс;Litres;3143;125.72;7
2026-W33;Дом у маяка;Ozon;2392;95.68;8
2026-W33;Игры разума;WB;4860;194.4;9
2026-W33;Шёпот времени;Litres;3900;156;10
2026-W33;Тихий сад;Ozon;1396;55.84;4
2026-W33;Северный экспресс;WB;2245;89.8;5
2026-W33;Дом у маяка;Litres;1794;71.76;6
2026-W33;Игры разума;Ozon;3780;151.2;7
2026-W33;Шёпот времени;WB;3120;124.8;8
2026-W33;Тихий сад;Litres;3141;125.64;9
2026-W33;Северный экспресс;Ozon;4490;179.6;10
2026-W33;Дом у маяка;WB;1196;47.84;4
2026-W33;Игры разума;Litres;2700;108;5
2026-W33;Шёпот времени;Ozon;2340;93.6;6
2026-W33;Тихий сад;WB;2443;97.72;7
2026-W33;Северный экспресс;Litres;3592;143.68;8
2026-W33;Дом у маяка;Ozon;2691;107.64;9
2026-W33;Игры разума;WB;5400;216;10
2026-W33;Шёпот времени;Litres;1560;62.4;4
2026-W33;Тихий сад;Ozon;1745;69.8;5
2026-W33;Северный экспресс;WB;2694;107.76;6
2026-W33;Дом у маяка;Litres;2093;83.72;7
2026-W33;Игры разума;Ozon;4320;172.8;8
2026-W33;Шёпот времени;WB;3510;140.4;9
2026-W33;Тихий сад;Litres;3490;139.6;10
2026-W33;Северный экспресс;Ozon;1796;71.84;4
2026-W33;Дом у маяка;WB;1495;59.8;5
2026-W33;Игры разума;Litres;3240;129.6;6
2026-W33;Шёпот времени;Ozon;2730;109.2;7
2026-W33;Тихий сад;WB;2792;111.68;8
2026-W33;Северный экспресс;Litres;4041;161.64;9
2026-W33;Дом у маяка;Ozon;2990;119.6;10
2026-W33;Игры разума;WB;2160;86.4;4
2026-W33;Шёпот времени;Litres;1950;78;5
2026-W33;Тихий сад;Ozon;2094;83.76;6
2026-W33;Северный экспресс;WB;3143;125.72;7
2026-W33;Дом у маяка;Litres;2392;95.68;8
2026-W33;Игры разума;Ozon;4860;194.4;9
2026-W33;Шёпот времени;WB;3900;156;10
2026-W33;Тихий сад;Litres;1396;55.84;4
2026-W33;Северный экспресс;Ozon;2245;89.8;5
2026-W33;Дом у маяка;WB;1794;71.76;6
2026-W33;Игры разума;Litres;3780;151.2;7
2026-W33;Шёпот времени;Ozon;3120;124.8;8
2026-W33;Тихий сад;WB;3141;125.64;9
2026-W33;Северный экспресс;Litres;4490;179.6;10
2026-W33;Дом у маяка;Ozon;1196;47.84;4
2026-W33;Игры разума;WB;2700;108;5
2026-W33;Шёпот времени;Litres;2340;93.6;6
2026-W33;Тихий сад;Ozon;2443;97.72;7
2026-W33;Северный экспресс;WB;3592;143.68;8
2026-W33;Дом у маяка;Litres;2691;107.64;9
2026-W33;Игры разума;Ozon;5400;216;10
2026-W33;Шёпот времени;WB;1560;62.4;4
2026-W33;Тихий сад;Litres;1745;69.8;5
2026-W33;Северный экспресс;Ozon;2694;107.76;6
2026-W33;Дом у маяка;WB;2093;83.72;7
2026-W33;Игры разума;Litres;4320;172.8;8
2026-W33;Шёпот времени;Ozon;3510;140.4;9
2026-W33;Тихий сад;WB;3490;139.6;10
2026-W33;Северный экспресс;Litres;1796;71.84;4
2026-W33;Дом у маяка;Ozon;1495;59.8;5
2026-W33;Игры разума;WB;3240;129.6;6
2026-W33;Шёпот времени;Litres;2730;109.2;7
2026-W33;Тихий сад;Ozon;2792;111.68;8
2026-W33;Северный экспресс;WB;4041;161.64;9
2026-W33;Дом у маяка;Litres;2990;119.6;10
2026-W33;Игры разума;Ozon;2160;86.4;4
2026-W33;Шёпот времени;WB;1950;78;5
2026-W33;Тихий сад;Litres;2094;83.76;6
2026-W33;Северный экспресс;Ozon;3143;125.72;7
2026-W33;Дом у маяка;WB;2392;95.68;8
2026-W33;Игры разума;Litres;4860;194.4;9
2026-W33;Шёпот времени;Ozon;3900;156;10
2026-W33;Тихий сад;WB;1396;55.84;4
2026-W33;Северный экспресс;Litres;2245;89.8;5
2026-W33;Дом у маяка;Ozon;1794;71.76;6
2026-W33;Игры разума;WB;3780;151.2;7
2026-W33;Шёпот времени;Litres;3120;124.8;8
2026-W33;Тихий сад;Ozon;3141;125.64;9
2026-W33;Северный экспресс;WB;4490;179.6;10
2026-W33;Дом у маяка;Litres;1196;47.84;4
2026-W33;Игры разума;Ozon;2700;108;5
2026-W33;Шёпот времени;WB;2340;93.6;6
2026-W33;Тихий сад;Litres;2443;97.72;7
2026-W33;Северный экспресс;Ozon;3592;143.68;8
2026-W33;Дом у маяка;WB;2691;107.64;9
2026-W33;Игры разума;Litres;5400;216;10
2026-W33;Шёпот времени;Ozon;1560;62.4;4
2026-W33;Тихий сад;WB;1745;69.8;5
2026-W33;Северный экспресс;Litres;2694;107.76;6
2026-W33;Дом у маяка;Ozon;2093;83.72;7
2026-W33;Игры разума;WB;4320;172.8;8
2026-W33;Шёпот времени;Litres;3510;140.4;9
2026-W33;Тихий сад;Ozon;3490;139.6;10
2026-W33;Северный экспресс;WB;1796;71.84;4
2026-W33;Дом у маяка;Litres;1495;59.8;5
2026-W33;Игры разума;Ozon;3240;129.6;6
2026-W33;Шёпот времени;WB;2730;109.2;7
2026-W33;Тихий сад;Litres;2792;111.68;8
2026-W33;Северный экспресс;Ozon;4041;161.64;9
2026-W33;Дом у маяка;WB;2990;119.6;10
2026-W33;Игры разума;Litres;2160;86.4;4
2026-W33;Шёпот времени;Ozon;1950;78;5
2026-W33;Тихий сад;WB;2094;83.76;6
2026-W33;Северный экспресс;Litres;3143;125.72;7
2026-W33;Дом у маяка;Ozon;2392;95.68;8
2026-W33;Игры разума;WB;4860;194.4;9
2026-W33;Шёпот времени;Litres;3900;156;10
2026-W33;Тихий сад;Ozon;1396;55.84;4
2026-W33;Северный экспресс;WB;2245;89.8;5
2026-W33;Дом у маяка;Litres;1794;71.76;6
2026-W33;Игры разума;Ozon;3780;151.2;7
2026-W33;Шёпот времени;WB;3120;124.8;8
2026-W33;Тихий сад;Litres;3141;125.64;9
2026-W33;Северный экспресс;Ozon;4490;179.6;10
2026-W33;Дом у маяка;WB;1196;47.84;4
2026-W33;Игры разума;Litres;2700;108;5
2026-W33;Шёпот времени;Ozon;2340;93.6;6
2026-W33;Тихий сад;WB;2443;97.72;7
2026-W33;Северный экспресс;Litres;3592;143.68;8
2026-W33;Дом у маяка;Ozon;2691;107.64;9
2026-W33;Игры разума;WB;5400;216;10
2026-W33;Шёпот времени;Litres;1560;62.4;4
2026-W33;Тихий сад;Ozon;1745;69.8;5
2026-W33;Северный экспресс;WB;2694;107.76;6
2026-W33;Дом у маяка;Litres;2093;83.72;7
2026-W33;Игры разума;Ozon;4320;172.8;8
2026-W33;Шёпот времени;WB;3510;140.4;9
2026-W33;Тихий сад;Litres;3490;139.6;10
2026-W33;Северный экспресс;Ozon;1796;71.84;4
2026-W33;Дом у маяка;WB;1495;59.8;5
2026-W33;Игры разума;Litres;3240;129.6;6
2026-W33;Шёпот времени;Ozon;2730;109.2;7
2026-W33;Тихий сад;WB;2792;111.68;8
2026-W33;Северный экспресс;Litres;4041;161.64;9
2026-W33;Дом у маяка;Ozon;2990;119.6;10
2026-W33;Игры разума;WB;2160;86.4;4
2026-W33;Шёпот времени;Litres;1950;78;5
2026-W33;Тихий сад;Ozon;2094;83.76;6
2026-W33;Северный экспресс;WB;3143;125.72;7
2026-W33;Дом у маяка;Litres;2392;95.68;8
2026-W33;Игры разума;Ozon;4860;194.4;9
2026-W33;Шёпот времени;WB;3900;156;10
2026-W33;Тихий сад;Litres;1396;55.84;4
2026-W33;Северный экспресс;Ozon;2245;89.8;5
2026-W33;Дом у маяка;WB;1794;71.76;6
2026-W33;Игры разума;Litres;3780;151.2;7
2026-W33;Шёпот времени;Ozon;3120;124.8;8
2026-W33;Тихий сад;WB;3141;125.64;9
2026-W33;Северный экспресс;Litres;4490;179.6;10
2026-W33;Дом у маяка;Ozon;1196;47.84;4
2026-W33;Игры разума;WB;2700;108;5
2026-W33;Шёпот времени;Litres;2340;93.6;6
2026-W33;Тихий сад;Ozon;2443;97.72;7
2026-W33;Северный экспресс;WB;3592;143.68;8
2026-W33;Дом у маяка;Litres;2691;107.64;9
2026-W33;Игры разума;Ozon;5400;216;10
2026-W33;Шёпот времени;WB;1560;62.4;4
2026-W33;Тихий сад;Litres;1745;69.8;5
2026-W33;Северный экспресс;Ozon;2694;107.76;6
2026-W33;Дом у маяка;WB;2093;83.72;7
2026-W33;Игры разума;Litres;4320;172.8;8
2026-W33;Шёпот времени;Ozon;3510;140.4;9
2026-W33;Тихий сад;WB;3490;139.6;10
2026-W33;Северный экспресс;Litres;1796;71.84;4
2026-W33;Дом у маяка;Ozon;1495;59.8;5
2026-W33;Игры разума;WB;3240;129.6;6
2026-W33;Шёпот времени;Litres;2730;109.2;7
2026-W33;Тихий сад;Ozon;2792;111.68;8
2026-W33;Северный экспресс;WB;4041;161.64;9
2026-W33;Дом у маяка;Litres;2990;119.6;10
2026-W33;Игры разума;Ozon;2160;86.4;4
2026-W33;Шёпот времени;WB;1950;78;5
2026-W33;Тихий сад;Litres;2094;83.76;6
2026-W33;Северный экспресс;Ozon;3143;125.72;7
2026-W33;Дом у маяка;WB;2392;95.68;8
2026-W33;Игры разума;Litres;4860;194.4;9
2026-W33;Шёпот времени;Ozon;3900;156;10
2026-W33;Тихий сад;WB;1396;55.84;4
2026-W33;Северный экспресс;Litres;2245;89.8;5
2026-W33;Дом у маяка;Ozon;1794;71.76;6
2026-W33;Игры разума;WB;3780;151.2;7
2026-W33;Шёпот времени;Litres;3120;124.8;8
2026-W33;Тихий сад;Ozon;3141;125.64;9
2026-W33;Северный экспресс;WB;4490;179.6;10
2026-W33;Дом у маяка;Litres;1196;47.84;4
2026-W33;Игры разума;Ozon;2700;108;5
2026-W33;Шёпот времени;WB;2340;93.6;6
2026-W33;Тихий сад;Litres;2443;97.72;7
2026-W33;Северный экспресс;Ozon;3592;143.68;8
2026-W33;Дом у маяка;WB;2691;107.64;9
2026-W33;Игры разума;Litres;5400;216;10
2026-W33;Шёпот времени;Ozon;1560;62.4;4
2026-W33;Тихий сад;WB;1745;69.8;5
2026-W33;Северный экспресс;Litres;2694;107.76;6
2026-W33;Дом у маяка;Ozon;2093;83.72;7
2026-W33;Игры разума;WB;4320;172.8;8
2026-W33;Шёпот времени;Litres;3510;140.4;9
2026-W33;Тихий сад;Ozon;3490;139.6;10
2026-W33;Северный экспресс;WB;1796;71.84;4
2026-W33;Дом у маяка;Litres;1495;59.8;5
2026-W33;Игры разума;Ozon;3240;129.6;6
2026-W33;Шёпот времени;WB;2730;109.2;7
2026-W33;Тихий сад;Litres;2792;111.68;8
2026-W33;Северный экспресс;Ozon;4041;161.64;9
2026-W33;Дом у маяка;WB;2990;119.6;10
2026-W33;Игры разума;Litres;2160;86.4;4
2026-W33;Шёпот времени;Ozon;1950;78;5
2026-W33;Тихий сад;WB;2094;83.76;6
2026-W33;Северный экспресс;Litres;3143;125.72;7
2026-W33;Дом у маяка;Ozon;2392;95.68;8
2026-W33;Игры разума;WB;4860;194.4;9
2026-W33;Шёпот времени;Litres;3900;156;10
2026-W33;Тихий сад;Ozon;1396;55.84;4
2026-W33;Северный экспресс;WB;2245;89.8;5
2026-W33;Дом у маяка;Litres;1794;71.76;6
2026-W33;Игры разума;Ozon;3780;151.2;7
2026-W33;Шёпот времени;WB;3120;124.8;8
2026-W33;Тихий сад;Litres;3141;125.64;9
2026-W33;Северный экспресс;Ozon;4490;179.6;10
2026-W33;Дом у маяка;WB;1196;47.84;4
2026-W33;Игры разума;Litres;2700;108;5
2026-W33;Шёпот времени;Ozon;2340;93.6;6
2026-W33;Тихий сад;WB;2443;97.72;7
2026-W33;Северный экспресс;Litres;3592;143.68;8
2026-W33;Дом у маяка;Ozon;2691;107.64;9
2026-W33;Игры разума;WB;5400;216;10
2026-W33;Шёпот времени;Litres;1560;62.4;4
2026-W33;Тихий сад;Ozon;1745;69.8;5
2026-W33;Северный экспресс;WB;2694;107.76;6
2026-W33;Дом у маяка;Litres;2093;83.72;7
2026-W33;Игры разума;Ozon;4320;172.8;8
2026-W33;Шёпот времени;WB;3510;140.4;9
2026-W33;Тихий сад;Litres;3490;139.6;10
2026-W33;Северный экспресс;Ozon;1796;71.84;4
2026-W33;Дом у маяка;WB;1495;59.8;5
2026-W33;Игры разума;Litres;3240;129.6;6
2026-W33;Шёпот времени;Ozon;2730;109.2;7
2026-W33;Тихий сад;WB;2792;111.68;8
2026-W33;Северный экспресс;Litres;4041;161.64;9
2026-W33;Дом у маяка;Ozon;2990;119.6;10
2026-W33;Игры разума;WB;2160;86.4;4
2026-W33;Шёпот времени;Litres;1950;78;5
2026-W33;Тихий сад;Ozon;2094;83.76;6
2026-W33;Северный экспресс;WB;3143;125.72;7
2026-W33;Дом у маяка;Litres;2392;95.68;8
2026-W33;Игры разума;Ozon;4860;194.4;9
2026-W33;Шёпот времени;WB;3900;156;10
2026-W33;Тихий сад;Litres;1396;55.84;4
2026-W33;Северный экспресс;Ozon;2245;89.8;5
2026-W33;Дом у маяка;WB;1794;71.76;6
2026-W33;Игры разума;Litres;3780;151.2;7
2026-W33;Шёпот времени;Ozon;3120;124.8;8
2026-W33;Тихий сад;WB;3141;125.64;9
2026-W33;Северный экспресс;Litres;4490;179.6;10
2026-W33;Дом у маяка;Ozon;1196;47.84;4
2026-W33;Игры разума;WB;2700;108;5
2026-W33;Шёпот времени;Litres;2340;93.6;6
2026-W33;Тихий сад;Ozon;2443;97.72;7
2026-W33;Северный экспресс;WB;3592;143.68;8
2026-W33;Дом у маяка;Litres;2691;107.64;9
2026-W33;Игры разума;Ozon;5400;216;10
2026-W33;Шёпот времени;WB;1560;62.4;4
2026-W33;Тихий сад;Litres;1745;69.8;5
2026-W33;Северный экспресс;Ozon;2694;107.76;6
2026-W33;Дом у маяка;WB;2093;83.72;7
2026-W33;Игры разума;Litres;4320;172.8;8
2026-W33;Шёпот времени;Ozon;3510;140.4;9
2026-W33;Тихий сад;WB;3490;139.6;10
2026-W33;Северный экспресс;Litres;1796;71.84;4
2026-W33;Дом у маяка;Ozon;1495;59.8;5
2026-W33;Игры разума;WB;3240;129.6;6
2026-W33;Шёпот времени;Litres;2730;109.2;7
2026-W33;Тихий сад;Ozon;2792;111.68;8
2026-W33;Северный экспресс;WB;4041;161.64;9
2026-W33;Дом у маяка;Litres;2990;119.6;10
2026-W33;Игры разума;Ozon;2160;86.4;4
2026-W33;Шёпот времени;WB;1950;78;5
2026-W33;Тихий сад;Litres;2094;83.76;6
2026-W33;Северный экспресс;Ozon;3143;125.72;7
2026-W33;Дом у маяка;WB;2392;95.68;8
2026-W33;Игры разума;Litres;4860;194.4;9
2026-W33;Шёпот времени;Ozon;3900;156;10
2026-W33;Тихий сад;WB;1396;55.84;4
2026-W33;Северный экспресс;Litres;2245;89.8;5
2026-W33;Дом у маяка;Ozon;1794;71.76;6
2026-W33;Игры разума;WB;3780;151.2;7
2026-W33;Шёпот времени;Litres;3120;124.8;8
2026-W33;Тихий сад;Ozon;3141;125.64;9
2026-W33;Северный экспресс;WB;4490;179.6;10
2026-W33;Дом у маяка;Litres;1196;47.84;4
2026-W33;Игры разума;Ozon;2700;108;5
2026-W33;Шёпот времени;WB;2340;93.6;6
2026-W33;Тихий сад;Litres;2443;97.72;7
2026-W33;Северный экспресс;Ozon;3592;143.68;8
2026-W33;Дом у маяка;WB;2691;107.64;9
2026-W33;Игры разума;Litres;5400;216;10
2026-W33;Шёпот времени;Ozon;1560;62.4;4
2026-W33;Тихий сад;WB;1745;69.8;5
2026-W33;Северный экспресс;Litres;2694;107.76;6
2026-W33;Дом у маяка;Ozon;2093;83.72;7
2026-W33;Игры разума;WB;4320;172.8;8
2026-W33;Шёпот времени;Litres;3510;140.4;9
2026-W33;Тихий сад;Ozon;3490;139.6;10
2026-W33;Северный экспресс;WB;1796;71.84;4
2026-W33;Дом у маяка;Litres;1495;59.8;5
2026-W33;Игры разума;Ozon;3240;129.6;6
2026-W33;Шёпот времени;WB;2730;109.2;7
2026-W33;Тихий сад;Litres;2792;111.68;8
2026-W33;Северный экспресс;Ozon;4041;161.64;9
2026-W33;Дом у маяка;WB;2990;119.6;10
2026-W33;Игры разума;Litres;2160;86.4;4
2026-W33;Шёпот времени;Ozon;1950;78;5
2026-W33;Тихий сад;WB;2094;83.76;6
2026-W33;Северный экспресс;Litres;3143;125.72;7
2026-W33;Дом у маяка;Ozon;2392;95.68;8
2026-W33;Игры разума;WB;4860;194.4;9
2026-W33;Шёпот времени;Litres;3900;156;10
2026-W33;Тихий сад;Ozon;1396;55.84;4
2026-W33;Северный экспресс;WB;2245;89.8;5
2026-W33;Дом у маяка;Litres;1794;71.76;6
2026-W33;Игры разума;Ozon;3780;151.2;7
2026-W33;Шёпот времени;WB;3120;124.8;8
2026-W33;Тихий сад;Litres;3141;125.64;9
2026-W33;Северный экспресс;Ozon;4490;179.6;10
2026-W33;Дом у маяка;WB;1196;47.84;4
2026-W33;Игры разума;Litres;2700;108;5
2026-W33;Шёпот времени;Ozon;2340;93.6;6
2026-W33;Тихий сад;WB;2443;97.72;7
2026-W33;Северный экспресс;Litres;3592;143.68;8
2026-W33;Дом у маяка;Ozon;2691;107.64;9
2026-W33;Игры разума;WB;5400;216;10
2026-W33;Шёпот времени;Litres;1560;62.4;4
2026-W33;Тихий сад;Ozon;1745;69.8;5
2026-W33;Северный экспресс;WB;2694;107.76;6
2026-W33;Дом у маяка;Litres;2093;83.72;7
2026-W33;Игры разума;Ozon;4320;172.8;8
2026-W33;Шёпот времени;WB;3510;140.4;9
2026-W33;Тихий сад;Litres;3490;139.6;10
2026-W33;Северный экспресс;Ozon;1796;71.84;4
2026-W33;Дом у маяка;WB;1495;59.8;5
2026-W33;Игры разума;Litres;3240;129.6;6
2026-W33;Шёпот времени;Ozon;2730;109.2;7
2026-W33;Тихий сад;WB;2792;111.68;8
2026-W33;Северный экспресс;Litres;4041;161.64;9
2026-W33;Дом у маяка;Ozon;2990;119.6;10
2026-W33;Игры разума;WB;2160;86.4;4
2026-W33;Шёпот времени;Litres;1950;78;5
2026-W33;Тихий сад;Ozon;2094;83.76;6
2026-W33;Северный экспресс;WB;3143;125.72;7
2026-W33;Дом у маяка;Litres;2392;95.68;8
2026-W33;Игры разума;Ozon;4860;194.4;9
2026-W33;Шёпот времени;WB;3900;156;10
2026-W33;Тихий сад;Litres;1396;55.84;4
2026-W33;Северный экспресс;Ozon;2245;89.8;5
2026-W33;Дом у маяка;WB;1794;71.76;6
2026-W33;Игры разума;Litres;3780;151.2;7
2026-W33;Шёпот времени;Ozon;3120;124.8;8
2026-W33;Тихий сад;WB;3141;125.64;9
2026-W33;Северный экспресс;Litres;4490;179.6;10
2026-W33;Дом у маяка;Ozon;1196;47.84;4
2026-W33;Игры разума;WB;2700;108;5
2026-W33;Шёпот времени;Litres;2340;93.6;6
2026-W33;Тихий сад;Ozon;2443;97.72;7
2026-W33;Северный экспресс;WB;3592;143.68;8
2026-W33;Дом у маяка;Litres;2691;107.64;9
2026-W33;Игры разума;Ozon;5400;216;10
2026-W33;Шёпот времени;WB;1560;62.4;4
2026-W33;Тихий сад;Litres;1745;69.8;5
2026-W33;Северный экспресс;Ozon;2694;107.76;6
2026-W33;Дом у маяка;WB;2093;83.72;7
2026-W33;Игры разума;Litres;4320;172.8;8
2026-W33;Шёпот времени;Ozon;3510;140.4;9
2026-W33;Тихий сад;WB;3490;139.6;10
2026-W33;Северный экспресс;Litres;1796;71.84;4
2026-W33;Дом у маяка;Ozon;1495;59.8;5
2026-W33;Игры разума;WB;3240;129.6;6
2026-W33;Шёпот времени;Litres;2730;109.2;7
2026-W33;Тихий сад;Ozon;2792;111.68;8
2026-W33;Северный экспресс;WB;4041;161.64;9
2026-W33;Дом у маяка;Litres;2990;119.6;10
2026-W33;Игры разума;Ozon;2160;86.4;4
2026-W33;Шёпот времени;WB;1950;78;5
2026-W33;Тихий сад;Litres;2094;83.76;6
2026-W33;Северный экспресс;Ozon;3143;125.72;7
2026-W33;Дом у маяка;WB;2392;95.68;8
2026-W33;Игры разума;Litres;4860;194.4;9
2026-W33;Шёпот времени;Ozon;3900;156;10
2026-W33;Тихий сад;WB;1396;55.84;4
2026-W33;Северный экспресс;Litres;2245;89.8;5
2026-W33;Дом у маяка;Ozon;1794;71.76;6
2026-W33;Игры разума;WB;3780;151.2;7
2026-W33;Шёпот времени;Litres;3120;124.8;8
2026-W33;Тихий сад;Ozon;3141;125.64;9
2026-W33;Северный экспресс;WB;4490;179.6;10
2026-W33;Дом у маяка;Litres;1196;47.84;4
2026-W33;Игры разума;Ozon;2700;108;5
2026-W33;Шёпот времени;WB;2340;93.6;6
2026-W33;Тихий сад;Litres;2443;97.72;7
2026-W33;Северный экспресс;Ozon;3592;143.68;8
2026-W33;Дом у маяка;WB;2691;107.64;9
2026-W33;Игры разума;Litres;5400;216;10
2026-W33;Шёпот времени;Ozon;1560;62.4;4
2026-W33;Тихий сад;WB;1745;69.8;5
2026-W33;Северный экспресс;Litres;2694;107.76;6
2026-W33;Дом у маяка;Ozon;2093;83.72;7
2026-W33;Игры разума;WB;4320;172.8;8
2026-W33;Шёпот времени;Litres;3510;140.4;9
2026-W33;Тихий сад;Ozon;3490;139.6;10
2026-W33;Северный экспресс;WB;1796;71.84;4
2026-W33;Дом у маяка;Litres;1495;59.8;5
2026-W33;Игры разума;Ozon;3240;129.6;6
2026-W33;Шёпот времени;WB;2730;109.2;7
2026-W33;Тихий сад;Litres;2792;111.68;8
2026-W33;Северный экспресс;Ozon;4041;161.64;9
2026-W33;Дом у маяка;WB;2990;119.6;10
2026-W33;Игры разума;Litres;2160;86.4;4
2026-W33;Шёпот времени;Ozon;1950;78;5
2026-W33;Тихий сад;WB;2094;83.76;6
2026-W33;Северный экспресс;Litres;3143;125.72;7
2026-W33;Дом у маяка;Ozon;2392;95.68;8
2026-W33;Игры разума;WB;4860;194.4;9
2026-W33;Шёпот времени;Litres;3900;156;10
2026-W33;Тихий сад;Ozon;1396;55.84;4
2026-W33;Северный экспресс;WB;2245;89.8;5
2026-W33;Дом у маяка;Litres;1794;71.76;6
2026-W33;Игры разума;Ozon;3780;151.2;7
2026-W33;Шёпот времени;WB;3120;124.8;8
2026-W33;Тихий сад;Litres;3141;125.64;9
2026-W33;Северный экспресс;Ozon;4490;179.6;10
2026-W33;Дом у маяка;WB;1196;47.84;4
2026-W33;Игры разума;Litres;2700;108;5
2026-W33;Шёпот времени;Ozon;2340;93.6;6
2026-W33;Тихий сад;WB;2443;97.72;7
2026-W33;Северный экспресс;Litres;3592;143.68;8
2026-W33;Дом у маяка;Ozon;2691;107.64;9
2026-W33;Игры разума;WB;5400;216;10
2026-W33;Шёпот времени;Litres;1560;62.4;4
2026-W33;Тихий сад;Ozon;1745;69.8;5
2026-W33;Северный экспресс;WB;2694;107.76;6
2026-W33;Дом у маяка;Litres;2093;83.72;7
2026-W33;Игры разума;Ozon;4320;172.8;8
2026-W33;Шёпот времени;WB;3510;140.4;9
2026-W33;Тихий сад;Litres;3490;139.6;10
2026-W33;Северный экспресс;Ozon;1796;71.84;4
2026-W33;Дом у маяка;WB;1495;59.8;5
2026-W33;Игры разума;Litres;3240;129.6;6
2026-W33;Шёпот времени;Ozon;2730;109.2;7
2026-W33;Тихий сад;WB;2792;111.68;8
2026-W33;Северный экспресс;Litres;4041;161.64;9
2026-W33;Дом у маяка;Ozon;2990;119.6;10
2026-W33;Игры разума;WB;2160;86.4;4
2026-W33;Шёпот времени;Litres;1950;78;5
2026-W33;Тихий сад;Ozon;2094;83.76;6
2026-W33;Северный экспресс;WB;3143;125.72;7
2026-W33;Дом у маяка;Litres;2392;95.68;8
2026-W33;Игры разума;Ozon;4860;194.4;9
2026-W33;Шёпот времени;WB;3900;156;10
2026-W33;Тихий сад;Litres;1396;55.84;4
2026-W33;Северный экспресс;Ozon;2245;89.8;5
2026-W33;Дом у маяка;WB;1794;71.76;6
2026-W33;Игры разума;Litres;3780;151.2;7
2026-W33;Шёпот времени;Ozon;3120;124.8;8
2026-W33;Тихий сад;WB;3141;125.64;9
2026-W33;Северный экспресс;Litres;4490;179.6;10
2026-W33;Дом у маяка;Ozon;1196;47.84;4
2026-W33;Игры разума;WB;2700;108;5
2026-W33;Шёпот времени;Litres;2340;93.6;6
2026-W33;Тихий сад;Ozon;2443;97.72;7
2026-W33;Северный экспресс;WB;3592;143.68;8
2026-W33;Дом у маяка;Litres;2691;107.64;9
2026-W33;Игры разума;Ozon;5400;216;10
2026-W33;Шёпот времени;WB;1560;62.4;4
2026-W33;Тихий сад;Litres;1745;69.8;5
2026-W33;Северный экспресс;Ozon;2694;107.76;6
2026-W33;Дом у маяка;WB;2093;83.72;7
2026-W33;Игры разума;Litres;4320;172.8;8
2026-W33;Шёпот времени;Ozon;3510;140.4;9
2026-W33;Тихий сад;WB;3490;139.6;10
2026-W33;Северный экспресс;Litres;1796;71.84;4
2026-W33;Дом у маяка;Ozon;1495;59.8;5
2026-W33;Игры разума;WB;3240;129.6;6
2026-W33;Шёпот времени;Litres;2730;109.2;7
2026-W33;Тихий сад;Ozon;2792;111.68;8
2026-W33;Северный экспресс;WB;4041;161.64;9
2026-W33;Дом у маяка;Litres;2990;119.6;10
2026-W33;Игры разума;Ozon;2160;86.4;4
2026-W33;Шёпот времени;WB;1950;78;5
2026-W33;Тихий сад;Litres;2094;83.76;6
2026-W33;Северный экспресс;Ozon;3143;125.72;7
2026-W33;Дом у маяка;WB;2392;95.68;8
2026-W33;Игры разума;Litres;4860;194.4;9
2026-W33;Шёпот времени;Ozon;3900;156;10
2026-W33;Тихий сад;WB;1396;55.84;4
2026-W33;Северный экспресс;Litres;2245;89.8;5
2026-W33;Дом у маяка;Ozon;1794;71.76;6
2026-W33;Игры разума;WB;3780;151.2;7
2026-W33;Шёпот времени;Litres;3120;124.8;8
2026-W33;Тихий сад;Ozon;3141;125.64;9
2026-W33;Северный экспресс;WB;4490;179.6;10
2026-W33;Дом у маяка;Litres;1196;47.84;4
2026-W33;Игры разума;Ozon;2700;108;5
2026-W33;Шёпот времени;WB;2340;93.6;6
2026-W33;Тихий сад;Litres;2443;97.72;7
2026-W33;Северный экспресс;Ozon;3592;143.68;8
2026-W33;Дом у маяка;WB;2691;107.64;9
2026-W33;Игры разума;Litres;5400;216;10
2026-W33;Шёпот времени;Ozon;1560;62.4;4
2026-W33;Тихий сад;WB;1745;69.8;5
2026-W33;Северный экспресс;Litres;2694;107.76;6
2026-W33;Дом у маяка;Ozon;2093;83.72;7
2026-W33;Игры разума;WB;4320;172.8;8
2026-W33;Шёпот времени;Litres;3510;140.4;9
2026-W33;Тихий сад;Ozon;3490;139.6;10
2026-W33;Северный экспресс;WB;1796;71.84;4
2026-W33;Дом у маяка;Litres;1495;59.8;5
2026-W33;Игры разума;Ozon;3240;129.6;6
2026-W33;Шёпот времени;WB;2730;109.2;7
2026-W33;Тихий сад;Litres;2792;111.68;8
2026-W33;Северный экспресс;Ozon;4041;161.64;9
2026-W33;Дом у маяка;WB;2990;119.6;10
2026-W33;Игры разума;Litres;2160;86.4;4
2026-W33;Шёпот времени;Ozon;1950;78;5
2026-W33;Тихий сад;WB;2094;83.76;6
2026-W33;Северный экспресс;Litres;3143;125.72;7
2026-W33;Дом у маяка;Ozon;2392;95.68;8
2026-W33;Игры разума;WB;4860;194.4;9
2026-W33;Шёпот времени;Litres;3900;156;10
2026-W33;Тихий сад;Ozon;1396;55.84;4
2026-W33;Северный экспресс;WB;2245;89.8;5
2026-W33;Дом у маяка;Litres;1794;71.76;6
2026-W33;Игры разума;Ozon;3780;151.2;7
2026-W33;Шёпот времени;WB;3120;124.8;8
2026-W33;Тихий сад;Litres;3141;125.64;9
2026-W33;Северный экспресс;Ozon;4490;179.6;10
2026-W33;Дом у маяка;WB;1196;47.84;4
2026-W33;Игры разума;Litres;2700;108;5
2026-W33;Шёпот времени;Ozon;2340;93.6;6
2026-W33;Тихий сад;WB;2443;97.72;7
2026-W33;Северный экспресс;Litres;3592;143.68;8
2026-W33;Дом у маяка;Ozon;2691;107.64;9
2026-W33;Игры разума;WB;5400;216;10
2026-W33;Шёпот времени;Litres;1560;62.4;4
2026-W33;Тихий сад;Ozon;1745;69.8;5
2026-W33;Северный экспресс;WB;2694;107.76;6
2026-W33;Дом у маяка;Litres;2093;83.72;7
2026-W33;Игры разума;Ozon;4320;172.8;8
2026-W33;Шёпот времени;WB;3510;140.4;9
2026-W33;Тихий сад;Litres;3490;139.6;10
2026-W33;Северный экспресс;Ozon;1796;71.84;4
2026-W33;Дом у маяка;WB;1495;59.8;5
2026-W33;Игры разума;Litres;3240;129.6;6
2026-W33;Шёпот времени;Ozon;2730;109.2;7
2026-W33;Тихий сад;WB;2792;111.68;8
2026-W33;Северный экспресс;Litres;4041;161.64;9
2026-W33;Дом у маяка;Ozon;2990;119.6;10
2026-W33;Игры разума;WB;2160;86.4;4
2026-W33;Шёпот времени;Litres;1950;78;5
2026-W33;Тихий сад;Ozon;2094;83.76;6
2026-W33;Северный экспресс;WB;3143;125.72;7
2026-W33;Дом у маяка;Litres;2392;95.68;8
2026-W33;Игры разума;Ozon;4860;194.4;9
2026-W33;Шёпот времени;WB;3900;156;10
2026-W33;Тихий сад;Litres;1396;55.84;4
2026-W33;Северный экспресс;Ozon;2245;89.8;5
2026-W33;Дом у маяка;WB;1794;71.76;6
2026-W33;Игры разума;Litres;3780;151.2;7
2026-W33;Шёпот времени;Ozon;3120;124.8;8
2026-W33;Тихий сад;WB;3141;125.64;9
2026-W33;Северный экспресс;Litres;4490;179.6;10
2026-W33;Дом у маяка;Ozon;1196;47.84;4
2026-W33;Игры разума;WB;2700;108;5
2026-W33;Шёпот времени;Litres;2340;93.6;6
2026-W33;Тихий сад;Ozon;2443;97.72;7
2026-W33;Северный экспресс;WB;3592;143.68;8
2026-W33;Дом у маяка;Litres;2691;107.64;9
2026-W33;Игры разума;Ozon;5400;216;10
2026-W33;Шёпот времени;WB;1560;62.4;4
2026-W33;Тихий сад;Litres;1745;69.8;5
2026-W33;Северный экспресс;Ozon;2694;107.76;6
2026-W33;Дом у маяка;WB;2093;83.72;7
2026-W33;Игры разума;Litres;4320;172.8;8
2026-W33;Шёпот времени;Ozon;3510;140.4;9
2026-W33;Тихий сад;WB;3490;139.6;10
2026-W33;Северный экспресс;Litres;1796;71.84;4
2026-W33;Дом у маяка;Ozon;1495;59.8;5
2026-W33;Игры разума;WB;3240;129.6;6
2026-W33;Шёпот времени;Litres;2730;109.2;7
2026-W33;Тихий сад;Ozon;2792;111.68;8
2026-W33;Северный экспресс;WB;4041;161.64;9
2026-W33;Дом у маяка;Litres;2990;119.6;10
2026-W33;Игры разума;Ozon;2160;86.4;4
2026-W33;Шёпот времени;WB;1950;78;5
2026-W33;Тихий сад;Litres;2094;83.76;6
2026-W33;Северный экспресс;Ozon;3143;125.72;7
2026-W33;Дом у маяка;WB;2392;95.68;8
2026-W33;Игры разума;Litres;4860;194.4;9
2026-W33;Шёпот времени;Ozon;3900;156;10
2026-W33;Тихий сад;WB;1396;55.84;4
2026-W33;Северный экспресс;Litres;2245;89.8;5
2026-W33;Дом у маяка;Ozon;1794;71.76;6
2026-W33;Игры разума;WB;3780;151.2;7
2026-W33;Шёпот времени;Litres;3120;124.8;8
2026-W33;Тихий сад;Ozon;3141;125.64;9
2026-W33;Северный экспресс;WB;4490;179.6;10
2026-W33;Дом у маяка;Litres;1196;47.84;4
2026-W33;Игры разума;Ozon;2700;108;5
2026-W33;Шёпот времени;WB;2340;93.6;6
2026-W33;Тихий сад;Litres;2443;97.72;7
2026-W33;Северный экспресс;Ozon;3592;143.68;8
2026-W33;Дом у маяка;WB;2691;107.64;9
2026-W33;Игры разума;Litres;5400;216;10
2026-W33;Шёпот времени;Ozon;1560;62.4;4
2026-W33;Тихий сад;WB;1745;69.8;5
2026-W33;Северный экспресс;Litres;2694;107.76;6
2026-W33;Дом у маяка;Ozon;2093;83.72;7
2026-W33;Игры разума;WB;4320;172.8;8
2026-W33;Шёпот времени;Litres;3510;140.4;9
2026-W33;Тихий сад;Ozon;3490;139.6;10
2026-W33;Северный экспресс;WB;1796;71.84;4
2026-W33;Дом у маяка;Litres;1495;59.8;5
2026-W33;Игры разума;Ozon;3240;129.6;6
2026-W33;Шёпот времени;WB;2730;109.2;7
2026-W33;Тихий сад;Litres;2792;111.68;8
2026-W33;Северный экспресс;Ozon;4041;161.64;9
2026-W33;Дом у маяка;WB;2990;119.6;10
2026-W33;Игры разума;Litres;2160;86.4;4
2026-W33;Шёпот времени;Ozon;1950;78;5
2026-W33;Тихий сад;WB;2094;83.76;6
2026-W33;Северный экспресс;Litres;3143;125.72;7
2026-W33;Дом у маяка;Ozon;2392;95.68;8
2026-W33;Игры разума;WB;4860;194.4;9
2026-W33;Шёпот времени;Litres;3900;156;10
2026-W33;Тихий сад;Ozon;1396;55.84;4
2026-W33;Северный экспресс;WB;2245;89.8;5
2026-W33;Дом у маяка;Litres;1794;71.76;6
2026-W33;Игры разума;Ozon;3780;151.2;7
2026-W33;Шёпот времени;WB;3120;124.8;8
2026-W33;Тихий сад;Litres;3141;125.64;9
2026-W33;Северный экспресс;Ozon;4490;179.6;10
2026-W33;Дом у маяка;WB;1196;47.84;4
2026-W33;Игры разума;Litres;2700;108;5
2026-W33;Шёпот времени;Ozon;2340;93.6;6
2026-W33;Тихий сад;WB;2443;97.72;7
2026-W33;Северный экспресс;Litres;3592;143.68;8
2026-W33;Дом у маяка;Ozon;2691;107.64;9
2026-W33;Игры разума;WB;5400;216;10
2026-W33;Шёпот времени;Litres;1560;62.4;4
2026-W33;Тихий сад;Ozon;1745;69.8;5
2026-W33;Северный экспресс;WB;2694;107.76;6
2026-W33;Дом у маяка;Litres;2093;83.72;7
2026-W33;Игры разума;Ozon;4320;172.8;8
2026-W33;Шёпот времени;WB;3510;140.4;9
2026-W33;Тихий сад;Litres;3490;139.6;10
2026-W33;Северный экспресс;Ozon;1796;71.84;4
2026-W33;Дом у маяка;WB;1495;59.8;5
2026-W33;Игры разума;Litres;3240;129.6;6
2026-W33;Шёпот времени;Ozon;2730;109.2;7
2026-W33;Тихий сад;WB;2792;111.68;8
2026-W33;Северный экспресс;Litres;4041;161.64;9
2026-W33;Дом у маяка;Ozon;2990;119.6;10
2026-W33;Игры разума;WB;2160;86.4;4
2026-W33;Шёпот времени;Litres;1950;78;5
2026-W33;Тихий сад;Ozon;2094;83.76;6
2026-W33;Северный экспресс;WB;3143;125.72;7
2026-W33;Дом у маяка;Litres;2392;95.68;8
2026-W33;Игры разума;Ozon;4860;194.4;9
2026-W33;Шёпот времени;WB;3900;156;10
2026-W33;Тихий сад;Litres;1396;55.84;4
2026-W33;Северный экспресс;Ozon;2245;89.8;5
2026-W33;Дом у маяка;WB;1794;71.76;6
2026-W33;Игры разума;Litres;3780;151.2;7
2026-W33;Шёпот времени;Ozon;3120;124.8;8
2026-W33;Тихий сад;WB;3141;125.64;9
2026-W33;Северный экспресс;Litres;4490;179.6;10
2026-W33;Дом у маяка;Ozon;1196;47.84;4
2026-W33;Игры разума;WB;2700;108;5
2026-W33;Шёпот времени;Litres;2340;93.6;6
2026-W33;Тихий сад;Ozon;2443;97.72;7
2026-W33;Северный экспресс;WB;3592;143.68;8
2026-W33;Дом у маяка;Litres;2691;107.64;9
2026-W33;Игры разума;Ozon;5400;216;10
2026-W33;Шёпот времени;WB;1560;62.4;4
2026-W33;Тихий сад;Litres;1745;69.8;5
2026-W33;Северный экспресс;Ozon;2694;107.76;6
2026-W33;Дом у маяка;WB;2093;83.72;7
2026-W33;Игры разума;Litres;4320;172.8;8
2026-W33;Шёпот времени;Ozon;3510;140.4;9
2026-W33;Тихий сад;WB;3490;139.6;10
2026-W33;Северный экспресс;Litres;1796;71.84;4
2026-W33;Дом у маяка;Ozon;1495;59.8;5
2026-W33;Игры разума;WB;3240;129.6;6
2026-W33;Шёпот времени;Litres;2730;109.2;7
2026-W33;Тихий сад;Ozon;2792;111.68;8
2026-W33;Северный экспресс;WB;4041;161.64;9
2026-W33;Дом у маяка;Litres;2990;119.6;10
2026-W33;Игры разума;Ozon;2160;86.4;4
2026-W33;Шёпот времени;WB;1950;78;5
2026-W33;Тихий сад;Litres;2094;83.76;6
2026-W33;Северный экспресс;Ozon;3143;125.72;7
2026-W33;Дом у маяка;WB;2392;95.68;8
2026-W33;Игры разума;Litres;4860;194.4;9
2026-W33;Шёпот времени;Ozon;3900;156;10
2026-W33;Тихий сад;WB;1396;55.84;4
2026-W33;Северный экспресс;Litres;2245;89.8;5
2026-W33;Дом у маяка;Ozon;1794;71.76;6
2026-W33;Игры разума;WB;3780;151.2;7
2026-W33;Шёпот времени;Litres;3120;124.8;8
2026-W33;Тихий сад;Ozon;3141;125.64;9
2026-W33;Северный экспресс;WB;4490;179.6;10
2026-W33;Дом у маяка;Litres;1196;47.84;4
2026-W33;Игры разума;Ozon;2700;108;5
2026-W33;Шёпот времени;WB;2340;93.6;6
2026-W33;Тихий сад;Litres;2443;97.72;7
2026-W33;Северный экспресс;Ozon;3592;143.68;8
2026-W33;Дом у маяка;WB;2691;107.64;9
2026-W33;Игры разума;Litres;5400;216;10
2026-W33;Шёпот времени;Ozon;1560;62.4;4
2026-W33;Тихий сад;WB;1745;69.8;5
2026-W33;Северный экспресс;Litres;2694;107.76;6
2026-W33;Дом у маяка;Ozon;2093;83.72;7
2026-W33;Игры разума;WB;4320;172.8;8
2026-W33;Шёпот времени;Litres;3510;140.4;9
2026-W33;Тихий сад;Ozon;3490;139.6;10
2026-W33;Северный экспресс;WB;1796;71.84;4
2026-W33;Дом у маяка;Litres;1495;59.8;5
2026-W33;Игры разума;Ozon;3240;129.6;6
2026-W33;Шёпот времени;WB;2730;109.2;7
2026-W33;Тихий сад;Litres;2792;111.68;8
2026-W33;Северный экспресс;Ozon;4041;161.64;9
2026-W33;Дом у маяка;WB;2990;119.6;10
2026-W33;Игры разума;Litres;2160;86.4;4
2026-W33;Шёпот времени;Ozon;1950;78;5
2026-W33;Тихий сад;WB;2094;83.76;6
2026-W33;Северный экспресс;Litres;3143;125.72;7
2026-W33;Дом у маяка;Ozon;2392;95.68;8
2026-W33;Игры разума;WB;4860;194.4;9
2026-W33;Шёпот времени;Litres;3900;156;10
2026-W33;Тихий сад;Ozon;1396;55.84;4
2026-W33;Северный экспресс;WB;2245;89.8;5
2026-W33;Дом у маяка;Litres;1794;71.76;6
2026-W33;Игры разума;Ozon;3780;151.2;7
2026-W33;Шёпот времени;WB;3120;124.8;8
2026-W33;Тихий сад;Litres;3141;125.64;9
2026-W33;Северный экспресс;Ozon;4490;179.6;10
2026-W33;Дом у маяка;WB;1196;47.84;4
2026-W33;Игры разума;Litres;2700;108;5
2026-W33;Шёпот времени;Ozon;2340;93.6;6
2026-W33;Тихий сад;WB;2443;97.72;7
2026-W33;Северный экспресс;Litres;3592;143.68;8
2026-W33;Дом у маяка;Ozon;2691;107.64;9
2026-W33;Игры разума;WB;5400;216;10
2026-W33;Шёпот времени;Litres;1560;62.4;4
2026-W33;Тихий сад;Ozon;1745;69.8;5
2026-W33;Северный экспресс;WB;2694;107.76;6
2026-W33;Дом у маяка;Litres;2093;83.72;7
2026-W33;Игры разума;Ozon;4320;172.8;8
2026-W33;Шёпот времени;WB;3510;140.4;9
2026-W33;Тихий сад;Litres;3490;139.6;10
2026-W33;Северный экспресс;Ozon;1796;71.84;4
2026-W33;Дом у маяка;WB;1495;59.8;5
2026-W33;Игры разума;Litres;3240;129.6;6
2026-W33;Шёпот времени;Ozon;2730;109.2;7
2026-W33;Тихий сад;WB;2792;111.68;8
2026-W33;Северный экспресс;Litres;4041;161.64;9
2026-W33;Дом у маяка;Ozon;2990;119.6;10
2026-W33;Игры разума;WB;2160;86.4;4
2026-W33;Шёпот времени;Litres;1950;78;5
2026-W33;Тихий сад;Ozon;2094;83.76;6
2026-W33;Северный экспресс;WB;3143;125.72;7
2026-W33;Дом у маяка;Litres;2392;95.68;8
2026-W33;Игры разума;Ozon;4860;194.4;9
2026-W33;Шёпот времени;WB;3900;156;10
2026-W33;Тихий сад;Litres;1396;55.84;4
2026-W33;Северный экспресс;Ozon;2245;89.8;5
2026-W33;Дом у маяка;WB;1794;71.76;6
2026-W33;Игры разума;Litres;3780;151.2;7
2026-W33;Шёпот времени;Ozon;3120;124.8;8
2026-W33;Тихий сад;WB;3141;125.64;9
2026-W33;Северный экспресс;Litres;4490;179.6;10
2026-W33;Дом у маяка;Ozon;1196;47.84;4
2026-W33;Игры разума;WB;2700;108;5
2026-W33;Шёпот времени;Litres;2340;93.6;6
2026-W33;Тихий сад;Ozon;2443;97.72;7
2026-W33;Северный экспресс;WB;3592;143.68;8
2026-W33;Дом у маяка;Litres;2691;107.64;9
2026-W33;Игры разума;Ozon;5400;216;10
2026-W33;Шёпот времени;WB;1560;62.4;4
2026-W33;Тихий сад;Litres;1745;69.8;5
2026-W33;Северный экспресс;Ozon;2694;107.76;6
2026-W33;Дом у маяка;WB;2093;83.72;7
2026-W33;Игры разума;Litres;4320;172.8;8
2026-W33;Шёпот времени;Ozon;3510;140.4;9
2026-W33;Тихий сад;WB;3490;139.6;10
2026-W33;Северный экспресс;Litres;1796;71.84;4
2026-W33;Дом у маяка;Ozon;1495;59.8;5
2026-W33;Игры разума;WB;3240;129.6;6
2026-W33;Шёпот времени;Litres;2730;109.2;7
2026-W33;Тихий сад;Ozon;2792;111.68;8
2026-W33;Северный экспресс;WB;4041;161.64;9
2026-W33;Дом у маяка;Litres;2990;119.6;10
2026-W33;Игры разума;Ozon;2160;86.4;4
2026-W33;Шёпот времени;WB;1950;78;5
2026-W33;Тихий сад;Litres;2094;83.76;6
2026-W33;Северный экспресс;Ozon;3143;125.72;7
2026-W33;Дом у маяка;WB;2392;95.68;8
2026-W33;Игры разума;Litres;4860;194.4;9
2026-W33;Шёпот времени;Ozon;3900;156;10
2026-W33;Тихий сад;WB;1396;55.84;4
2026-W33;Северный экспресс;Litres;2245;89.8;5
2026-W33;Дом у маяка;Ozon;1794;71.76;6
2026-W33;Игры разума;WB;3780;151.2;7
2026-W33;Шёпот времени;Litres;3120;124.8;8
2026-W33;Тихий сад;Ozon;3141;125.64;9
2026-W33;Северный экспресс;WB;4490;179.6;10
2026-W33;Дом у маяка;Litres;1196;47.84;4
2026-W33;Игры разума;Ozon;2700;108;5
2026-W33;Шёпот времени;WB;2340;93.6;6
2026-W33;Тихий сад;Litres;2443;97.72;7
2026-W33;Северный экспресс;Ozon;3592;143.68;8
2026-W33;Дом у маяка;WB;2691;107.64;9
2026-W33;Игры разума;Litres;5400;216;10
2026-W33;Шёпот времени;Ozon;1560;62.4;4
2026-W33;Тихий сад;WB;1745;69.8;5
2026-W33;Северный экспресс;Litres;2694;107.76;6
2026-W33;Дом у маяка;Ozon;2093;83.72;7
2026-W33;Игры разума;WB;4320;172.8;8
2026-W33;Шёпот времени;Litres;3510;140.4;9
2026-W33;Тихий сад;Ozon;3490;139.6;10
2026-W33;Северный экспресс;WB;1796;71.84;4
2026-W33;Дом у маяка;Litres;1495;59.8;5
2026-W33;Игры разума;Ozon;3240;129.6;6
2026-W33;Шёпот времени;WB;2730;109.2;7
2026-W33;Тихий сад;Litres;2792;111.68;8
2026-W33;Северный экспресс;Ozon;4041;161.64;9
2026-W33;Дом у маяка;WB;2990;119.6;10
2026-W33;Игры разума;Litres;2160;86.4;4
2026-W33;Шёпот времени;Ozon;1950;78;5
2026-W33;Тихий сад;WB;2094;83.76;6
2026-W33;Северный экспресс;Litres;3143;125.72;7
2026-W33;Дом у маяка;Ozon;2392;95.68;8
2026-W33;Игры разума;WB;4860;194.4;9
2026-W33;Шёпот времени;Litres;3900;156;10
2026-W33;Тихий сад;Ozon;1396;55.84;4
2026-W33;Северный экспресс;WB;2245;89.8;5
2026-W33;Дом у маяка;Litres;1794;71.76;6
2026-W33;Игры разума;Ozon;3780;151.2;7
2026-W33;Шёпот времени;WB;3120;124.8;8
2026-W33;Тихий сад;Litres;3141;125.64;9
2026-W33;Северный экспресс;Ozon;4490;179.6;10
2026-W33;Дом у маяка;WB;1196;47.84;4
2026-W33;Игры разума;Litres;2700;108;5
2026-W33;Шёпот времени;Ozon;2340;93.6;6
2026-W33;Тихий сад;WB;2443;97.72;7
2026-W33;Северный экспресс;Litres;3592;143.68;8
2026-W33;Дом у маяка;Ozon;2691;107.64;9
2026-W33;Игры разума;WB;5400;216;10
2026-W33;Шёпот времени;Litres;1560;62.4;4
2026-W33;Тихий сад;Ozon;1745;69.8;5
2026-W33;Северный экспресс;WB;2694;107.76;6
2026-W33;Дом у маяка;Litres;2093;83.72;7
2026-W33;Игры разума;Ozon;4320;172.8;8
2026-W33;Шёпот времени;WB;3510;140.4;9
2026-W33;Тихий сад;Litres;3490;139.6;10
2026-W33;Северный экспресс;Ozon;1796;71.84;4
2026-W33;Дом у маяка;WB;1495;59.8;5
2026-W33;Игры разума;Litres;3240;129.6;6
2026-W33;Шёпот времени;Ozon;2730;109.2;7
2026-W33;Тихий сад;WB;2792;111.68;8
2026-W33;Северный экспресс;Litres;4041;161.64;9
2026-W33;Дом у маяка;Ozon;2990;119.6;10
2026-W33;Игры разума;WB;2160;86.4;4
2026-W33;Шёпот времени;Litres;1950;78;5
2026-W33;Тихий сад;Ozon;2094;83.76;6
2026-W33;Северный экспресс;WB;3143;125.72;7
2026-W33;Дом у маяка;Litres;2392;95.68;8
2026-W33;Игры разума;Ozon;4860;194.4;9
2026-W33;Шёпот времени;WB;3900;156;10
2026-W33;Тихий сад;Litres;1396;55.84;4
2026-W33;Северный экспресс;Ozon;2245;89.8;5
2026-W33;Дом у маяка;WB;1794;71.76;6
2026-W33;Игры разума;Litres;3780;151.2;7
2026-W33;Шёпот времени;Ozon;3120;124.8;8
2026-W33;Тихий сад;WB;3141;125.64;9
2026-W33;Северный экспресс;Litres;4490;179.6;10
2026-W33;Дом у маяка;Ozon;1196;47.84;4
2026-W33;Игры разума;WB;2700;108;5
2026-W33;Шёпот времени;Litres;2340;93.6;6
2026-W33;Тихий сад;Ozon;2443;97.72;7
2026-W33;Северный экспресс;WB;3592;143.68;8
2026-W33;Дом у маяка;Litres;2691;107.64;9
2026-W33;Игры разума;Ozon;5400;216;10
2026-W33;Шёпот времени;WB;1560;62.4;4
2026-W33;Тихий сад;Litres;1745;69.8;5
2026-W33;Северный экспресс;Ozon;2694;107.76;6
2026-W33;Дом у маяка;WB;2093;83.72;7
2026-W33;Игры разума;Litres;4320;172.8;8
2026-W33;Шёпот времени;Ozon;3510;140.4;9
2026-W33;Тихий сад;WB;3490;139.6;10
2026-W33;Северный экспресс;Litres;1796;71.84;4
2026-W33;Дом у маяка;Ozon;1495;59.8;5
2026-W33;Игры разума;WB;3240;129.6;6
2026-W33;Шёпот времени;Litres;2730;109.2;7
2026-W33;Тихий сад;Ozon;2792;111.68;8
2026-W33;Северный экспресс;WB;4041;161.64;9
2026-W33;Дом у маяка;Litres;2990;119.6;10
2026-W33;Игры разума;Ozon;2160;86.4;4
2026-W33;Шёпот времени;WB;1950;78;5
2026-W33;Тихий сад;Litres;2094;83.76;6
2026-W33;Северный экспресс;Ozon;3143;125.72;7
2026-W33;Дом у маяка;WB;2392;95.68;8
2026-W33;Игры разума;Litres;4860;194.4;9
2026-W33;Шёпот времени;Ozon;3900;156;10
2026-W33;Тихий сад;WB;1396;55.84;4
2026-W33;Северный экспресс;Litres;2245;89.8;5
2026-W33;Дом у маяка;Ozon;1794;71.76;6
2026-W33;Игры разума;WB;3780;151.2;7
2026-W33;Шёпот времени;Litres;3120;124.8;8
2026-W33;Тихий сад;Ozon;3141;125.64;9
2026-W33;Северный экспресс;WB;4490;179.6;10
2026-W33;Дом у маяка;Litres;1196;47.84;4
2026-W33;Игры разума;Ozon;2700;108;5
2026-W33;Шёпот времени;WB;2340;93.6;6
2026-W33;Тихий сад;Litres;2443;97.72;7
2026-W33;Северный экспресс;Ozon;3592;143.68;8
2026-W33;Дом у маяка;WB;2691;107.64;9
2026-W33;Игры разума;Litres;5400;216;10
2026-W33;Шёпот времени;Ozon;1560;62.4;4
2026-W33;Тихий сад;WB;1745;69.8;5
2026-W33;Северный экспресс;Litres;2694;107.76;6
2026-W33;Дом у маяка;Ozon;2093;83.72;7
2026-W33;Игры разума;WB;4320;172.8;8
2026-W33;Шёпот времени;Litres;3510;140.4;9
2026-W33;Тихий сад;Ozon;3490;139.6;10
2026-W33;Северный экспресс;WB;1796;71.84;4
2026-W33;Дом у маяка;Litres;1495;59.8;5
2026-W33;Игры разума;Ozon;3240;129.6;6
2026-W33;Шёпот времени;WB;2730;109.2;7
2026-W33;Тихий сад;Litres;2792;111.68;8
2026-W33;Северный экспресс;Ozon;4041;161.64;9
2026-W33;Дом у маяка;WB;2990;119.6;10
2026-W33;Игры разума;Litres;2160;86.4;4
2026-W33;Шёпот времени;Ozon;1950;78;5
2026-W33;Тихий сад;WB;2094;83.76;6
2026-W33;Северный экспресс;Litres;3143;125.72;7
2026-W33;Дом у маяка;Ozon;2392;95.68;8
2026-W33;Игры разума;WB;4860;194.4;9
2026-W33;Шёпот времени;Litres;3900;156;10
2026-W33;Тихий сад;Ozon;1396;55.84;4
2026-W33;Северный экспресс;WB;2245;89.8;5
2026-W33;Дом у маяка;Litres;1794;71.76;6
2026-W33;Игры разума;Ozon;3780;151.2;7
2026-W33;Шёпот времени;WB;3120;124.8;8
2026-W33;Тихий сад;Litres;3141;125.64;9
2026-W33;Северный экспресс;Ozon;4490;179.6;10
2026-W33;Дом у маяка;WB;1196;47.84;4
2026-W33;Игры разума;Litres;2700;108;5
2026-W33;Шёпот времени;Ozon;2340;93.6;6
2026-W33;Тихий сад;WB;2443;97.72;7
2026-W33;Северный экспресс;Litres;3592;143.68;8
2026-W33;Дом у маяка;Ozon;2691;107.64;9
2026-W33;Игры разума;WB;5400;216;10
2026-W33;Шёпот времени;Litres;1560;62.4;4
2026-W33;Тихий сад;Ozon;1745;69.8;5
2026-W33;Северный экспресс;WB;2694;107.76;6
2026-W33;Дом у маяка;Litres;2093;83.72;7
2026-W33;Игры разума;Ozon;4320;172.8;8
2026-W33;Шёпот времени;WB;3510;140.4;9
2026-W33;Тихий сад;Litres;3490;139.6;10
2026-W33;Северный экспресс;Ozon;1796;71.84;4
2026-W33;Дом у маяка;WB;1495;59.8;5
2026-W33;Игры разума;Litres;3240;129.6;6
2026-W33;Шёпот времени;Ozon;2730;109.2;7
2026-W33;Тихий сад;WB;2792;111.68;8
2026-W33;Северный экспресс;Litres;4041;161.64;9
2026-W33;Дом у маяка;Ozon;2990;119.6;10
2026-W33;Игры разума;WB;2160;86.4;4
2026-W33;Шёпот времени;Litres;1950;78;5
2026-W33;Тихий сад;Ozon;2094;83.76;6
2026-W33;Северный экспресс;WB;3143;125.72;7
2026-W33;Дом у маяка;Litres;2392;95.68;8
2026-W33;Игры разума;Ozon;4860;194.4;9
2026-W33;Шёпот времени;WB;3900;156;10
2026-W33;Тихий сад;Litres;1396;55.84;4
2026-W33;Северный экспресс;Ozon;2245;89.8;5
2026-W33;Дом у маяка;WB;1794;71.76;6
2026-W33;Игры разума;Litres;3780;151.2;7
2026-W33;Шёпот времени;Ozon;3120;124.8;8
2026-W33;Тихий сад;WB;3141;125.64;9
2026-W33;Северный экспресс;Litres;4490;179.6;10
2026-W33;Дом у маяка;Ozon;1196;47.84;4
2026-W33;Игры разума;WB;2700;108;5
2026-W33;Шёпот времени;Litres;2340;93.6;6
2026-W33;Тихий сад;Ozon;2443;97.72;7
2026-W33;Северный экспресс;WB;3592;143.68;8
2026-W33;Дом у маяка;Litres;2691;107.64;9
2026-W33;Игры разума;Ozon;5400;216;10
2026-W33;Шёпот времени;WB;1560;62.4;4
2026-W33;Тихий сад;Litres;1745;69.8;5
2026-W33;Северный экспресс;Ozon;2694;107.76;6
2026-W33;Дом у маяка;WB;2093;83.72;7
2026-W33;Игры разума;Litres;4320;172.8;8
2026-W33;Шёпот времени;Ozon;3510;140.4;9
2026-W33;Тихий сад;WB;3490;139.6;10
2026-W33;Северный экспресс;Litres;1796;71.84;4
2026-W33;Дом у маяка;Ozon;1495;59.8;5
2026-W33;Игры разума;WB;3240;129.6;6
2026-W33;Шёпот времени;Litres;2730;109.2;7
2026-W33;Тихий сад;Ozon;2792;111.68;8
2026-W33;Северный экспресс;WB;4041;161.64;9
2026-W33;Дом у маяка;Litres;2990;119.6;10
2026-W33;Игры разума;Ozon;2160;86.4;4
2026-W33;Шёпот времени;WB;1950;78;5
2026-W33;Тихий сад;Litres;2094;83.76;6
2026-W33;Северный экспресс;Ozon;3143;125.72;7
2026-W33;Дом у маяка;WB;2392;95.68;8
2026-W33;Игры разума;Litres;4860;194.4;9
2026-W33;Шёпот времени;Ozon;3900;156;10
2026-W33;Тихий сад;WB;1396;55.84;4
2026-W33;Северный экспресс;Litres;2245;89.8;5
2026-W33;Дом у маяка;Ozon;1794;71.76;6
2026-W33;Игры разума;WB;3780;151.2;7
2026-W33;Шёпот времени;Litres;3120;124.8;8
2026-W33;Тихий сад;Ozon;3141;125.64;9
2026-W33;Северный экспресс;WB;4490;179.6;10
2026-W33;Дом у маяка;Litres;1196;47.84;4
2026-W33;Игры разума;Ozon;2700;108;5
2026-W33;Шёпот времени;WB;2340;93.6;6
2026-W33;Тихий сад;Litres;2443;97.72;7
2026-W33;Северный экспресс;Ozon;3592;143.68;8
2026-W33;Дом у маяка;WB;2691;107.64;9
2026-W33;Игры разума;Litres;5400;216;10
2026-W33;Шёпот времени;Ozon;1560;62.4;4
2026-W33;Тихий сад;WB;1745;69.8;5
2026-W33;Северный экспресс;Litres;2694;107.76;6
2026-W33;Дом у маяка;Ozon;2093;83.72;7
2026-W33;Игры разума;WB;4320;172.8;8
2026-W33;Шёпот времени;Litres;3510;140.4;9
2026-W33;Тихий сад;Ozon;3490;139.6;10
2026-W33;Северный экспресс;WB;1796;71.84;4
2026-W33;Дом у маяка;Litres;1495;59.8;5
2026-W33;Игры разума;Ozon;3240;129.6;6
2026-W33;Шёпот времени;WB;2730;109.2;7
2026-W33;Тихий сад;Litres;2792;111.68;8
2026-W33;Северный экспресс;Ozon;4041;161.64;9
2026-W33;Дом у маяка;WB;2990;119.6;10
2026-W33;Игры разума;Litres;2160;86.4;4
2026-W33;Шёпот времени;Ozon;1950;78;5
2026-W33;Тихий сад;WB;2094;83.76;6
2026-W33;Северный экспресс;Litres;3143;125.72;7
2026-W33;Дом у маяка;Ozon;2392;95.68;8
2026-W33;Игры разума;WB;4860;194.4;9
2026-W33;Шёпот времени;Litres;3900;156;10
2026-W33;Тихий сад;Ozon;1396;55.84;4
2026-W33;Северный экспресс;WB;2245;89.8;5
2026-W33;Дом у маяка;Litres;1794;71.76;6
2026-W33;Игры разума;Ozon;3780;151.2;7
2026-W33;Шёпот времени;WB;3120;124.8;8
2026-W33;Тихий сад;Litres;3141;125.64;9
2026-W33;Северный экспресс;Ozon;4490;179.6;10
2026-W33;Дом у маяка;WB;1196;47.84;4
2026-W33;Игры разума;Litres;2700;108;5
2026-W33;Шёпот времени;Ozon;2340;93.6;6
2026-W33;Тихий сад;WB;2443;97.72;7
2026-W33;Северный экспресс;Litres;3592;143.68;8
2026-W33;Дом у маяка;Ozon;2691;107.64;9
2026-W33;Игры разума;WB;5400;216;10
2026-W33;Шёпот времени;Litres;1560;62.4;4
2026-W33;Тихий сад;Ozon;1745;69.8;5
2026-W33;Северный экспресс;WB;2694;107.76;6
2026-W33;Дом у маяка;Litres;2093;83.72;7
2026-W33;Игры разума;Ozon;4320;172.8;8
2026-W33;Шёпот времени;WB;3510;140.4;9
2026-W33;Тихий сад;Litres;3490;139.6;10
2026-W33;Северный экспресс;Ozon;1796;71.84;4
2026-W33;Дом у маяка;WB;1495;59.8;5
2026-W33;Игры разума;Litres;3240;129.6;6
2026-W33;Шёпот времени;Ozon;2730;109.2;7
2026-W33;Тихий сад;WB;2792;111.68;8
2026-W33;Северный экспресс;Litres;4041;161.64;9
2026-W33;Дом у маяка;Ozon;2990;119.6;10
2026-W33;Игры разума;WB;2160;86.4;4
2026-W33;Шёпот времени;Litres;1950;78;5
2026-W33;Тихий сад;Ozon;2094;83.76;6
2026-W33;Северный экспресс;WB;3143;125.72;7
2026-W33;Дом у маяка;Litres;2392;95.68;8
2026-W33;Игры разума;Ozon;4860;194.4;9
2026-W33;Шёпот времени;WB;3900;156;10
2026-W33;Тихий сад;Litres;1396;55.84;4
2026-W33;Северный экспресс;Ozon;2245;89.8;5
2026-W33;Дом у маяка;WB;1794;71.76;6
2026-W33;Игры разума;Litres;3780;151.2;7
2026-W33;Шёпот времени;Ozon;3120;124.8;8
2026-W33;Тихий сад;WB;3141;125.64;9
2026-W33;Северный экспресс;Litres;4490;179.6;10
2026-W33;Дом у маяка;Ozon;1196;47.84;4
2026-W33;Игры разума;WB;2700;108;5
2026-W33;Шёпот времени;Litres;2340;93.6;6
2026-W33;Тихий сад;Ozon;2443;97.72;7
2026-W33;Северный экспресс;WB;3592;143.68;8
2026-W33;Дом у маяка;Litres;2691;107.64;9
2026-W33;Игры разума;Ozon;5400;216;10
2026-W33;Шёпот времени;WB;1560;62.4;4
2026-W33;Тихий сад;Litres;1745;69.8;5
2026-W33;Северный экспресс;Ozon;2694;107.76;6
2026-W33;Дом у маяка;WB;2093;83.72;7
2026-W33;Игры разума;Litres;4320;172.8;8
2026-W33;Шёпот времени;Ozon;3510;140.4;9
2026-W33;Тихий сад;WB;3490;139.6;10
2026-W33;Северный экспресс;Litres;1796;71.84;4
2026-W33;Дом у маяка;Ozon;1495;59.8;5
2026-W33;Игры разума;WB;3240;129.6;6
2026-W33;Шёпот времени;Litres;2730;109.2;7
2026-W33;Тихий сад;Ozon;2792;111.68;8
2026-W33;Северный экспресс;WB;4041;161.64;9
2026-W33;Дом у маяка;Litres;2990;119.6;10
2026-W33;Игры разума;Ozon;2160;86.4;4
2026-W33;Шёпот времени;WB;1950;78;5
2026-W33;Тихий сад;Litres;2094;83.76;6
2026-W33;Северный экспресс;Ozon;3143;125.72;7
2026-W33;Дом у маяка;WB;2392;95.68;8
2026-W33;Игры разума;Litres;4860;194.4;9
2026-W33;Шёпот времени;Ozon;3900;156;10
2026-W33;Тихий сад;WB;1396;55.84;4
2026-W33;Северный экспресс;Litres;2245;89.8;5
2026-W33;Дом у маяка;Ozon;1794;71.76;6
2026-W33;Игры разума;WB;3780;151.2;7
2026-W33;Шёпот времени;Litres;3120;124.8;8
2026-W33;Тихий сад;Ozon;3141;125.64;9
2026-W33;Северный экспресс;WB;4490;179.6;10
2026-W33;Дом у маяка;Litres;1196;47.84;4
2026-W33;Игры разума;Ozon;2700;108;5
2026-W33;Шёпот времени;WB;2340;93.6;6
2026-W33;Тихий сад;Litres;2443;97.72;7
2026-W33;Северный экспресс;Ozon;3592;143.68;8
2026-W33;Дом у маяка;WB;2691;107.64;9
2026-W33;Игры разума;Litres;5400;216;10
2026-W33;Шёпот времени;Ozon;1560;62.4;4
2026-W33;Тихий сад;WB;1745;69.8;5
2026-W33;Северный экспресс;Litres;2694;107.76;6
2026-W33;Дом у маяка;Ozon;2093;83.72;7
2026-W33;Игры разума;WB;4320;172.8;8
2026-W33;Шёпот времени;Litres;3510;140.4;9
2026-W33;Тихий сад;Ozon;3490;139.6;10
2026-W33;Северный экспресс;WB;1796;71.84;4
2026-W33;Дом у маяка;Litres;1495;59.8;5
2026-W33;Игры разума;Ozon;3240;129.6;6
2026-W33;Шёпот времени;WB;2730;109.2;7
2026-W33;Тихий сад;Litres;2792;111.68;8
2026-W33;Северный экспресс;Ozon;4041;161.64;9
2026-W33;Дом у маяка;WB;2990;119.6;10
2026-W33;Игры разума;Litres;2160;86.4;4
2026-W33;Шёпот времени;Ozon;1950;78;5
2026-W33;Тихий сад;WB;2094;83.76;6
2026-W33;Северный экспресс;Litres;3143;125.72;7
2026-W33;Дом у маяка;Ozon;2392;95.68;8
2026-W33;Игры разума;WB;4860;194.4;9
2026-W33;Шёпот времени;Litres;3900;156;10
2026-W33;Тихий сад;Ozon;1396;55.84;4
2026-W33;Северный экспресс;WB;2245;89.8;5
2026-W33;Дом у маяка;Litres;1794;71.76;6
2026-W33;Игры разума;Ozon;3780;151.2;7
2026-W33;Шёпот времени;WB;3120;124.8;8
2026-W33;Тихий сад;Litres;3141;125.64;9
2026-W33;Северный экспресс;Ozon;4490;179.6;10
2026-W33;Дом у маяка;WB;1196;47.84;4
2026-W33;Игры разума;Litres;2700;108;5
2026-W33;Шёпот времени;Ozon;2340;93.6;6
2026-W33;Тихий сад;WB;2443;97.72;7
2026-W33;Северный экспресс;Litres;3592;143.68;8
2026-W33;Дом у маяка;Ozon;2691;107.64;9
2026-W33;Игры разума;WB;5400;216;10
2026-W33;Шёпот времени;Litres;1560;62.4;4
2026-W33;Тихий сад;Ozon;1745;69.8;5
2026-W33;Северный экспресс;WB;2694;107.76;6
2026-W33;Дом у маяка;Litres;2093;83.72;7
2026-W33;Игры разума;Ozon;4320;172.8;8
2026-W33;Шёпот времени;WB;3510;140.4;9
2026-W33;Тихий сад;Litres;3490;139.6;10
2026-W33;Северный экспресс;Ozon;1796;71.84;4
2026-W33;Дом у маяка;WB;1495;59.8;5
2026-W33;Игры разума;Litres;3240;129.6;6
2026-W33;Шёпот времени;Ozon;2730;109.2;7
2026-W33;Тихий сад;WB;2792;111.68;8
2026-W33;Северный экспресс;Litres;4041;161.64;9
2026-W33;Дом у маяка;Ozon;2990;119.6;10
2026-W33;Игры разума;WB;2160;86.4;4
2026-W33;Шёпот времени;Litres;1950;78;5
2026-W33;Тихий сад;Ozon;2094;83.76;6
2026-W33;Северный экспресс;WB;3143;125.72;7
2026-W33;Дом у маяка;Litres;2392;95.68;8
2026-W33;Игры разума;Ozon;4860;194.4;9
2026-W33;Шёпот времени;WB;3900;156;10
2026-W33;Тихий сад;Litres;1396;55.84;4
2026-W33;Северный экспресс;Ozon;2245;89.8;5
2026-W33;Дом у маяка;WB;1794;71.76;6
2026-W33;Игры разума;Litres;3780;151.2;7
2026-W33;Шёпот времени;Ozon;3120;124.8;8
2026-W33;Тихий сад;WB;3141;125.64;9
2026-W33;Северный экспресс;Litres;4490;179.6;10
2026-W33;Дом у маяка;Ozon;1196;47.84;4
2026-W33;Игры разума;WB;2700;108;5
2026-W33;Шёпот времени;Litres;2340;93.6;6
2026-W33;Тихий сад;Ozon;2443;97.72;7
2026-W33;Северный экспресс;WB;3592;143.68;8
2026-W33;Дом у маяка;Litres;2691;107.64;9
2026-W33;Игры разума;Ozon;5400;216;10
2026-W33;Шёпот времени;WB;1560;62.4;4
2026-W33;Тихий сад;Litres;1745;69.8;5
2026-W33;Северный экспресс;Ozon;2694;107.76;6
2026-W33;Дом у маяка;WB;2093;83.72;7
2026-W33;Игры разума;Litres;4320;172.8;8
2026-W33;Шёпот времени;Ozon;3510;140.4;9
2026-W33;Тихий сад;WB;3490;139.6;10
2026-W33;Северный экспресс;Litres;1796;71.84;4
2026-W33;Дом у маяка;Ozon;1495;59.8;5
2026-W33;Игры разума;WB;3240;129.6;6
2026-W33;Шёпот времени;Litres;2730;109.2;7
2026-W33;Тихий сад;Ozon;2792;111.68;8
2026-W33;Северный экспресс;WB;4041;161.64;9
2026-W33;Дом у маяка;Litres;2990;119.6;10
2026-W33;Игры разума;Ozon;2160;86.4;4
2026-W33;Шёпот времени;WB;1950;78;5
2026-W33;Тихий сад;Litres;2094;83.76;6
2026-W33;Северный экспресс;Ozon;3143;125.72;7
2026-W33;Дом у маяка;WB;2392;95.68;8
2026-W33;Игры разума;Litres;4860;194.4;9
2026-W33;Шёпот времени;Ozon;3900;156;10
2026-W33;Тихий сад;WB;1396;55.84;4
2026-W33;Северный экспресс;Litres;2245;89.8;5
2026-W33;Дом у маяка;Ozon;1794;71.76;6
2026-W33;Игры разума;WB;3780;151.2;7
2026-W33;Шёпот времени;Litres;3120;124.8;8
2026-W33;Тихий сад;Ozon;3141;125.64;9
2026-W33;Северный экспресс;WB;4490;179.6;10
2026-W33;Дом у маяка;Litres;1196;47.84;4
2026-W33;Игры разума;Ozon;2700;108;5
2026-W33;Шёпот времени;WB;2340;93.6;6
2026-W33;Тихий сад;Litres;2443;97.72;7
2026-W33;Северный экспресс;Ozon;3592;143.68;8
2026-W33;Дом у маяка;WB;2691;107.64;9
2026-W33;Игры разума;Litres;5400;216;10
2026-W33;Шёпот времени;Ozon;1560;62.4;4
2026-W33;Тихий сад;WB;1745;69.8;5
2026-W33;Северный экспресс;Litres;2694;107.76;6
2026-W33;Дом у маяка;Ozon;2093;83.72;7
2026-W33;Игры разума;WB;4320;172.8;8
2026-W33;Шёпот времени;Litres;3510;140.4;9
2026-W33;Тихий сад;Ozon;3490;139.6;10
2026-W33;Северный экспресс;WB;1796;71.84;4
2026-W33;Дом у маяка;Litres;1495;59.8;5
2026-W33;Игры разума;Ozon;3240;129.6;6
2026-W33;Шёпот времени;WB;2730;109.2;7
2026-W33;Тихий сад;Litres;2792;111.68;8
2026-W33;Северный экспресс;Ozon;4041;161.64;9
2026-W33;Дом у маяка;WB;2990;119.6;10
2026-W33;Игры разума;Litres;2160;86.4;4
2026-W33;Шёпот времени;Ozon;1950;78;5
2026-W33;Тихий сад;WB;2094;83.76;6
2026-W33;Северный экспресс;Litres;3143;125.72;7
2026-W33;Дом у маяка;Ozon;2392;95.68;8
2026-W33;Игры разума;WB;4860;194.4;9
2026-W33;Шёпот времени;Litres;3900;156;10
2026-W33;Тихий сад;Ozon;1396;55.84;4
2026-W33;Северный экспресс;WB;2245;89.8;5
2026-W33;Дом у маяка;Litres;1794;71.76;6
2026-W33;Игры разума;Ozon;3780;151.2;7
2026-W33;Шёпот времени;WB;3120;124.8;8
2026-W33;Тихий сад;Litres;3141;125.64;9
2026-W33;Северный экспресс;Ozon;4490;179.6;10
2026-W33;Дом у маяка;WB;1196;47.84;4
2026-W33;Игры разума;Litres;2700;108;5
2026-W33;Шёпот времени;Ozon;2340;93.6;6
2026-W33;Тихий сад;WB;2443;97.72;7
2026-W33;Северный экспресс;Litres;3592;143.68;8
2026-W33;Дом у маяка;Ozon;2691;107.64;9
2026-W33;Игры разума;WB;5400;216;10
2026-W33;Шёпот времени;Litres;1560;62.4;4
2026-W33;Тихий сад;Ozon;1745;69.8;5
2026-W33;Северный экспресс;WB;2694;107.76;6
2026-W33;Дом у маяка;Litres;2093;83.72;7
2026-W33;Игры разума;Ozon;4320;172.8;8
2026-W33;Шёпот времени;WB;3510;140.4;9
2026-W33;Тихий сад;Litres;3490;139.6;10
2026-W33;Северный экспресс;Ozon;1796;71.84;4
2026-W33;Дом у маяка;WB;1495;59.8;5
2026-W33;Игры разума;Litres;3240;129.6;6
2026-W33;Шёпот времени;Ozon;2730;109.2;7
2026-W33;Тихий сад;WB;2792;111.68;8
2026-W33;Северный экспресс;Litres;4041;161.64;9
2026-W33;Дом у маяка;Ozon;2990;119.6;10
2026-W33;Игры разума;WB;2160;86.4;4
2026-W33;Шёпот времени;Litres;1950;78;5
2026-W33;Тихий сад;Ozon;2094;83.76;6
2026-W33;Северный экспресс;WB;3143;125.72;7
2026-W33;Дом у маяка;Litres;2392;95.68;8
2026-W33;Игры разума;Ozon;4860;194.4;9
2026-W33;Шёпот времени;WB;3900;156;10
2026-W33;Тихий сад;Litres;1396;55.84;4
2026-W33;Северный экспресс;Ozon;2245;89.8;5
2026-W33;Дом у маяка;WB;1794;71.76;6
2026-W33;Игры разума;Litres;3780;151.2;7
2026-W33;Шёпот времени;Ozon;3120;124.8;8
2026-W33;Тихий сад;WB;3141;125.64;9
2026-W33;Северный экспресс;Litres;4490;179.6;10
2026-W33;Дом у маяка;Ozon;1196;47.84;4
2026-W33;Игры разума;WB;2700;108;5
2026-W33;Шёпот времени;Litres;2340;93.6;6
2026-W33;Тихий сад;Ozon;2443;97.72;7
2026-W33;Северный экспресс;WB;3592;143.68;8
2026-W33;Дом у маяка;Litres;2691;107.64;9
2026-W33;Игры разума;Ozon;5400;216;10
2026-W33;Шёпот времени;WB;1560;62.4;4
2026-W33;Тихий сад;Litres;1745;69.8;5
2026-W33;Северный экспресс;Ozon;2694;107.76;6
2026-W33;Дом у маяка;WB;2093;83.72;7
2026-W33;Игры разума;Litres;4320;172.8;8
2026-W33;Шёпот времени;Ozon;3510;140.4;9
2026-W33;Тихий сад;WB;3490;139.6;10
2026-W33;Северный экспресс;Litres;1796;71.84;4
2026-W33;Дом у маяка;Ozon;1495;59.8;5
2026-W33;Игры разума;WB;3240;129.6;6
2026-W33;Шёпот времени;Litres;2730;109.2;7
2026-W33;Тихий сад;Ozon;2792;111.68;8
2026-W33;Северный экспресс;WB;4041;161.64;9
2026-W33;Дом у маяка;Litres;2990;119.6;10
2026-W33;Игры разума;Ozon;2160;86.4;4
2026-W33;Шёпот времени;WB;1950;78;5
2026-W33;Тихий сад;Litres;2094;83.76;6
2026-W33;Северный экспресс;Ozon;3143;125.72;7
2026-W33;Дом у маяка;WB;2392;95.68;8
2026-W33;Игры разума;Litres;4860;194.4;9
2026-W33;Шёпот времени;Ozon;3900;156;10
2026-W33;Тихий сад;WB;1396;55.84;4
2026-W33;Северный экспресс;Litres;2245;89.8;5
2026-W33;Дом у маяка;Ozon;1794;71.76;6
2026-W33;Игры разума;WB;3780;151.2;7
2026-W33;Шёпот времени;Litres;3120;124.8;8
2026-W33;Тихий сад;Ozon;3141;125.64;9
2026-W33;Северный экспресс;WB;4490;179.6;10
2026-W33;Дом у маяка;Litres;1196;47.84;4
2026-W33;Игры разума;Ozon;2700;108;5
2026-W33;Шёпот времени;WB;2340;93.6;6
2026-W33;Тихий сад;Litres;2443;97.72;7
2026-W33;Северный экспресс;Ozon;3592;143.68;8
2026-W33;Дом у маяка;WB;2691;107.64;9
2026-W33;Игры разума;Litres;5400;216;10
2026-W33;Шёпот времени;Ozon;1560;62.4;4
2026-W33;Тихий сад;WB;1745;69.8;5
2026-W33;Северный экспресс;Litres;2694;107.76;6
2026-W33;Дом у маяка;Ozon;2093;83.72;7
2026-W33;Игры разума;WB;4320;172.8;8
2026-W33;Шёпот времени;Litres;3510;140.4;9
2026-W33;Тихий сад;Ozon;3490;139.6;10
2026-W33;Северный экспресс;WB;1796;71.84;4
2026-W33;Дом у маяка;Litres;1495;59.8;5
2026-W33;Игры разума;Ozon;3240;129.6;6
2026-W33;Шёпот времени;WB;2730;109.2;7
2026-W33;Тихий сад;Litres;2792;111.68;8
2026-W33;Северный экспресс;Ozon;4041;161.64;9
2026-W33;Дом у маяка;WB;2990;119.6;10
2026-W33;Игры разума;Litres;2160;86.4;4
2026-W33;Шёпот времени;Ozon;1950;78;5
2026-W33;Тихий сад;WB;2094;83.76;6
2026-W33;Северный экспресс;Litres;3143;125.72;7
2026-W33;Дом у маяка;Ozon;2392;95.68;8
2026-W33;Игры разума;WB;4860;194.4;9
2026-W33;Шёпот времени;Litres;3900;156;10
2026-W33;Тихий сад;Ozon;1396;55.84;4
2026-W33;Северный экспресс;WB;2245;89.8;5
2026-W33;Дом у маяка;Litres;1794;71.76;6
2026-W33;Игры разума;Ozon;3780;151.2;7
2026-W33;Шёпот времени;WB;3120;124.8;8
2026-W33;Тихий сад;Litres;3141;125.64;9
2026-W33;Северный экспресс;Ozon;4490;179.6;10
2026-W33;Дом у маяка;WB;1196;47.84;4
2026-W33;Игры разума;Litres;2700;108;5
2026-W33;Шёпот времени;Ozon;2340;93.6;6
2026-W33;Тихий сад;WB;2443;97.72;7
2026-W33;Северный экспресс;Litres;3592;143.68;8
2026-W33;Дом у маяка;Ozon;2691;107.64;9
2026-W33;Игры разума;WB;5400;216;10
2026-W33;Шёпот времени;Litres;1560;62.4;4
2026-W33;Тихий сад;Ozon;1745;69.8;5
2026-W33;Северный экспресс;WB;2694;107.76;6
2026-W33;Дом у маяка;Litres;2093;83.72;7
2026-W33;Игры разума;Ozon;4320;172.8;8
2026-W33;Шёпот времени;WB;3510;140.4;9
2026-W33;Тихий сад;Litres;3490;139.6;10
2026-W33;Северный экспресс;Ozon;1796;71.84;4
2026-W33;Дом у маяка;WB;1495;59.8;5
2026-W33;Игры разума;Litres;3240;129.6;6
2026-W33;Шёпот времени;Ozon;2730;109.2;7
2026-W33;Тихий сад;WB;2792;111.68;8
2026-W33;Северный экспресс;Litres;4041;161.64;9
2026-W33;Дом у маяка;Ozon;2990;119.6;10
2026-W33;Игры разума;WB;2160;86.4;4
2026-W33;Шёпот времени;Litres;1950;78;5
2026-W33;Тихий сад;Ozon;2094;83.76;6
2026-W33;Северный экспресс;WB;3143;125.72;7
2026-W33;Дом у маяка;Litres;2392;95.68;8
2026-W33;Игры разума;Ozon;4860;194.4;9
2026-W33;Шёпот времени;WB;3900;156;10
2026-W33;Тихий сад;Litres;1396;55.84;4
2026-W33;Северный экспресс;Ozon;2245;89.8;5
2026-W33;Дом у маяка;WB;1794;71.76;6
2026-W33;Игры разума;Litres;3780;151.2;7
2026-W33;Шёпот времени;Ozon;3120;124.8;8
2026-W33;Тихий сад;WB;3141;125.64;9
2026-W33;Северный экспресс;Litres;4490;179.6;10
2026-W33;Дом у маяка;Ozon;1196;47.84;4
2026-W33;Игры разума;WB;2700;108;5
2026-W33;Шёпот времени;Litres;2340;93.6;6
2026-W33;Тихий сад;Ozon;2443;97.72;7
2026-W33;Северный экспресс;WB;3592;143.68;8
2026-W33;Дом у маяка;Litres;2691;107.64;9
2026-W33;Игры разума;Ozon;5400;216;10
2026-W33;Шёпот времени;WB;1560;62.4;4
2026-W33;Тихий сад;Litres;1745;69.8;5
2026-W33;Северный экспресс;Ozon;2694;107.76;6
2026-W33;Дом у маяка;WB;2093;83.72;7
2026-W33;Игры разума;Litres;4320;172.8;8
2026-W33;Шёпот времени;Ozon;3510;140.4;9
2026-W33;Тихий сад;WB;3490;139.6;10
2026-W33;Северный экспресс;Litres;1796;71.84;4
2026-W33;Дом у маяка;Ozon;1495;59.8;5
2026-W33;Игры разума;WB;3240;129.6;6
2026-W33;Шёпот времени;Litres;2730;109.2;7
2026-W33;Тихий сад;Ozon;2792;111.68;8
2026-W33;Северный экспресс;WB;4041;161.64;9
2026-W33;Дом у маяка;Litres;2990;119.6;10
2026-W33;Игры разума;Ozon;2160;86.4;4
2026-W33;Шёпот времени;WB;1950;78;5
2026-W33;Тихий сад;Litres;2094;83.76;6
2026-W33;Северный экспресс;Ozon;3143;125.72;7
2026-W33;Дом у маяка;WB;2392;95.68;8
2026-W33;Игры разума;Litres;4860;194.4;9
2026-W33;Шёпот времени;Ozon;3900;156;10
2026-W33;Тихий сад;WB;1396;55.84;4
2026-W33;Северный экспресс;Litres;2245;89.8;5
2026-W33;Дом у маяка;Ozon;1794;71.76;6
2026-W33;Игры разума;WB;3780;151.2;7
2026-W33;Шёпот времени;Litres;3120;124.8;8
2026-W33;Тихий сад;Ozon;3141;125.64;9
2026-W33;Северный экспресс;WB;4490;179.6;10
2026-W33;Дом у маяка;Litres;1196;47.84;4
2026-W33;Игры разума;Ozon;2700;108;5
2026-W33;Шёпот времени;WB;2340;93.6;6
2026-W33;Тихий сад;Litres;2443;97.72;7
2026-W33;Северный экспресс;Ozon;3592;143.68;8
2026-W33;Дом у маяка;WB;2691;107.64;9
2026-W33;Игры разума;Litres;5400;216;10
2026-W33;Шёпот времени;Ozon;1560;62.4;4
2026-W33;Тихий сад;WB;1745;69.8;5
2026-W33;Северный экспресс;Litres;2694;107.76;6
2026-W33;Дом у маяка;Ozon;2093;83.72;7
2026-W33;Игры разума;WB;4320;172.8;8
2026-W33;Шёпот времени;Litres;3510;140.4;9
2026-W33;Тихий сад;Ozon;3490;139.6;10
2026-W33;Северный экспресс;WB;1796;71.84;4
2026-W33;Дом у маяка;Litres;1495;59.8;5
2026-W33;Игры разума;Ozon;3240;129.6;6
2026-W33;Шёпот времени;WB;2730;109.2;7
2026-W33;Тихий сад;Litres;2792;111.68;8
2026-W33;Северный экспресс;Ozon;4041;161.64;9
2026-W33;Дом у маяка;WB;2990;119.6;10
2026-W33;Игры разума;Litres;2160;86.4;4
2026-W33;Шёпот времени;Ozon;1950;78;5
2026-W33;Тихий сад;WB;2094;83.76;6
2026-W33;Северный экспресс;Litres;3143;125.72;7
2026-W33;Дом у маяка;Ozon;2392;95.68;8
2026-W33;Игры разума;WB;4860;194.4;9
2026-W33;Шёпот времени;Litres;3900;156;10
2026-W33;Тихий сад;Ozon;1396;55.84;4
2026-W33;Северный экспресс;WB;2245;89.8;5
2026-W33;Дом у маяка;Litres;1794;71.76;6
2026-W33;Игры разума;Ozon;3780;151.2;7
2026-W33;Шёпот времени;WB;3120;124.8;8
2026-W33;Тихий сад;Litres;3141;125.64;9
2026-W33;Северный экспресс;Ozon;4490;179.6;10
2026-W33;Дом у маяка;WB;1196;47.84;4
2026-W33;Игры разума;Litres;2700;108;5
2026-W33;Шёпот времени;Ozon;2340;93.6;6
2026-W33;Тихий сад;WB;2443;97.72;7
2026-W33;Северный экспресс;Litres;3592;143.68;8
2026-W33;Дом у маяка;Ozon;2691;107.64;9
2026-W33;Игры разума;WB;5400;216;10
2026-W33;Шёпот времени;Litres;1560;62.4;4
2026-W33;Тихий сад;Ozon;1745;69.8;5
2026-W33;Северный экспресс;WB;2694;107.76;6
2026-W33;Дом у маяка;Litres;2093;83.72;7
2026-W33;Игры разума;Ozon;4320;172.8;8
2026-W33;Шёпот времени;WB;3510;140.4;9
2026-W33;Тихий сад;Litres;3490;139.6;10
2026-W33;Северный экспресс;Ozon;1796;71.84;4
2026-W33;Дом у маяка;WB;1495;59.8;5
2026-W33;Игры разума;Litres;3240;129.6;6
2026-W33;Шёпот времени;Ozon;2730;109.2;7
2026-W33;Тихий сад;WB;2792;111.68;8
2026-W33;Северный экспресс;Litres;4041;161.64;9
2026-W33;Дом у маяка;Ozon;2990;119.6;10
2026-W33;Игры разума;WB;2160;86.4;4
2026-W33;Шёпот времени;Litres;1950;78;5
2026-W33;Тихий сад;Ozon;2094;83.76;6
2026-W33;Северный экспресс;WB;3143;125.72;7
2026-W33;Дом у маяка;Litres;2392;95.68;8
2026-W33;Игры разума;Ozon;4860;194.4;9
2026-W33;Шёпот времени;WB;3900;156;10
2026-W33;Тихий сад;Litres;1396;55.84;4
2026-W33;Северный экспресс;Ozon;2245;89.8;5
2026-W33;Дом у маяка;WB;1794;71.76;6
2026-W33;Игры разума;Litres;3780;151.2;7
2026-W33;Шёпот времени;Ozon;3120;124.8;8
2026-W33;Тихий сад;WB;3141;125.64;9
2026-W33;Северный экспресс;Litres;4490;179.6;10
2026-W33;Дом у маяка;Ozon;1196;47.84;4
2026-W33;Игры разума;WB;2700;108;5
2026-W33;Шёпот времени;Litres;2340;93.6;6
2026-W33;Тихий сад;Ozon;2443;97.72;7
2026-W33;Северный экспресс;WB;3592;143.68;8
2026-W33;Дом у маяка;Litres;2691;107.64;9
2026-W33;Игры разума;Ozon;5400;216;10
2026-W33;Шёпот времени;WB;1560;62.4;4
2026-W33;Тихий сад;Litres;1745;69.8;5
2026-W33;Северный экспресс;Ozon;2694;107.76;6
2026-W33;Дом у маяка;WB;2093;83.72;7
2026-W33;Игры разума;Litres;4320;172.8;8
2026-W33;Шёпот времени;Ozon;3510;140.4;9
2026-W33;Тихий сад;WB;3490;139.6;10
2026-W33;Северный экспресс;Litres;1796;71.84;4
2026-W33;Дом у маяка;Ozon;1495;59.8;5
2026-W33;Игры разума;WB;3240;129.6;6
2026-W33;Шёпот времени;Litres;2730;109.2;7
2026-W33;Тихий сад;Ozon;2792;111.68;8
2026-W33;Северный экспресс;WB;4041;161.64;9
2026-W33;Дом у маяка;Litres;2990;119.6;10
2026-W33;Игры разума;Ozon;2160;86.4;4
2026-W33;Шёпот времени;WB;1950;78;5
2026-W33;Тихий сад;Litres;2094;83.76;6
2026-W33;Северный экспресс;Ozon;3143;125.72;7
2026-W33;Дом у маяка;WB;2392;95.68;8
2026-W33;Игры разума;Litres;4860;194.4;9
2026-W33;Шёпот времени;Ozon;3900;156;10
2026-W33;Тихий сад;WB;1396;55.84;4
2026-W33;Северный экспресс;Litres;2245;89.8;5
2026-W33;Дом у маяка;Ozon;1794;71.76;6
2026-W33;Игры разума;WB;3780;151.2;7
2026-W33;Шёпот времени;Litres;3120;124.8;8
2026-W33;Тихий сад;Ozon;3141;125.64;9
2026-W33;Северный экспресс;WB;4490;179.6;10
2026-W33;Дом у маяка;Litres;1196;47.84;4
2026-W33;Игры разума;Ozon;2700;108;5
2026-W33;Шёпот времени;WB;2340;93.6;6
2026-W33;Тихий сад;Litres;2443;97.72;7
2026-W33;Северный экспресс;Ozon;3592;143.68;8
2026-W33;Дом у маяка;WB;2691;107.64;9
2026-W33;Игры разума;Litres;5400;216;10
2026-W33;Шёпот времени;Ozon;1560;62.4;4
2026-W33;Тихий сад;WB;1745;69.8;5
2026-W33;Северный экспресс;Litres;2694;107.76;6
2026-W33;Дом у маяка;Ozon;2093;83.72;7
2026-W33;Игры разума;WB;4320;172.8;8
2026-W33;Шёпот времени;Litres;3510;140.4;9
2026-W33;Тихий сад;Ozon;3490;139.6;10
2026-W33;Северный экспресс;WB;1796;71.84;4
2026-W33;Дом у маяка;Litres;1495;59.8;5
2026-W33;Игры разума;Ozon;3240;129.6;6
2026-W33;Шёпот времени;WB;2730;109.2;7
2026-W33;Тихий сад;Litres;2792;111.68;8
2026-W33;Северный экспресс;Ozon;4041;161.64;9
2026-W33;Дом у маяка;WB;2990;119.6;10
2026-W33;Игры разума;Litres;2160;86.4;4
2026-W33;Шёпот времени;Ozon;1950;78;5
2026-W33;Тихий сад;WB;2094;83.76;6
2026-W33;Северный экспресс;Litres;3143;125.72;7
2026-W33;Дом у маяка;Ozon;2392;95.68;8
2026-W33;Игры разума;WB;4860;194.4;9
2026-W33;Шёпот времени;Litres;3900;156;10
2026-W33;Тихий сад;Ozon;1396;55.84;4
2026-W33;Северный экспресс;WB;2245;89.8;5
2026-W33;Дом у маяка;Litres;1794;71.76;6
2026-W33;Игры разума;Ozon;3780;151.2;7
2026-W33;Шёпот времени;WB;3120;124.8;8
2026-W33;Тихий сад;Litres;3141;125.64;9
2026-W33;Северный экспресс;Ozon;4490;179.6;10
2026-W33;Дом у маяка;WB;1196;47.84;4
2026-W33;Игры разума;Litres;2700;108;5
2026-W33;Шёпот времени;Ozon;2340;93.6;6
2026-W33;Тихий сад;WB;2443;97.72;7
2026-W33;Северный экспресс;Litres;3592;143.68;8
2026-W33;Дом у маяка;Ozon;2691;107.64;9
2026-W33;Игры разума;WB;5400;216;10
2026-W33;Шёпот времени;Litres;1560;62.4;4
2026-W33;Тихий сад;Ozon;1745;69.8;5
2026-W33;Северный экспресс;WB;2694;107.76;6
2026-W33;Дом у маяка;Litres;2093;83.72;7
2026-W33;Игры разума;Ozon;4320;172.8;8
2026-W33;Шёпот времени;WB;3510;140.4;9
2026-W33;Тихий сад;Litres;3490;139.6;10
2026-W33;Северный экспресс;Ozon;1796;71.84;4
2026-W33;Дом у маяка;WB;1495;59.8;5
2026-W33;Игры разума;Litres;3240;129.6;6
2026-W33;Шёпот времени;Ozon;2730;109.2;7
2026-W33;Тихий сад;WB;2792;111.68;8
2026-W33;Северный экспресс;Litres;4041;161.64;9
2026-W33;Дом у маяка;Ozon;2990;119.6;10
2026-W33;Игры разума;WB;2160;86.4;4
2026-W33;Шёпот времени;Litres;1950;78;5
2026-W33;Тихий сад;Ozon;2094;83.76;6
2026-W33;Северный экспресс;WB;3143;125.72;7
2026-W33;Дом у маяка;Litres;2392;95.68;8
2026-W33;Игры разума;Ozon;4860;194.4;9
2026-W33;Шёпот времени;WB;3900;156;10
2026-W33;Тихий сад;Litres;1396;55.84;4
2026-W33;Северный экспресс;Ozon;2245;89.8;5
2026-W33;Дом у маяка;WB;1794;71.76;6
2026-W33;Игры разума;Litres;3780;151.2;7
2026-W33;Шёпот времени;Ozon;3120;124.8;8
2026-W33;Тихий сад;WB;3141;125.64;9
2026-W33;Северный экспресс;Litres;4490;179.6;10
2026-W33;Дом у маяка;Ozon;1196;47.84;4
2026-W33;Игры разума;WB;2700;108;5
2026-W33;Шёпот времени;Litres;2340;93.6;6
2026-W33;Тихий сад;Ozon;2443;97.72;7
2026-W33;Северный экспресс;WB;3592;143.68;8
2026-W33;Дом у маяка;Litres;2691;107.64;9
2026-W33;Игры разума;Ozon;5400;216;10
2026-W33;Шёпот времени;WB;1560;62.4;4
2026-W33;Тихий сад;Litres;1745;69.8;5
2026-W33;Северный экспресс;Ozon;2694;107.76;6
2026-W33;Дом у маяка;WB;2093;83.72;7
2026-W33;Игры разума;Litres;4320;172.8;8
2026-W33;Шёпот времени;Ozon;3510;140.4;9
2026-W33;Тихий сад;WB;3490;139.6;10
2026-W33;Северный экспресс;Litres;1796;71.84;4
2026-W33;Дом у маяка;Ozon;1495;59.8;5
2026-W33;Игры разума;WB;3240;129.6;6
2026-W33;Шёпот времени;Litres;2730;109.2;7
2026-W33;Тихий сад;Ozon;2792;111.68;8
2026-W33;Северный экспресс;WB;4041;161.64;9
2026-W33;Дом у маяка;Litres;2990;119.6;10
2026-W33;Игры разума;Ozon;2160;86.4;4
2026-W33;Шёпот времени;WB;1950;78;5
2026-W33;Тихий сад;Litres;2094;83.76;6
2026-W33;Северный экспресс;Ozon;3143;125.72;7
2026-W33;Дом у маяка;WB;2392;95.68;8
2026-W33;Игры разума;Litres;4860;194.4;9
2026-W33;Шёпот времени;Ozon;3900;156;10
2026-W33;Тихий сад;WB;1396;55.84;4
2026-W33;Северный экспресс;Litres;2245;89.8;5
2026-W33;Дом у маяка;Ozon;1794;71.76;6
2026-W33;Игры разума;WB;3780;151.2;7
2026-W33;Шёпот времени;Litres;3120;124.8;8
2026-W33;Тихий сад;Ozon;3141;125.64;9
2026-W33;Северный экспресс;WB;4490;179.6;10
2026-W33;Дом у маяка;Litres;1196;47.84;4
2026-W33;Игры разума;Ozon;2700;108;5
2026-W33;Шёпот времени;WB;2340;93.6;6
2026-W33;Тихий сад;Litres;2443;97.72;7
2026-W33;Северный экспресс;Ozon;3592;143.68;8
2026-W33;Дом у маяка;WB;2691;107.64;9
2026-W33;Игры разума;Litres;5400;216;10
2026-W33;Шёпот времени;Ozon;1560;62.4;4
2026-W33;Тихий сад;WB;1745;69.8;5
2026-W33;Северный экспресс;Litres;2694;107.76;6
2026-W33;Дом у маяка;Ozon;2093;83.72;7
2026-W33;Игры разума;WB;4320;172.8;8
2026-W33;Шёпот времени;Litres;3510;140.4;9
2026-W33;Тихий сад;Ozon;3490;139.6;10
2026-W33;Северный экспресс;WB;1796;71.84;4
2026-W33;Дом у маяка;Litres;1495;59.8;5
2026-W33;Игры разума;Ozon;3240;129.6;6
2026-W33;Шёпот времени;WB;2730;109.2;7
2026-W33;Тихий сад;Litres;2792;111.68;8
2026-W33;Северный экспресс;Ozon;4041;161.64;9
2026-W33;Дом у маяка;WB;2990;119.6;10
2026-W33;Игры разума;Litres;2160;86.4;4
2026-W33;Шёпот времени;Ozon;1950;78;5
2026-W33;Тихий сад;WB;2094;83.76;6
2026-W33;Северный экспресс;Litres;3143;125.72;7
2026-W33;Дом у маяка;Ozon;2392;95.68;8
2026-W33;Игры разума;WB;4860;194.4;9
2026-W33;Шёпот времени;Litres;3900;156;10
2026-W33;Тихий сад;Ozon;1396;55.84;4
2026-W33;Северный экспресс;WB;2245;89.8;5
2026-W33;Дом у маяка;Litres;1794;71.76;6
2026-W33;Игры разума;Ozon;3780;151.2;7
2026-W33;Шёпот времени;WB;3120;124.8;8
2026-W33;Тихий сад;Litres;3141;125.64;9
2026-W33;Северный экспресс;Ozon;4490;179.6;10
2026-W33;Дом у маяка;WB;1196;47.84;4
2026-W33;Игры разума;Litres;2700;108;5
2026-W33;Шёпот времени;Ozon;2340;93.6;6
2026-W33;Тихий сад;WB;2443;97.72;7
2026-W33;Северный экспресс;Litres;3592;143.68;8
2026-W33;Дом у маяка;Ozon;2691;107.64;9
2026-W33;Игры разума;WB;5400;216;10
2026-W33;Шёпот времени;Litres;1560;62.4;4
2026-W33;Тихий сад;Ozon;1745;69.8;5
2026-W33;Северный экспресс;WB;2694;107.76;6
2026-W33;Дом у маяка;Litres;2093;83.72;7
2026-W33;Игры разума;Ozon;4320;172.8;8
2026-W33;Шёпот времени;WB;3510;140.4;9
2026-W33;Тихий сад;Litres;3490;139.6;10
2026-W33;Северный экспресс;Ozon;1796;71.84;4
2026-W33;Дом у маяка;WB;1495;59.8;5
2026-W33;Игры разума;Litres;3240;129.6;6
2026-W33;Шёпот времени;Ozon;2730;109.2;7
2026-W33;Тихий сад;WB;2792;111.68;8
2026-W33;Северный экспресс;Litres;4041;161.64;9
2026-W33;Дом у маяка;Ozon;2990;119.6;10
2026-W33;Игры разума;WB;2160;86.4;4
2026-W33;Шёпот времени;Litres;1950;78;5
2026-W33;Тихий сад;Ozon;2094;83.76;6
2026-W33;Северный экспресс;WB;3143;125.72;7
2026-W33;Дом у маяка;Litres;2392;95.68;8
2026-W33;Игры разума;Ozon;4860;194.4;9
2026-W33;Шёпот времени;WB;3900;156;10
2026-W33;Тихий сад;Litres;1396;55.84;4
2026-W33;Северный экспресс;Ozon;2245;89.8;5
2026-W33;Дом у маяка;WB;1794;71.76;6
2026-W33;Игры разума;Litres;3780;151.2;7
2026-W33;Шёпот времени;Ozon;3120;124.8;8
2026-W33;Тихий сад;WB;3141;125.64;9
2026-W33;Северный экспресс;Litres;4490;179.6;10
2026-W33;Дом у маяка;Ozon;1196;47.84;4
2026-W33;Игры разума;WB;2700;108;5
2026-W33;Шёпот времени;Litres;2340;93.6;6
2026-W33;Тихий сад;Ozon;2443;97.72;7
2026-W33;Северный экспресс;WB;3592;143.68;8
2026-W33;Дом у маяка;Litres;2691;107.64;9
2026-W33;Игры разума;Ozon;5400;216;10
2026-W33;Шёпот времени;WB;1560;62.4;4
2026-W33;Тихий сад;Litres;1745;69.8;5
2026-W33;Северный экспресс;Ozon;2694;107.76;6
2026-W33;Дом у маяка;WB;2093;83.72;7
2026-W33;Игры разума;Litres;4320;172.8;8
2026-W33;Шёпот времени;Ozon;3510;140.4;9
2026-W33;Тихий сад;WB;3490;139.6;10
2026-W33;Северный экспресс;Litres;1796;71.84;4
2026-W33;Дом у маяка;Ozon;1495;59.8;5
2026-W33;Игры разума;WB;3240;129.6;6
2026-W33;Шёпот времени;Litres;2730;109.2;7
2026-W33;Тихий сад;Ozon;2792;111.68;8
2026-W33;Северный экспресс;WB;4041;161.64;9
2026-W33;Дом у маяка;Litres;2990;119.6;10
2026-W33;Игры разума;Ozon;2160;86.4;4
2026-W33;Шёпот времени;WB;1950;78;5
2026-W33;Тихий сад;Litres;2094;83.76;6
2026-W33;Северный экспресс;Ozon;3143;125.72;7
2026-W33;Дом у маяка;WB;2392;95.68;8
2026-W33;Игры разума;Litres;4860;194.4;9
2026-W33;Шёпот времени;Ozon;3900;156;10
2026-W33;Тихий сад;WB;1396;55.84;4
2026-W33;Северный экспресс;Litres;2245;89.8;5
2026-W33;Дом у маяка;Ozon;1794;71.76;6
2026-W33;Игры разума;WB;3780;151.2;7
2026-W33;Шёпот времени;Litres;3120;124.8;8
2026-W33;Тихий сад;Ozon;3141;125.64;9
2026-W33;Северный экспресс;WB;4490;179.6;10
2026-W33;Дом у маяка;Litres;1196;47.84;4
2026-W33;Игры разума;Ozon;2700;108;5
2026-W33;Шёпот времени;WB;2340;93.6;6
2026-W33;Тихий сад;Litres;2443;97.72;7
2026-W33;Северный экспресс;Ozon;3592;143.68;8
2026-W33;Дом у маяка;WB;2691;107.64;9
2026-W33;Игры разума;Litres;5400;216;10
2026-W33;Шёпот времени;Ozon;1560;62.4;4
2026-W33;Тихий сад;WB;1745;69.8;5
2026-W33;Северный экспресс;Litres;2694;107.76;6
2026-W33;Дом у маяка;Ozon;2093;83.72;7
2026-W33;Игры разума;WB;4320;172.8;8
2026-W33;Шёпот времени;Litres;3510;140.4;9
2026-W33;Тихий сад;Ozon;3490;139.6;10
2026-W33;Северный экспресс;WB;1796;71.84;4
2026-W33;Дом у маяка;Litres;1495;59.8;5
2026-W33;Игры разума;Ozon;3240;129.6;6
2026-W33;Шёпот времени;WB;2730;109.2;7
2026-W33;Тихий сад;Litres;2792;111.68;8
2026-W33;Северный экспресс;Ozon;4041;161.64;9
2026-W33;Дом у маяка;WB;2990;119.6;10
2026-W33;Игры разума;Litres;2160;86.4;4
2026-W33;Шёпот времени;Ozon;1950;78;5
2026-W33;Тихий сад;WB;2094;83.76;6
2026-W33;Северный экспресс;Litres;3143;125.72;7
2026-W33;Дом у маяка;Ozon;2392;95.68;8
2026-W33;Игры разума;WB;4860;194.4;9
2026-W33;Шёпот времени;Litres;3900;156;10
2026-W33;Тихий сад;Ozon;1396;55.84;4
2026-W33;Северный экспресс;WB;2245;89.8;5
2026-W33;Дом у маяка;Litres;1794;71.76;6
2026-W33;Игры разума;Ozon;3780;151.2;7
2026-W33;Шёпот времени;WB;3120;124.8;8
2026-W33;Тихий сад;Litres;3141;125.64;9
2026-W33;Северный экспресс;Ozon;4490;179.6;10
2026-W33;Дом у маяка;WB;1196;47.84;4
2026-W33;Игры разума;Litres;2700;108;5
2026-W33;Шёпот времени;Ozon;2340;93.6;6
2026-W33;Тихий сад;WB;2443;97.72;7
2026-W33;Северный экспресс;Litres;3592;143.68;8
2026-W33;Дом у маяка;Ozon;2691;107.64;9
2026-W33;Игры разума;WB;5400;216;10
2026-W33;Шёпот времени;Litres;1560;62.4;4
2026-W33;Тихий сад;Ozon;1745;69.8;5
2026-W33;Северный экспресс;WB;2694;107.76;6
2026-W33;Дом у маяка;Litres;2093;83.72;7
2026-W33;Игры разума;Ozon;4320;172.8;8
2026-W33;Шёпот времени;WB;3510;140.4;9
2026-W33;Тихий сад;Litres;3490;139.6;10
2026-W33;Северный экспресс;Ozon;1796;71.84;4
2026-W33;Дом у маяка;WB;1495;59.8;5
2026-W33;Игры разума;Litres;3240;129.6;6
2026-W33;Шёпот времени;Ozon;2730;109.2;7
2026-W33;Тихий сад;WB;2792;111.68;8
2026-W33;Северный экспресс;Litres;4041;161.64;9
2026-W33;Дом у маяка;Ozon;2990;119.6;10
2026-W33;Игры разума;WB;2160;86.4;4
2026-W33;Шёпот времени;Litres;1950;78;5
2026-W33;Тихий сад;Ozon;2094;83.76;6
2026-W33;Северный экспресс;WB;3143;125.72;7
2026-W33;Дом у маяка;Litres;2392;95.68;8
2026-W33;Игры разума;Ozon;4860;194.4;9
2026-W33;Шёпот времени;WB;3900;156;10
2026-W33;Тихий сад;Litres;1396;55.84;4
2026-W33;Северный экспресс;Ozon;2245;89.8;5
2026-W33;Дом у маяка;WB;1794;71.76;6
2026-W33;Игры разума;Litres;3780;151.2;7
2026-W33;Шёпот времени;Ozon;3120;124.8;8
2026-W33;Тихий сад;WB;3141;125.64;9
2026-W33;Северный экспресс;Litres;4490;179.6;10
2026-W33;Дом у маяка;Ozon;1196;47.84;4
2026-W33;Игры разума;WB;2700;108;5
2026-W33;Шёпот времени;Litres;2340;93.6;6
2026-W33;Тихий сад;Ozon;2443;97.72;7
2026-W33;Северный экспресс;WB;3592;143.68;8
2026-W33;Дом у маяка;Litres;2691;107.64;9
2026-W33;Игры разума;Ozon;5400;216;10
2026-W33;Шёпот времени;WB;1560;62.4;4
2026-W33;Тихий сад;Litres;1745;69.8;5
2026-W33;Северный экспресс;Ozon;2694;107.76;6
2026-W33;Дом у маяка;WB;2093;83.72;7
2026-W33;Игры разума;Litres;4320;172.8;8
2026-W33;Шёпот времени;Ozon;3510;140.4;9
2026-W33;Тихий сад;WB;3490;139.6;10
2026-W33;Северный экспресс;Litres;1796;71.84;4
2026-W33;Дом у маяка;Ozon;1495;59.8;5
2026-W33;Игры разума;WB;3240;129.6;6
2026-W33;Шёпот времени;Litres;2730;109.2;7
2026-W33;Тихий сад;Ozon;2792;111.68;8
2026-W33;Северный экспресс;WB;4041;161.64;9
2026-W33;Дом у маяка;Litres;2990;119.6;10
2026-W33;Игры разума;Ozon;2160;86.4;4
2026-W33;Шёпот времени;WB;1950;78;5
2026-W33;Тихий сад;Litres;2094;83.76;6
2026-W33;Северный экспресс;Ozon;3143;125.72;7
2026-W33;Дом у маяка;WB;2392;95.68;8
2026-W33;Игры разума;Litres;4860;194.4;9
2026-W33;Шёпот времени;Ozon;3900;156;10
2026-W33;Тихий сад;WB;1396;55.84;4
2026-W33;Северный экспресс;Litres;2245;89.8;5
2026-W33;Дом у маяка;Ozon;1794;71.76;6
2026-W33;Игры разума;WB;3780;151.2;7
2026-W33;Шёпот времени;Litres;3120;124.8;8
2026-W33;Тихий сад;Ozon;3141;125.64;9
2026-W33;Северный экспресс;WB;4490;179.6;10
2026-W33;Дом у маяка;Litres;1196;47.84;4
2026-W33;Игры разума;Ozon;2700;108;5
2026-W33;Шёпот времени;WB;2340;93.6;6
2026-W33;Тихий сад;Litres;2443;97.72;7
2026-W33;Северный экспресс;Ozon;3592;143.68;8
2026-W33;Дом у маяка;WB;2691;107.64;9
2026-W33;Игры разума;Litres;5400;216;10
2026-W33;Шёпот времени;Ozon;1560;62.4;4
2026-W33;Тихий сад;WB;1745;69.8;5
2026-W33;Северный экспресс;Litres;2694;107.76;6
2026-W33;Дом у маяка;Ozon;2093;83.72;7
2026-W33;Игры разума;WB;4320;172.8;8
2026-W33;Шёпот времени;Litres;3510;140.4;9
2026-W33;Тихий сад;Ozon;3490;139.6;10
2026-W33;Северный экспресс;WB;1796;71.84;4
2026-W33;Дом у маяка;Litres;1495;59.8;5
2026-W33;Игры разума;Ozon;3240;129.6;6
2026-W33;Шёпот времени;WB;2730;109.2;7
2026-W33;Тихий сад;Litres;2792;111.68;8
2026-W33;Северный экспресс;Ozon;4041;161.64;9
2026-W33;Дом у маяка;WB;2990;119.6;10
2026-W33;Игры разума;Litres;2160;86.4;4
2026-W33;Шёпот времени;Ozon;1950;78;5
2026-W33;Тихий сад;WB;2094;83.76;6
2026-W33;Северный экспресс;Litres;3143;125.72;7
2026-W33;Дом у маяка;Ozon;2392;95.68;8
2026-W33;Игры разума;WB;4860;194.4;9
2026-W33;Шёпот времени;Litres;3900;156;10
2026-W33;Тихий сад;Ozon;1396;55.84;4
2026-W33;Северный экспресс;WB;2245;89.8;5
2026-W33;Дом у маяка;Litres;1794;71.76;6
2026-W33;Игры разума;Ozon;3780;151.2;7
2026-W33;Шёпот времени;WB;3120;124.8;8
2026-W33;Тихий сад;Litres;3141;125.64;9
2026-W33;Северный экспресс;Ozon;4490;179.6;10
2026-W33;Дом у маяка;WB;1196;47.84;4
2026-W33;Игры разума;Litres;2700;108;5
2026-W33;Шёпот времени;Ozon;2340;93.6;6
2026-W33;Тихий сад;WB;2443;97.72;7
2026-W33;Северный экспресс;Litres;3592;143.68;8
2026-W33;Дом у маяка;Ozon;2691;107.64;9
2026-W33;Игры разума;WB;5400;216;10
2026-W33;Шёпот времени;Litres;1560;62.4;4
2026-W33;Тихий сад;Ozon;1745;69.8;5
2026-W33;Северный экспресс;WB;2694;107.76;6
2026-W33;Дом у маяка;Litres;2093;83.72;7
2026-W33;Игры разума;Ozon;4320;172.8;8
2026-W33;Шёпот времени;WB;3510;140.4;9
2026-W33;Тихий сад;Litres;3490;139.6;10
2026-W33;Северный экспресс;Ozon;1796;71.84;4
2026-W33;Дом у маяка;WB;1495;59.8;5
2026-W33;Игры разума;Litres;3240;129.6;6
2026-W33;Шёпот времени;Ozon;2730;109.2;7
2026-W33;Тихий сад;WB;2792;111.68;8
2026-W33;Северный экспресс;Litres;4041;161.64;9
2026-W33;Дом у маяка;Ozon;2990;119.6;10
2026-W33;Игры разума;WB;2160;86.4;4
2026-W33;Шёпот времени;Litres;1950;78;5
2026-W33;Тихий сад;Ozon;2094;83.76;6
2026-W33;Северный экспресс;WB;3143;125.72;7
2026-W33;Дом у маяка;Litres;2392;95.68;8
2026-W33;Игры разума;Ozon;4860;194.4;9
2026-W33;Шёпот времени;WB;3900;156;10
2026-W33;Тихий сад;Litres;1396;55.84;4
2026-W33;Северный экспресс;Ozon;2245;89.8;5
2026-W33;Дом у маяка;WB;1794;71.76;6
2026-W33;Игры разума;Litres;3780;151.2;7
2026-W33;Шёпот времени;Ozon;3120;124.8;8
2026-W33;Тихий сад;WB;3141;125.64;9
2026-W33;Северный экспресс;Litres;4490;179.6;10
2026-W33;Дом у маяка;Ozon;1196;47.84;4
2026-W33;Игры разума;WB;2700;108;5
2026-W33;Шёпот времени;Litres;2340;93.6;6
2026-W33;Тихий сад;Ozon;2443;97.72;7
2026-W33;Северный экспресс;WB;3592;143.68;8
2026-W33;Дом у маяка;Litres;2691;107.64;9
2026-W33;Игры разума;Ozon;5400;216;10
2026-W33;Шёпот времени;WB;1560;62.4;4
2026-W33;Тихий сад;Litres;1745;69.8;5
2026-W33;Северный экспресс;Ozon;2694;107.76;6
2026-W33;Дом у маяка;WB;2093;83.72;7
2026-W33;Игры разума;Litres;4320;172.8;8
2026-W33;Шёпот времени;Ozon;3510;140.4;9
2026-W33;Тихий сад;WB;3490;139.6;10
2026-W33;Северный экспресс;Litres;1796;71.84;4
2026-W33;Дом у маяка;Ozon;1495;59.8;5
2026-W33;Игры разума;WB;3240;129.6;6
2026-W33;Шёпот времени;Litres;2730;109.2;7
2026-W33;Тихий сад;Ozon;2792;111.68;8
2026-W33;Северный экспресс;WB;4041;161.64;9
2026-W33;Дом у маяка;Litres;2990;119.6;10
2026-W33;Игры разума;Ozon;2160;86.4;4
2026-W33;Шёпот времени;WB;1950;78;5
2026-W33;Тихий сад;Litres;2094;83.76;6
2026-W33;Северный экспресс;Ozon;3143;125.72;7
2026-W33;Дом у маяка;WB;2392;95.68;8
2026-W33;Игры разума;Litres;4860;194.4;9
2026-W33;Шёпот времени;Ozon;3900;156;10
2026-W33;Тихий сад;WB;1396;55.84;4
2026-W33;Северный экспресс;Litres;2245;89.8;5
2026-W33;Дом у маяка;Ozon;1794;71.76;6
2026-W33;Игры разума;WB;3780;151.2;7
2026-W33;Шёпот времени;Litres;3120;124.8;8
2026-W33;Тихий сад;Ozon;3141;125.64;9
2026-W33;Северный экспресс;WB;4490;179.6;10
2026-W33;Дом у маяка;Litres;1196;47.84;4
2026-W33;Игры разума;Ozon;2700;108;5
2026-W33;Шёпот времени;WB;2340;93.6;6
2026-W33;Тихий сад;Litres;2443;97.72;7
2026-W33;Северный экспресс;Ozon;3592;143.68;8
2026-W33;Дом у маяка;WB;2691;107.64;9
2026-W33;Игры разума;Litres;5400;216;10
2026-W33;Шёпот времени;Ozon;1560;62.4;4
2026-W33;Тихий сад;WB;1745;69.8;5
2026-W33;Северный экспресс;Litres;2694;107.76;6
2026-W33;Дом у маяка;Ozon;2093;83.72;7
2026-W33;Игры разума;WB;4320;172.8;8
2026-W33;Шёпот времени;Litres;3510;140.4;9
2026-W33;Тихий сад;Ozon;3490;139.6;10
2026-W33;Северный экспресс;WB;1796;71.84;4
2026-W33;Дом у маяка;Litres;1495;59.8;5
2026-W33;Игры разума;Ozon;3240;129.6;6
2026-W33;Шёпот времени;WB;2730;109.2;7
2026-W33;Тихий сад;Litres;2792;111.68;8
2026-W33;Северный экспресс;Ozon;4041;161.64;9
2026-W33;Дом у маяка;WB;2990;119.6;10
2026-W33;Игры разума;Litres;2160;86.4;4
2026-W33;Шёпот времени;Ozon;1950;78;5
2026-W33;Тихий сад;WB;2094;83.76;6
2026-W33;Северный экспресс;Litres;3143;125.72;7
2026-W33;Дом у маяка;Ozon;2392;95.68;8
2026-W33;Игры разума;WB;4860;194.4;9
2026-W33;Шёпот времени;Litres;3900;156;10
2026-W33;Тихий сад;Ozon;1396;55.84;4
2026-W33;Северный экспресс;WB;2245;89.8;5
2026-W33;Дом у маяка;Litres;1794;71.76;6
2026-W33;Игры разума;Ozon;3780;151.2;7
2026-W33;Шёпот времени;WB;3120;124.8;8
2026-W33;Тихий сад;Litres;3141;125.64;9
2026-W33;Северный экспресс;Ozon;4490;179.6;10
2026-W33;Дом у маяка;WB;1196;47.84;4
2026-W33;Игры разума;Litres;2700;108;5
2026-W33;Шёпот времени;Ozon;2340;93.6;6
2026-W33;Тихий сад;WB;2443;97.72;7
2026-W33;Северный экспресс;Litres;3592;143.68;8
2026-W33;Дом у маяка;Ozon;2691;107.64;9
2026-W33;Игры разума;WB;5400;216;10
2026-W33;Шёпот времени;Litres;1560;62.4;4
2026-W33;Тихий сад;Ozon;1745;69.8;5
2026-W33;Северный экспресс;WB;2694;107.76;6
2026-W33;Дом у маяка;Litres;2093;83.72;7
2026-W33;Игры разума;Ozon;4320;172.8;8
2026-W33;Шёпот времени;WB;3510;140.4;9
2026-W33;Тихий сад;Litres;3490;139.6;10
2026-W33;Северный экспресс;Ozon;1796;71.84;4
2026-W33;Дом у маяка;WB;1495;59.8;5
2026-W33;Игры разума;Litres;3240;129.6;6
2026-W33;Шёпот времени;Ozon;2730;109.2;7
2026-W33;Тихий сад;WB;2792;111.68;8
2026-W33;Северный экспресс;Litres;4041;161.64;9
2026-W33;Дом у маяка;Ozon;2990;119.6;10
2026-W33;Игры разума;WB;2160;86.4;4
2026-W33;Шёпот времени;Litres;1950;78;5
2026-W33;Тихий сад;Ozon;2094;83.76;6
2026-W33;Северный экспресс;WB;3143;125.72;7
2026-W33;Дом у маяка;Litres;2392;95.68;8
2026-W33;Игры разума;Ozon;4860;194.4;9
2026-W33;Шёпот времени;WB;3900;156;10
2026-W33;Тихий сад;Litres;1396;55.84;4
2026-W33;Северный экспресс;Ozon;2245;89.8;5
2026-W33;Дом у маяка;WB;1794;71.76;6
2026-W33;Игры разума;Litres;3780;151.2;7
2026-W33;Шёпот времени;Ozon;3120;124.8;8
2026-W33;Тихий сад;WB;3141;125.64;9
2026-W33;Северный экспресс;Litres;4490;179.6;10
2026-W33;Дом у маяка;Ozon;1196;47.84;4
2026-W33;Игры разума;WB;2700;108;5
2026-W33;Шёпот времени;Litres;2340;93.6;6
2026-W33;Тихий сад;Ozon;2443;97.72;7
2026-W33;Северный экспресс;WB;3592;143.68;8
2026-W33;Дом у маяка;Litres;2691;107.64;9
2026-W33;Игры разума;Ozon;5400;216;10
2026-W33;Шёпот времени;WB;1560;62.4;4
2026-W33;Тихий сад;Litres;1745;69.8;5
2026-W33;Северный экспресс;Ozon;2694;107.76;6
2026-W33;Дом у маяка;WB;2093;83.72;7
2026-W33;Игры разума;Litres;4320;172.8;8
2026-W33;Шёпот времени;Ozon;3510;140.4;9
2026-W33;Тихий сад;WB;3490;139.6;10
2026-W33;Северный экспресс;Litres;1796;71.84;4
2026-W33;Дом у маяка;Ozon;1495;59.8;5
2026-W33;Игры разума;WB;3240;129.6;6
2026-W33;Шёпот времени;Litres;2730;109.2;7
2026-W33;Тихий сад;Ozon;2792;111.68;8
2026-W33;Северный экспресс;WB;4041;161.64;9
2026-W33;Дом у маяка;Litres;2990;119.6;10
2026-W33;Игры разума;Ozon;2160;86.4;4
2026-W33;Шёпот времени;WB;1950;78;5
2026-W33;Тихий сад;Litres;2094;83.76;6
2026-W33;Северный экспресс;Ozon;3143;125.72;7
2026-W33;Дом у маяка;WB;2392;95.68;8
2026-W33;Игры разума;Litres;4860;194.4;9
2026-W33;Шёпот времени;Ozon;3900;156;10
2026-W33;Тихий сад;WB;1396;55.84;4
2026-W33;Северный экспресс;Litres;2245;89.8;5
2026-W33;Дом у маяка;Ozon;1794;71.76;6
2026-W33;Игры разума;WB;3780;151.2;7
2026-W33;Шёпот времени;Litres;3120;124.8;8
2026-W33;Тихий сад;Ozon;3141;125.64;9
2026-W33;Северный экспресс;WB;4490;179.6;10
2026-W33;Дом у маяка;Litres;1196;47.84;4
2026-W33;Игры разума;Ozon;2700;108;5
2026-W33;Шёпот времени;WB;2340;93.6;6
2026-W33;Тихий сад;Litres;2443;97.72;7
2026-W33;Северный экспресс;Ozon;3592;143.68;8
2026-W33;Дом у маяка;WB;2691;107.64;9
2026-W33;Игры разума;Litres;5400;216;10
2026-W33;Шёпот времени;Ozon;1560;62.4;4
2026-W33;Тихий сад;WB;1745;69.8;5
2026-W33;Северный экспресс;Litres;2694;107.76;6
2026-W33;Дом у маяка;Ozon;2093;83.72;7
2026-W33;Игры разума;WB;4320;172.8;8
2026-W33;Шёпот времени;Litres;3510;140.4;9
2026-W33;Тихий сад;Ozon;3490;139.6;10
2026-W33;Северный экспресс;WB;1796;71.84;4
2026-W33;Дом у маяка;Litres;1495;59.8;5
2026-W33;Игры разума;Ozon;3240;129.6;6
2026-W33;Шёпот времени;WB;2730;109.2;7
2026-W33;Тихий сад;Litres;2792;111.68;8
2026-W33;Северный экспресс;Ozon;4041;161.64;9
2026-W33;Дом у маяка;WB;2990;119.6;10
2026-W33;Игры разума;Litres;2160;86.4;4
2026-W33;Шёпот времени;Ozon;1950;78;5
2026-W33;Тихий сад;WB;2094;83.76;6
2026-W33;Северный экспресс;Litres;3143;125.72;7
2026-W33;Дом у маяка;Ozon;2392;95.68;8
2026-W33;Игры разума;WB;4860;194.4;9
2026-W33;Шёпот времени;Litres;3900;156;10
2026-W33;Тихий сад;Ozon;1396;55.84;4
2026-W33;Северный экспресс;WB;2245;89.8;5
2026-W33;Дом у маяка;Litres;1794;71.76;6
2026-W33;Игры разума;Ozon;3780;151.2;7
2026-W33;Шёпот времени;WB;3120;124.8;8
2026-W33;Тихий сад;Litres;3141;125.64;9
2026-W33;Северный экспресс;Ozon;4490;179.6;10
2026-W33;Дом у маяка;WB;1196;47.84;4
2026-W33;Игры разума;Litres;2700;108;5
2026-W33;Шёпот времени;Ozon;2340;93.6;6
2026-W33;Тихий сад;WB;2443;97.72;7
2026-W33;Северный экспресс;Litres;3592;143.68;8
2026-W33;Дом у маяка;Ozon;2691;107.64;9
2026-W33;Игры разума;WB;5400;216;10
2026-W33;Шёпот времени;Litres;1560;62.4;4
2026-W33;Тихий сад;Ozon;1745;69.8;5
2026-W33;Северный экспресс;WB;2694;107.76;6
2026-W33;Дом у маяка;Litres;2093;83.72;7
2026-W33;Игры разума;Ozon;4320;172.8;8
2026-W33;Шёпот времени;WB;3510;140.4;9
2026-W33;Тихий сад;Litres;3490;139.6;10
2026-W33;Северный экспресс;Ozon;1796;71.84;4
2026-W33;Дом у маяка;WB;1495;59.8;5
2026-W33;Игры разума;Litres;3240;129.6;6
2026-W33;Шёпот времени;Ozon;2730;109.2;7
2026-W33;Тихий сад;WB;2792;111.68;8
2026-W33;Северный экспресс;Litres;4041;161.64;9
2026-W33;Дом у маяка;Ozon;2990;119.6;10
2026-W33;Игры разума;WB;2160;86.4;4
2026-W33;Шёпот времени;Litres;1950;78;5
2026-W33;Тихий сад;Ozon;2094;83.76;6
2026-W33;Северный экспресс;WB;3143;125.72;7
2026-W33;Дом у маяка;Litres;2392;95.68;8
2026-W33;Игры разума;Ozon;4860;194.4;9
2026-W33;Шёпот времени;WB;3900;156;10
2026-W33;Тихий сад;Litres;1396;55.84;4
2026-W33;Северный экспресс;Ozon;2245;89.8;5
2026-W33;Дом у маяка;WB;1794;71.76;6
2026-W33;Игры разума;Litres;3780;151.2;7
2026-W33;Шёпот времени;Ozon;3120;124.8;8
2026-W33;Тихий сад;WB;3141;125.64;9
2026-W33;Северный экспресс;Litres;4490;179.6;10
2026-W33;Дом у маяка;Ozon;1196;47.84;4
2026-W33;Игры разума;WB;2700;108;5
2026-W33;Шёпот времени;Litres;2340;93.6;6
2026-W33;Тихий сад;Ozon;2443;97.72;7
2026-W33;Северный экспресс;WB;3592;143.68;8
2026-W33;Дом у маяка;Litres;2691;107.64;9
2026-W33;Игры разума;Ozon;5400;216;10
2026-W33;Шёпот времени;WB;1560;62.4;4
2026-W33;Тихий сад;Litres;1745;69.8;5
2026-W33;Северный экспресс;Ozon;2694;107.76;6
2026-W33;Дом у маяка;WB;2093;83.72;7
2026-W33;Игры разума;Litres;4320;172.8;8
2026-W33;Шёпот времени;Ozon;3510;140.4;9
2026-W33;Тихий сад;WB;3490;139.6;10
2026-W33;Северный экспресс;Litres;1796;71.84;4
2026-W33;Дом у маяка;Ozon;1495;59.8;5
2026-W33;Игры разума;WB;3240;129.6;6
2026-W33;Шёпот времени;Litres;2730;109.2;7
2026-W33;Тихий сад;Ozon;2792;111.68;8
2026-W33;Северный экспресс;WB;4041;161.64;9
2026-W33;Дом у маяка;Litres;2990;119.6;10
2026-W33;Игры разума;Ozon;2160;86.4;4
2026-W33;Шёпот времени;WB;1950;78;5
2026-W33;Тихий сад;Litres;2094;83.76;6
2026-W33;Северный экспресс;Ozon;3143;125.72;7
2026-W33;Дом у маяка;WB;2392;95.68;8
2026-W33;Игры разума;Litres;4860;194.4;9
2026-W33;Шёпот времени;Ozon;3900;156;10
2026-W33;Тихий сад;WB;1396;55.84;4
2026-W33;Северный экспресс;Litres;2245;89.8;5
2026-W33;Дом у маяка;Ozon;1794;71.76;6
2026-W33;Игры разума;WB;3780;151.2;7
2026-W33;Шёпот времени;Litres;3120;124.8;8
2026-W33;Тихий сад;Ozon;3141;125.64;9
2026-W33;Северный экспресс;WB;4490;179.6;10
2026-W33;Дом у маяка;Litres;1196;47.84;4
2026-W33;Игры разума;Ozon;2700;108;5
2026-W33;Шёпот времени;WB;2340;93.6;6
2026-W33;Тихий сад;Litres;2443;97.72;7
2026-W33;Северный экспресс;Ozon;3592;143.68;8
2026-W33;Дом у маяка;WB;2691;107.64;9
2026-W33;Игры разума;Litres;5400;216;10
2026-W33;Шёпот времени;Ozon;1560;62.4;4
2026-W33;Тихий сад;WB;1745;69.8;5
2026-W33;Северный экспресс;Litres;2694;107.76;6
2026-W33;Дом у маяка;Ozon;2093;83.72;7
2026-W33;Игры разума;WB;4320;172.8;8
2026-W33;Шёпот времени;Litres;3510;140.4;9
2026-W33;Тихий сад;Ozon;3490;139.6;10
2026-W33;Северный экспресс;WB;1796;71.84;4
2026-W33;Дом у маяка;Litres;1495;59.8;5
2026-W33;Игры разума;Ozon;3240;129.6;6
2026-W33;Шёпот времени;WB;2730;109.2;7
2026-W33;Тихий сад;Litres;2792;111.68;8
2026-W33;Северный экспресс;Ozon;4041;161.64;9
2026-W33;Дом у маяка;WB;2990;119.6;10
2026-W33;Игры разума;Litres;2160;86.4;4
2026-W33;Шёпот времени;Ozon;1950;78;5
2026-W33;Тихий сад;WB;2094;83.76;6
2026-W33;Северный экспресс;Litres;3143;125.72;7
2026-W33;Дом у маяка;Ozon;2392;95.68;8
2026-W33;Игры разума;WB;4860;194.4;9
2026-W33;Шёпот времени;Litres;3900;156;10
2026-W33;Тихий сад;Ozon;1396;55.84;4
2026-W33;Северный экспресс;WB;2245;89.8;5
2026-W33;Дом у маяка;Litres;1794;71.76;6
2026-W33;Игры разума;Ozon;3780;151.2;7
2026-W33;Шёпот времени;WB;3120;124.8;8
2026-W33;Тихий сад;Litres;3141;125.64;9
2026-W33;Северный экспресс;Ozon;4490;179.6;10
2026-W33;Дом у маяка;WB;1196;47.84;4
2026-W33;Игры разума;Litres;2700;108;5
2026-W33;Шёпот времени;Ozon;2340;93.6;6
2026-W33;Тихий сад;WB;2443;97.72;7
2026-W33;Северный экспресс;Litres;3592;143.68;8
2026-W33;Дом у маяка;Ozon;2691;107.64;9
2026-W33;Игры разума;WB;5400;216;10
2026-W33;Шёпот времени;Litres;1560;62.4;4
2026-W33;Тихий сад;Ozon;1745;69.8;5
2026-W33;Северный экспресс;WB;2694;107.76;6
2026-W33;Дом у маяка;Litres;2093;83.72;7
2026-W33;Игры разума;Ozon;4320;172.8;8
2026-W33;Шёпот времени;WB;3510;140.4;9
2026-W33;Тихий сад;Litres;3490;139.6;10
2026-W33;Северный экспресс;Ozon;1796;71.84;4
2026-W33;Дом у маяка;WB;1495;59.8;5
2026-W33;Игры разума;Litres;3240;129.6;6
2026-W33;Шёпот времени;Ozon;2730;109.2;7
2026-W33;Тихий сад;WB;2792;111.68;8
2026-W33;Северный экспресс;Litres;4041;161.64;9
2026-W33;Дом у маяка;Ozon;2990;119.6;10
2026-W33;Игры разума;WB;2160;86.4;4
2026-W33;Шёпот времени;Litres;1950;78;5
2026-W33;Тихий сад;Ozon;2094;83.76;6
2026-W33;Северный экспресс;WB;3143;125.72;7
2026-W33;Дом у маяка;Litres;2392;95.68;8
2026-W33;Игры разума;Ozon;4860;194.4;9
2026-W33;Шёпот времени;WB;3900;156;10
2026-W33;Тихий сад;Litres;1396;55.84;4
2026-W33;Северный экспресс;Ozon;2245;89.8;5
2026-W33;Дом у маяка;WB;1794;71.76;6
2026-W33;Игры разума;Litres;3780;151.2;7
2026-W33;Шёпот времени;Ozon;3120;124.8;8
2026-W33;Тихий сад;WB;3141;125.64;9
2026-W33;Северный экспресс;Litres;4490;179.6;10
2026-W33;Дом у маяка;Ozon;1196;47.84;4
2026-W33;Игры разума;WB;2700;108;5
2026-W33;Шёпот времени;Litres;2340;93.6;6
2026-W33;Тихий сад;Ozon;2443;97.72;7
2026-W33;Северный экспресс;WB;3592;143.68;8
2026-W33;Дом у маяка;Litres;2691;107.64;9
2026-W33;Игры разума;Ozon;5400;216;10
2026-W33;Шёпот времени;WB;1560;62.4;4
2026-W33;Тихий сад;Litres;1745;69.8;5
2026-W33;Северный экспресс;Ozon;2694;107.76;6
2026-W33;Дом у маяка;WB;2093;83.72;7
2026-W33;Игры разума;Litres;4320;172.8;8
2026-W33;Шёпот времени;Ozon;3510;140.4;9
2026-W33;Тихий сад;WB;3490;139.6;10
2026-W33;Северный экспресс;Litres;1796;71.84;4
2026-W33;Дом у маяка;Ozon;1495;59.8;5
2026-W33;Игры разума;WB;3240;129.6;6
2026-W33;Шёпот времени;Litres;2730;109.2;7
2026-W33;Тихий сад;Ozon;2792;111.68;8
2026-W33;Северный экспресс;WB;4041;161.64;9
2026-W33;Дом у маяка;Litres;2990;119.6;10
2026-W33;Игры разума;Ozon;2160;86.4;4
2026-W33;Шёпот времени;WB;1950;78;5
2026-W33;Тихий сад;Litres;2094;83.76;6
2026-W33;Северный экспресс;Ozon;3143;125.72;7
2026-W33;Дом у маяка;WB;2392;95.68;8
2026-W33;Игры разума;Litres;4860;194.4;9
2026-W33;Шёпот времени;Ozon;3900;156;10
2026-W33;Тихий сад;WB;1396;55.84;4
2026-W33;Северный экспресс;Litres;2245;89.8;5
2026-W33;Дом у маяка;Ozon;1794;71.76;6
2026-W33;Игры разума;WB;3780;151.2;7
2026-W33;Шёпот времени;Litres;3120;124.8;8
2026-W33;Тихий сад;Ozon;3141;125.64;9
2026-W33;Северный экспресс;WB;4490;179.6;10
2026-W33;Дом у маяка;Litres;1196;47.84;4
2026-W33;Игры разума;Ozon;2700;108;5
2026-W33;Шёпот времени;WB;2340;93.6;6
2026-W33;Тихий сад;Litres;2443;97.72;7
2026-W33;Северный экспресс;Ozon;3592;143.68;8
2026-W33;Дом у маяка;WB;2691;107.64;9
2026-W33;Игры разума;Litres;5400;216;10
2026-W33;Шёпот времени;Ozon;1560;62.4;4
2026-W33;Тихий сад;WB;1745;69.8;5
2026-W33;Северный экспресс;Litres;2694;107.76;6
2026-W33;Дом у маяка;Ozon;2093;83.72;7
2026-W33;Игры разума;WB;4320;172.8;8
2026-W33;Шёпот времени;Litres;3510;140.4;9
2026-W33;Тихий сад;Ozon;3490;139.6;10
2026-W33;Северный экспресс;WB;1796;71.84;4
2026-W33;Дом у маяка;Litres;1495;59.8;5
2026-W33;Игры разума;Ozon;3240;129.6;6
2026-W33;Шёпот времени;WB;2730;109.2;7
2026-W33;Тихий сад;Litres;2792;111.68;8
2026-W33;Северный экспресс;Ozon;4041;161.64;9
2026-W33;Дом у маяка;WB;2990;119.6;10
2026-W33;Игры разума;Litres;2160;86.4;4
2026-W33;Шёпот времени;Ozon;1950;78;5
2026-W33;Тихий сад;WB;2094;83.76;6
2026-W33;Северный экспресс;Litres;3143;125.72;7
2026-W33;Дом у маяка;Ozon;2392;95.68;8
2026-W33;Игры разума;WB;4860;194.4;9
2026-W33;Шёпот времени;Litres;3900;156;10
2026-W33;Тихий сад;Ozon;1396;55.84;4
2026-W33;Северный экспресс;WB;2245;89.8;5
2026-W33;Дом у маяка;Litres;1794;71.76;6
2026-W33;Игры разума;Ozon;3780;151.2;7
2026-W33;Шёпот времени;WB;3120;124.8;8
2026-W33;Тихий сад;Litres;3141;125.64;9
2026-W33;Северный экспресс;Ozon;4490;179.6;10
2026-W33;Дом у маяка;WB;1196;47.84;4
2026-W33;Игры разума;Litres;2700;108;5
2026-W33;Шёпот времени;Ozon;2340;93.6;6
2026-W33;Тихий сад;WB;2443;97.72;7
2026-W33;Северный экспресс;Litres;3592;143.68;8
2026-W33;Дом у маяка;Ozon;2691;107.64;9
2026-W33;Игры разума;WB;5400;216;10
2026-W33;Шёпот времени;Litres;1560;62.4;4
2026-W33;Тихий сад;Ozon;1745;69.8;5
2026-W33;Северный экспресс;WB;2694;107.76;6
2026-W33;Дом у маяка;Litres;2093;83.72;7
2026-W33;Игры разума;Ozon;4320;172.8;8
2026-W33;Шёпот времени;WB;3510;140.4;9
2026-W33;Тихий сад;Litres;3490;139.6;10
2026-W33;Северный экспресс;Ozon;1796;71.84;4
2026-W33;Дом у маяка;WB;1495;59.8;5
2026-W33;Игры разума;Litres;3240;129.6;6
2026-W33;Шёпот времени;Ozon;2730;109.2;7
2026-W33;Тихий сад;WB;2792;111.68;8
2026-W33;Северный экспресс;Litres;4041;161.64;9
2026-W33;Дом у маяка;Ozon;2990;119.6;10
2026-W33;Игры разума;WB;2160;86.4;4
2026-W33;Шёпот времени;Litres;1950;78;5
2026-W33;Тихий сад;Ozon;2094;83.76;6
2026-W33;Северный экспресс;WB;3143;125.72;7
2026-W33;Дом у маяка;Litres;2392;95.68;8
2026-W33;Игры разума;Ozon;4860;194.4;9
2026-W33;Шёпот времени;WB;3900;156;10
2026-W33;Тихий сад;Litres;1396;55.84;4
2026-W33;Северный экспресс;Ozon;2245;89.8;5
2026-W33;Дом у маяка;WB;1794;71.76;6
2026-W33;Игры разума;Litres;3780;151.2;7
2026-W33;Шёпот времени;Ozon;3120;124.8;8
2026-W33;Тихий сад;WB;3141;125.64;9
2026-W33;Северный экспресс;Litres;4490;179.6;10
2026-W33;Дом у маяка;Ozon;1196;47.84;4
2026-W33;Игры разума;WB;2700;108;5
2026-W33;Шёпот времени;Litres;2340;93.6;6
2026-W33;Тихий сад;Ozon;2443;97.72;7
2026-W33;Северный экспресс;WB;3592;143.68;8
2026-W33;Дом у маяка;Litres;2691;107.64;9
2026-W33;Игры разума;Ozon;5400;216;10
2026-W33;Шёпот времени;WB;1560;62.4;4
2026-W33;Тихий сад;Litres;1745;69.8;5
2026-W33;Северный экспресс;Ozon;2694;107.76;6
2026-W33;Дом у маяка;WB;2093;83.72;7
2026-W33;Игры разума;Litres;4320;172.8;8
2026-W33;Шёпот времени;Ozon;3510;140.4;9
2026-W33;Тихий сад;WB;3490;139.6;10
2026-W33;Северный экспресс;Litres;1796;71.84;4
2026-W33;Дом у маяка;Ozon;1495;59.8;5
2026-W33;Игры разума;WB;3240;129.6;6
2026-W33;Шёпот времени;Litres;2730;109.2;7
2026-W33;Тихий сад;Ozon;2792;111.68;8
2026-W33;Северный экспресс;WB;4041;161.64;9
2026-W33;Дом у маяка;Litres;2990;119.6;10
2026-W33;Игры разума;Ozon;2160;86.4;4
2026-W33;Шёпот времени;WB;1950;78;5
2026-W33;Тихий сад;Litres;2094;83.76;6
2026-W33;Северный экспресс;Ozon;3143;125.72;7
2026-W33;Дом у маяка;WB;2392;95.68;8
2026-W33;Игры разума;Litres;4860;194.4;9
2026-W33;Шёпот времени;Ozon;3900;156;10
2026-W33;Тихий сад;WB;1396;55.84;4
2026-W33;Северный экспресс;Litres;2245;89.8;5
2026-W33;Дом у маяка;Ozon;1794;71.76;6
2026-W33;Игры разума;WB;3780;151.2;7
2026-W33;Шёпот времени;Litres;3120;124.8;8
2026-W33;Тихий сад;Ozon;3141;125.64;9
2026-W33;Северный экспресс;WB;4490;179.6;10
2026-W33;Дом у маяка;Litres;1196;47.84;4
2026-W33;Игры разума;Ozon;2700;108;5
2026-W33;Шёпот времени;WB;2340;93.6;6
2026-W33;Тихий сад;Litres;2443;97.72;7
2026-W33;Северный экспресс;Ozon;3592;143.68;8
2026-W33;Дом у маяка;WB;2691;107.64;9
2026-W33;Игры разума;Litres;5400;216;10
2026-W33;Шёпот времени;Ozon;1560;62.4;4
2026-W33;Тихий сад;WB;1745;69.8;5
2026-W33;Северный экспресс;Litres;2694;107.76;6
2026-W33;Дом у маяка;Ozon;2093;83.72;7
2026-W33;Игры разума;WB;4320;172.8;8
2026-W33;Шёпот времени;Litres;3510;140.4;9
2026-W33;Тихий сад;Ozon;3490;139.6;10
2026-W33;Северный экспресс;WB;1796;71.84;4
2026-W33;Дом у маяка;Litres;1495;59.8;5
2026-W33;Игры разума;Ozon;3240;129.6;6
2026-W33;Шёпот времени;WB;2730;109.2;7
2026-W33;Тихий сад;Litres;2792;111.68;8
2026-W33;Северный экспресс;Ozon;4041;161.64;9
2026-W33;Дом у маяка;WB;2990;119.6;10
2026-W33;Игры разума;Litres;2160;86.4;4
2026-W33;Шёпот времени;Ozon;1950;78;5
2026-W33;Тихий сад;WB;2094;83.76;6
2026-W33;Северный экспресс;Litres;3143;125.72;7
2026-W33;Дом у маяка;Ozon;2392;95.68;8
2026-W33;Игры разума;WB;4860;194.4;9
2026-W33;Шёпот времени;Litres;3900;156;10
2026-W33;Тихий сад;Ozon;1396;55.84;4
2026-W33;Северный экспресс;WB;2245;89.8;5
2026-W33;Дом у маяка;Litres;1794;71.76;6
2026-W33;Игры разума;Ozon;3780;151.2;7
2026-W33;Шёпот времени;WB;3120;124.8;8
2026-W33;Тихий сад;Litres;3141;125.64;9
2026-W33;Северный экспресс;Ozon;4490;179.6;10
2026-W33;Дом у маяка;WB;1196;47.84;4
2026-W33;Игры разума;Litres;2700;108;5
2026-W33;Шёпот времени;Ozon;2340;93.6;6
2026-W33;Тихий сад;WB;2443;97.72;7
2026-W33;Северный экспресс;Litres;3592;143.68;8
2026-W33;Дом у маяка;Ozon;2691;107.64;9
2026-W33;Игры разума;WB;5400;216;10
2026-W33;Шёпот времени;Litres;1560;62.4;4
2026-W33;Тихий сад;Ozon;1745;69.8;5
2026-W33;Северный экспресс;WB;2694;107.76;6
2026-W33;Дом у маяка;Litres;2093;83.72;7
2026-W33;Игры разума;Ozon;4320;172.8;8
2026-W33;Шёпот времени;WB;3510;140.4;9
2026-W33;Тихий сад;Litres;3490;139.6;10
2026-W33;Северный экспресс;Ozon;1796;71.84;4
2026-W33;Дом у маяка;WB;1495;59.8;5
2026-W33;Игры разума;Litres;3240;129.6;6
2026-W33;Шёпот времени;Ozon;2730;109.2;7
2026-W33;Тихий сад;WB;2792;111.68;8
2026-W33;Северный экспресс;Litres;4041;161.64;9
2026-W33;Дом у маяка;Ozon;2990;119.6;10
2026-W33;Игры разума;WB;2160;86.4;4
2026-W33;Шёпот времени;Litres;1950;78;5
2026-W33;Тихий сад;Ozon;2094;83.76;6
2026-W33;Северный экспресс;WB;3143;125.72;7
2026-W33;Дом у маяка;Litres;2392;95.68;8
2026-W33;Игры разума;Ozon;4860;194.4;9
2026-W33;Шёпот времени;WB;3900;156;10
2026-W33;Тихий сад;Litres;1396;55.84;4
2026-W33;Северный экспресс;Ozon;2245;89.8;5
2026-W33;Дом у маяка;WB;1794;71.76;6
2026-W33;Игры разума;Litres;3780;151.2;7
2026-W33;Шёпот времени;Ozon;3120;124.8;8
2026-W33;Тихий сад;WB;3141;125.64;9
2026-W33;Северный экспресс;Litres;4490;179.6;10
2026-W33;Дом у маяка;Ozon;1196;47.84;4
2026-W33;Игры разума;WB;2700;108;5
2026-W33;Шёпот времени;Litres;2340;93.6;6
2026-W33;Тихий сад;Ozon;2443;97.72;7
2026-W33;Северный экспресс;WB;3592;143.68;8
2026-W33;Дом у маяка;Litres;2691;107.64;9
2026-W33;Игры разума;Ozon;5400;216;10
2026-W33;Шёпот времени;WB;1560;62.4;4
2026-W33;Тихий сад;Litres;1745;69.8;5
2026-W33;Северный экспресс;Ozon;2694;107.76;6
2026-W33;Дом у маяка;WB;2093;83.72;7
2026-W33;Игры разума;Litres;4320;172.8;8
2026-W33;Шёпот времени;Ozon;3510;140.4;9
2026-W33;Тихий сад;WB;3490;139.6;10
2026-W33;Северный экспресс;Litres;1796;71.84;4
2026-W33;Дом у маяка;Ozon;1495;59.8;5
2026-W33;Игры разума;WB;3240;129.6;6
2026-W33;Шёпот времени;Litres;2730;109.2;7
2026-W33;Тихий сад;Ozon;2792;111.68;8
2026-W33;Северный экспресс;WB;4041;161.64;9
2026-W33;Дом у маяка;Litres;2990;119.6;10
2026-W33;Игры разума;Ozon;2160;86.4;4
2026-W33;Шёпот времени;WB;1950;78;5
2026-W33;Тихий сад;Litres;2094;83.76;6
2026-W33;Северный экспресс;Ozon;3143;125.72;7
2026-W33;Дом у маяка;WB;2392;95.68;8
2026-W33;Игры разума;Litres;4860;194.4;9
2026-W33;Шёпот времени;Ozon;3900;156;10
2026-W33;Тихий сад;WB;1396;55.84;4
2026-W33;Северный экспресс;Litres;2245;89.8;5
2026-W33;Дом у маяка;Ozon;1794;71.76;6
2026-W33;Игры разума;WB;3780;151.2;7
2026-W33;Шёпот времени;Litres;3120;124.8;8
2026-W33;Тихий сад;Ozon;3141;125.64;9
2026-W33;Северный экспресс;WB;4490;179.6;10
2026-W33;Дом у маяка;Litres;1196;47.84;4
2026-W33;Игры разума;Ozon;2700;108;5
2026-W33;Шёпот времени;WB;2340;93.6;6
2026-W33;Тихий сад;Litres;2443;97.72;7
2026-W33;Северный экспресс;Ozon;3592;143.68;8
2026-W33;Дом у маяка;WB;2691;107.64;9
2026-W33;Игры разума;Litres;5400;216;10
2026-W33;Шёпот времени;Ozon;1560;62.4;4
2026-W33;Тихий сад;WB;1745;69.8;5
2026-W33;Северный экспресс;Litres;2694;107.76;6
2026-W33;Дом у маяка;Ozon;2093;83.72;7
2026-W33;Игры разума;WB;4320;172.8;8
2026-W33;Шёпот времени;Litres;3510;140.4;9
2026-W33;Тихий сад;Ozon;3490;139.6;10
2026-W33;Северный экспресс;WB;1796;71.84;4
2026-W33;Дом у маяка;Litres;1495;59.8;5
2026-W33;Игры разума;Ozon;3240;129.6;6
2026-W33;Шёпот времени;WB;2730;109.2;7
2026-W33;Тихий сад;Litres;2792;111.68;8
2026-W33;Северный экспресс;Ozon;4041;161.64;9
2026-W33;Дом у маяка;WB;2990;119.6;10
2026-W33;Игры разума;Litres;2160;86.4;4
2026-W33;Шёпот времени;Ozon;1950;78;5
2026-W33;Тихий сад;WB;2094;83.76;6
2026-W33;Северный экспресс;Litres;3143;125.72;7
2026-W33;Дом у маяка;Ozon;2392;95.68;8
2026-W33;Игры разума;WB;4860;194.4;9
2026-W33;Шёпот времени;Litres;3900;156;10
2026-W33;Тихий сад;Ozon;1396;55.84;4
2026-W33;Северный экспресс;WB;2245;89.8;5
2026-W33;Дом у маяка;Litres;1794;71.76;6
2026-W33;Игры разума;Ozon;3780;151.2;7
2026-W33;Шёпот времени;WB;3120;124.8;8
2026-W33;Тихий сад;Litres;3141;125.64;9
2026-W33;Северный экспресс;Ozon;4490;179.6;10
2026-W33;Дом у маяка;WB;1196;47.84;4
2026-W33;Игры разума;Litres;2700;108;5
2026-W33;Шёпот времени;Ozon;2340;93.6;6
2026-W33;Тихий сад;WB;2443;97.72;7
2026-W33;Северный экспресс;Litres;3592;143.68;8
2026-W33;Дом у маяка;Ozon;2691;107.64;9
2026-W33;Игры разума;WB;5400;216;10
2026-W33;Шёпот времени;Litres;1560;62.4;4
2026-W33;Тихий сад;Ozon;1745;69.8;5
2026-W33;Северный экспресс;WB;2694;107.76;6
2026-W33;Дом у маяка;Litres;2093;83.72;7
2026-W33;Игры разума;Ozon;4320;172.8;8
2026-W33;Шёпот времени;WB;3510;140.4;9
2026-W33;Тихий сад;Litres;3490;139.6;10
2026-W33;Северный экспресс;Ozon;1796;71.84;4
2026-W33;Дом у маяка;WB;1495;59.8;5
2026-W33;Игры разума;Litres;3240;129.6;6
2026-W33;Шёпот времени;Ozon;2730;109.2;7
2026-W33;Тихий сад;WB;2792;111.68;8
2026-W33;Северный экспресс;Litres;4041;161.64;9
2026-W33;Дом у маяка;Ozon;2990;119.6;10
2026-W33;Игры разума;WB;2160;86.4;4
2026-W33;Шёпот времени;Litres;1950;78;5
2026-W33;Тихий сад;Ozon;2094;83.76;6
2026-W33;Северный экспресс;WB;3143;125.72;7
2026-W33;Дом у маяка;Litres;2392;95.68;8
2026-W33;Игры разума;Ozon;4860;194.4;9
2026-W33;Шёпот времени;WB;3900;156;10
2026-W33;Тихий сад;Litres;1396;55.84;4
2026-W33;Северный экспресс;Ozon;2245;89.8;5
2026-W33;Дом у маяка;WB;1794;71.76;6
2026-W33;Игры разума;Litres;3780;151.2;7
2026-W33;Шёпот времени;Ozon;3120;124.8;8
2026-W33;Тихий сад;WB;3141;125.64;9
2026-W33;Северный экспресс;Litres;4490;179.6;10
2026-W33;Дом у маяка;Ozon;1196;47.84;4
2026-W33;Игры разума;WB;2700;108;5
2026-W33;Шёпот времени;Litres;2340;93.6;6
2026-W33;Тихий сад;Ozon;2443;97.72;7
2026-W33;Северный экспресс;WB;3592;143.68;8
2026-W33;Дом у маяка;Litres;2691;107.64;9
2026-W33;Игры разума;Ozon;5400;216;10
2026-W33;Шёпот времени;WB;1560;62.4;4
2026-W33;Тихий сад;Litres;1745;69.8;5
2026-W33;Северный экспресс;Ozon;2694;107.76;6
2026-W33;Дом у маяка;WB;2093;83.72;7
2026-W33;Игры разума;Litres;4320;172.8;8
2026-W33;Шёпот времени;Ozon;3510;140.4;9
2026-W33;Тихий сад;WB;3490;139.6;10
2026-W33;Северный экспресс;Litres;1796;71.84;4
2026-W33;Дом у маяка;Ozon;1495;59.8;5
2026-W33;Игры разума;WB;3240;129.6;6
2026-W33;Шёпот времени;Litres;2730;109.2;7
2026-W33;Тихий сад;Ozon;2792;111.68;8
2026-W33;Северный экспресс;WB;4041;161.64;9
2026-W33;Дом у маяка;Litres;2990;119.6;10
2026-W33;Игры разума;Ozon;2160;86.4;4
2026-W33;Шёпот времени;WB;1950;78;5
2026-W33;Тихий сад;Litres;2094;83.76;6
2026-W33;Северный экспресс;Ozon;3143;125.72;7
2026-W33;Дом у маяка;WB;2392;95.68;8
2026-W33;Игры разума;Litres;4860;194.4;9
2026-W33;Шёпот времени;Ozon;3900;156;10
2026-W33;Тихий сад;WB;1396;55.84;4
2026-W33;Северный экспресс;Litres;2245;89.8;5
2026-W33;Дом у маяка;Ozon;1794;71.76;6
2026-W33;Игры разума;WB;3780;151.2;7
2026-W33;Шёпот времени;Litres;3120;124.8;8
2026-W33;Тихий сад;Ozon;3141;125.64;9
2026-W33;Северный экспресс;WB;4490;179.6;10
2026-W33;Дом у маяка;Litres;1196;47.84;4
2026-W33;Игры разума;Ozon;2700;108;5
2026-W33;Шёпот времени;WB;2340;93.6;6
2026-W33;Тихий сад;Litres;2443;97.72;7
2026-W33;Северный экспресс;Ozon;3592;143.68;8
2026-W33;Дом у маяка;WB;2691;107.64;9
2026-W33;Игры разума;Litres;5400;216;10
2026-W33;Шёпот времени;Ozon;1560;62.4;4
2026-W33;Тихий сад;WB;1745;69.8;5
2026-W33;Северный экспресс;Litres;2694;107.76;6
2026-W33;Дом у маяка;Ozon;2093;83.72;7
2026-W33;Игры разума;WB;4320;172.8;8
2026-W33;Шёпот времени;Litres;3510;140.4;9
2026-W33;Тихий сад;Ozon;3490;139.6;10
2026-W33;Северный экспресс;WB;1796;71.84;4
2026-W33;Дом у маяка;Litres;1495;59.8;5
2026-W33;Игры разума;Ozon;3240;129.6;6
2026-W33;Шёпот времени;WB;2730;109.2;7
2026-W33;Тихий сад;Litres;2792;111.68;8
2026-W33;Северный экспресс;Ozon;4041;161.64;9
2026-W33;Дом у маяка;WB;2990;119.6;10
2026-W33;Игры разума;Litres;2160;86.4;4
2026-W33;Шёпот времени;Ozon;1950;78;5
2026-W33;Тихий сад;WB;2094;83.76;6
2026-W33;Северный экспресс;Litres;3143;125.72;7
2026-W33;Дом у маяка;Ozon;2392;95.68;8
2026-W33;Игры разума;WB;4860;194.4;9
2026-W33;Шёпот времени;Litres;3900;156;10
2026-W33;Тихий сад;Ozon;1396;55.84;4
2026-W33;Северный экспресс;WB;2245;89.8;5
2026-W33;Дом у маяка;Litres;1794;71.76;6
2026-W33;Игры разума;Ozon;3780;151.2;7
2026-W33;Шёпот времени;WB;3120;124.8;8
2026-W33;Тихий сад;Litres;3141;125.64;9
2026-W33;Северный экспресс;Ozon;4490;179.6;10
2026-W33;Дом у маяка;WB;1196;47.84;4
2026-W33;Игры разума;Litres;2700;108;5
2026-W33;Шёпот времени;Ozon;2340;93.6;6
2026-W33;Тихий сад;WB;2443;97.72;7
2026-W33;Северный экспресс;Litres;3592;143.68;8
2026-W33;Дом у маяка;Ozon;2691;107.64;9
2026-W33;Игры разума;WB;5400;216;10
2026-W33;Шёпот времени;Litres;1560;62.4;4
2026-W33;Тихий сад;Ozon;1745;69.8;5
2026-W33;Северный экспресс;WB;2694;107.76;6
2026-W33;Дом у маяка;Litres;2093;83.72;7
2026-W33;Игры разума;Ozon;4320;172.8;8
2026-W33;Шёпот времени;WB;3510;140.4;9
2026-W33;Тихий сад;Litres;3490;139.6;10
2026-W33;Северный экспресс;Ozon;1796;71.84;4
2026-W33;Дом у маяка;WB;1495;59.8;5
2026-W33;Игры разума;Litres;3240;129.6;6
2026-W33;Шёпот времени;Ozon;2730;109.2;7
2026-W33;Тихий сад;WB;2792;111.68;8
2026-W33;Северный экспресс;Litres;4041;161.64;9
2026-W33;Дом у маяка;Ozon;2990;119.6;10
2026-W33;Игры разума;WB;2160;86.4;4
2026-W33;Шёпот времени;Litres;1950;78;5
2026-W33;Тихий сад;Ozon;2094;83.76;6
2026-W33;Северный экспресс;WB;3143;125.72;7
2026-W33;Дом у маяка;Litres;2392;95.68;8
2026-W33;Игры разума;Ozon;4860;194.4;9
2026-W33;Шёпот времени;WB;3900;156;10
2026-W33;Тихий сад;Litres;1396;55.84;4
2026-W33;Северный экспресс;Ozon;2245;89.8;5
2026-W33;Дом у маяка;WB;1794;71.76;6
2026-W33;Игры разума;Litres;3780;151.2;7
2026-W33;Шёпот времени;Ozon;3120;124.8;8
2026-W33;Тихий сад;WB;3141;125.64;9
2026-W33;Северный экспресс;Litres;4490;179.6;10
2026-W33;Дом у маяка;Ozon;1196;47.84;4
2026-W33;Игры разума;WB;2700;108;5
2026-W33;Шёпот времени;Litres;2340;93.6;6
2026-W33;Тихий сад;Ozon;2443;97.72;7
2026-W33;Северный экспресс;WB;3592;143.68;8
2026-W33;Дом у маяка;Litres;2691;107.64;9
2026-W33;Игры разума;Ozon;5400;216;10
2026-W33;Шёпот времени;WB;1560;62.4;4
2026-W33;Тихий сад;Litres;1745;69.8;5
2026-W33;Северный экспресс;Ozon;2694;107.76;6
2026-W33;Дом у маяка;WB;2093;83.72;7
2026-W33;Игры разума;Litres;4320;172.8;8
2026-W33;Шёпот времени;Ozon;3510;140.4;9
2026-W33;Тихий сад;WB;3490;139.6;10
2026-W33;Северный экспресс;Litres;1796;71.84;4
2026-W33;Дом у маяка;Ozon;1495;59.8;5
2026-W33;Игры разума;WB;3240;129.6;6
2026-W33;Шёпот времени;Litres;2730;109.2;7
2026-W33;Тихий сад;Ozon;2792;111.68;8
2026-W33;Северный экспресс;WB;4041;161.64;9
2026-W33;Дом у маяка;Litres;2990;119.6;10
2026-W33;Игры разума;Ozon;2160;86.4;4
2026-W33;Шёпот времени;WB;1950;78;5
2026-W33;Тихий сад;Litres;2094;83.76;6
2026-W33;Северный экспресс;Ozon;3143;125.72;7
2026-W33;Дом у маяка;WB;2392;95.68;8
2026-W33;Игры разума;Litres;4860;194.4;9
2026-W33;Шёпот времени;Ozon;3900;156;10
2026-W33;Тихий сад;WB;1396;55.84;4
2026-W33;Северный экспресс;Litres;2245;89.8;5
2026-W33;Дом у маяка;Ozon;1794;71.76;6
2026-W33;Игры разума;WB;3780;151.2;7
2026-W33;Шёпот времени;Litres;3120;124.8;8
2026-W33;Тихий сад;Ozon;3141;125.64;9
2026-W33;Северный экспресс;WB;4490;179.6;10
2026-W33;Дом у маяка;Litres;1196;47.84;4
2026-W33;Игры разума;Ozon;2700;108;5
2026-W33;Шёпот времени;WB;2340;93.6;6
2026-W33;Тихий сад;Litres;2443;97.72;7
2026-W33;Северный экспресс;Ozon;3592;143.68;8
2026-W33;Дом у маяка;WB;2691;107.64;9
2026-W33;Игры разума;Litres;5400;216;10
2026-W33;Шёпот времени;Ozon;1560;62.4;4
2026-W33;Тихий сад;WB;1745;69.8;5
2026-W33;Северный экспресс;Litres;2694;107.76;6
2026-W33;Дом у маяка;Ozon;2093;83.72;7
2026-W33;Игры разума;WB;4320;172.8;8
2026-W33;Шёпот времени;Litres;3510;140.4;9
2026-W33;Тихий сад;Ozon;3490;139.6;10
2026-W33;Северный экспресс;WB;1796;71.84;4
2026-W33;Дом у маяка;Litres;1495;59.8;5
2026-W33;Игры разума;Ozon;3240;129.6;6
2026-W33;Шёпот времени;WB;2730;109.2;7
2026-W33;Тихий сад;Litres;2792;111.68;8
2026-W33;Северный экспресс;Ozon;4041;161.64;9
2026-W33;Дом у маяка;WB;2990;119.6;10
2026-W33;Игры разума;Litres;2160;86.4;4
2026-W33;Шёпот времени;Ozon;1950;78;5
2026-W33;Тихий сад;WB;2094;83.76;6
2026-W33;Северный экспресс;Litres;3143;125.72;7
2026-W33;Дом у маяка;Ozon;2392;95.68;8
2026-W33;Игры разума;WB;4860;194.4;9
2026-W33;Шёпот времени;Litres;3900;156;10
2026-W33;Тихий сад;Ozon;1396;55.84;4
2026-W33;Северный экспресс;WB;2245;89.8;5
2026-W33;Дом у маяка;Litres;1794;71.76;6
2026-W33;Игры разума;Ozon;3780;151.2;7
2026-W33;Шёпот времени;WB;3120;124.8;8
2026-W33;Тихий сад;Litres;3141;125.64;9
2026-W33;Северный экспресс;Ozon;4490;179.6;10
2026-W33;Дом у маяка;WB;1196;47.84;4
2026-W33;Игры разума;Litres;2700;108;5
2026-W33;Шёпот времени;Ozon;2340;93.6;6
2026-W33;Тихий сад;WB;2443;97.72;7
2026-W33;Северный экспресс;Litres;3592;143.68;8
2026-W33;Дом у маяка;Ozon;2691;107.64;9
2026-W33;Игры разума;WB;5400;216;10
2026-W33;Шёпот времени;Litres;1560;62.4;4
2026-W33;Тихий сад;Ozon;1745;69.8;5
2026-W33;Северный экспресс;WB;2694;107.76;6
2026-W33;Дом у маяка;Litres;2093;83.72;7
2026-W33;Игры разума;Ozon;4320;172.8;8
2026-W33;Шёпот времени;WB;3510;140.4;9
2026-W33;Тихий сад;Litres;3490;139.6;10
2026-W33;Северный экспресс;Ozon;1796;71.84;4
2026-W33;Дом у маяка;WB;1495;59.8;5
2026-W33;Игры разума;Litres;3240;129.6;6
2026-W33;Шёпот времени;Ozon;2730;109.2;7
2026-W33;Тихий сад;WB;2792;111.68;8
2026-W33;Северный экспресс;Litres;4041;161.64;9
2026-W33;Дом у маяка;Ozon;2990;119.6;10
2026-W33;Игры разума;WB;2160;86.4;4
2026-W33;Шёпот времени;Litres;1950;78;5
2026-W33;Тихий сад;Ozon;2094;83.76;6
2026-W33;Северный экспресс;WB;3143;125.72;7
2026-W33;Дом у маяка;Litres;2392;95.68;8
2026-W33;Игры разума;Ozon;4860;194.4;9
2026-W33;Шёпот времени;WB;3900;156;10
2026-W33;Тихий сад;Litres;1396;55.84;4
2026-W33;Северный экспресс;Ozon;2245;89.8;5
2026-W33;Дом у маяка;WB;1794;71.76;6
2026-W33;Игры разума;Litres;3780;151.2;7
2026-W33;Шёпот времени;Ozon;3120;124.8;8
2026-W33;Тихий сад;WB;3141;125.64;9
2026-W33;Северный экспресс;Litres;4490;179.6;10
2026-W33;Дом у маяка;Ozon;1196;47.84;4
2026-W33;Игры разума;WB;2700;108;5
2026-W33;Шёпот времени;Litres;2340;93.6;6
2026-W33;Тихий сад;Ozon;2443;97.72;7
2026-W33;Северный экспресс;WB;3592;143.68;8
2026-W33;Дом у маяка;Litres;2691;107.64;9
2026-W33;Игры разума;Ozon;5400;216;10
2026-W33;Шёпот времени;WB;1560;62.4;4
2026-W33;Тихий сад;Litres;1745;69.8;5
2026-W33;Северный экспресс;Ozon;2694;107.76;6
2026-W33;Дом у маяка;WB;2093;83.72;7
2026-W33;Игры разума;Litres;4320;172.8;8
2026-W33;Шёпот времени;Ozon;3510;140.4;9
2026-W33;Тихий сад;WB;3490;139.6;10
2026-W33;Северный экспресс;Litres;1796;71.84;4
2026-W33;Дом у маяка;Ozon;1495;59.8;5
2026-W33;Игры разума;WB;3240;129.6;6
2026-W33;Шёпот времени;Litres;2730;109.2;7
2026-W33;Тихий сад;Ozon;2792;111.68;8
2026-W33;Северный экспресс;WB;4041;161.64;9
2026-W33;Дом у маяка;Litres;2990;119.6;10
2026-W33;Игры разума;Ozon;2160;86.4;4
2026-W33;Шёпот времени;WB;1950;78;5
2026-W33;Тихий сад;Litres;2094;83.76;6
2026-W33;Северный экспресс;Ozon;3143;125.72;7
2026-W33;Дом у маяка;WB;2392;95.68;8
2026-W33;Игры разума;Litres;4860;194.4;9
2026-W33;Шёпот времени;Ozon;3900;156;10
2026-W33;Тихий сад;WB;1396;55.84;4
2026-W33;Северный экспресс;Litres;2245;89.8;5
2026-W33;Дом у маяка;Ozon;1794;71.76;6
2026-W33;Игры разума;WB;3780;151.2;7
2026-W33;Шёпот времени;Litres;3120;124.8;8
2026-W33;Тихий сад;Ozon;3141;125.64;9
2026-W33;Северный экспресс;WB;4490;179.6;10
2026-W33;Дом у маяка;Litres;1196;47.84;4
2026-W33;Игры разума;Ozon;2700;108;5
2026-W33;Шёпот времени;WB;2340;93.6;6
2026-W33;Тихий сад;Litres;2443;97.72;7
2026-W33;Северный экспресс;Ozon;3592;143.68;8
2026-W33;Дом у маяка;WB;2691;107.64;9
2026-W33;Игры разума;Litres;5400;216;10
2026-W33;Шёпот времени;Ozon;1560;62.4;4
2026-W33;Тихий сад;WB;1745;69.8;5
2026-W33;Северный экспресс;Litres;2694;107.76;6
2026-W33;Дом у маяка;Ozon;2093;83.72;7
2026-W33;Игры разума;WB;4320;172.8;8
2026-W33;Шёпот времени;Litres;3510;140.4;9
2026-W33;Тихий сад;Ozon;3490;139.6;10
2026-W33;Северный экспресс;WB;1796;71.84;4
2026-W33;Дом у маяка;Litres;1495;59.8;5
2026-W33;Игры разума;Ozon;3240;129.6;6
2026-W33;Шёпот времени;WB;2730;109.2;7
2026-W33;Тихий сад;Litres;2792;111.68;8
2026-W33;Северный экспресс;Ozon;4041;161.64;9
2026-W33;Дом у маяка;WB;2990;119.6;10
2026-W33;Игры разума;Litres;2160;86.4;4
2026-W33;Шёпот времени;Ozon;1950;78;5
2026-W33;Тихий сад;WB;2094;83.76;6
2026-W33;Северный экспресс;Litres;3143;125.72;7
2026-W33;Дом у маяка;Ozon;2392;95.68;8
2026-W33;Игры разума;WB;4860;194.4;9
2026-W33;Шёпот времени;Litres;3900;156;10
2026-W33;Тихий сад;Ozon;1396;55.84;4
2026-W33;Северный экспресс;WB;2245;89.8;5
2026-W33;Дом у маяка;Litres;1794;71.76;6
2026-W33;Игры разума;Ozon;3780;151.2;7
2026-W33;Шёпот времени;WB;3120;124.8;8
2026-W33;Тихий сад;Litres;3141;125.64;9
2026-W33;Северный экспресс;Ozon;4490;179.6;10
2026-W33;Дом у маяка;WB;1196;47.84;4
2026-W33;Игры разума;Litres;2700;108;5
2026-W33;Шёпот времени;Ozon;2340;93.6;6
2026-W33;Тихий сад;WB;2443;97.72;7
2026-W33;Северный экспресс;Litres;3592;143.68;8
2026-W33;Дом у маяка;Ozon;2691;107.64;9
2026-W33;Игры разума;WB;5400;216;10
2026-W33;Шёпот времени;Litres;1560;62.4;4
2026-W33;Тихий сад;Ozon;1745;69.8;5
2026-W33;Северный экспресс;WB;2694;107.76;6
2026-W33;Дом у маяка;Litres;2093;83.72;7
2026-W33;Игры разума;Ozon;4320;172.8;8
2026-W33;Шёпот времени;WB;3510;140.4;9
2026-W33;Тихий сад;Litres;3490;139.6;10
2026-W33;Северный экспресс;Ozon;1796;71.84;4
2026-W33;Дом у маяка;WB;1495;59.8;5
2026-W33;Игры разума;Litres;3240;129.6;6
2026-W33;Шёпот времени;Ozon;2730;109.2;7
2026-W33;Тихий сад;WB;2792;111.68;8
2026-W33;Северный экспресс;Litres;4041;161.64;9
2026-W33;Дом у маяка;Ozon;2990;119.6;10
2026-W33;Игры разума;WB;2160;86.4;4
2026-W33;Шёпот времени;Litres;1950;78;5
2026-W33;Тихий сад;Ozon;2094;83.76;6
2026-W33;Северный экспресс;WB;3143;125.72;7
2026-W33;Дом у маяка;Litres;2392;95.68;8
2026-W33;Игры разума;Ozon;4860;194.4;9
2026-W33;Шёпот времени;WB;3900;156;10
2026-W33;Тихий сад;Litres;1396;55.84;4
2026-W33;Северный экспресс;Ozon;2245;89.8;5
2026-W33;Дом у маяка;WB;1794;71.76;6
2026-W33;Игры разума;Litres;3780;151.2;7
2026-W33;Шёпот времени;Ozon;3120;124.8;8
2026-W33;Тихий сад;WB;3141;125.64;9
2026-W33;Северный экспресс;Litres;4490;179.6;10
2026-W33;Дом у маяка;Ozon;1196;47.84;4
2026-W33;Игры разума;WB;2700;108;5
2026-W33;Шёпот времени;Litres;2340;93.6;6
2026-W33;Тихий сад;Ozon;2443;97.72;7
2026-W33;Северный экспресс;WB;3592;143.68;8
2026-W33;Дом у маяка;Litres;2691;107.64;9
2026-W33;Игры разума;Ozon;5400;216;10
2026-W33;Шёпот времени;WB;1560;62.4;4
2026-W33;Тихий сад;Litres;1745;69.8;5
2026-W33;Северный экспресс;Ozon;2694;107.76;6
2026-W33;Дом у маяка;WB;2093;83.72;7
2026-W33;Игры разума;Litres;4320;172.8;8
2026-W33;Шёпот времени;Ozon;3510;140.4;9
2026-W33;Тихий сад;WB;3490;139.6;10
2026-W33;Северный экспресс;Litres;1796;71.84;4
2026-W33;Дом у маяка;Ozon;1495;59.8;5
2026-W33;Игры разума;WB;3240;129.6;6
2026-W33;Шёпот времени;Litres;2730;109.2;7
2026-W33;Тихий сад;Ozon;2792;111.68;8
2026-W33;Северный экспресс;WB;4041;161.64;9
2026-W33;Дом у маяка;Litres;2990;119.6;10
2026-W33;Игры разума;Ozon;2160;86.4;4
2026-W33;Шёпот времени;WB;1950;78;5
2026-W33;Тихий сад;Litres;2094;83.76;6
2026-W33;Северный экспресс;Ozon;3143;125.72;7
2026-W33;Дом у маяка;WB;2392;95.68;8
2026-W33;Игры разума;Litres;4860;194.4;9
2026-W33;Шёпот времени;Ozon;3900;156;10
2026-W33;Тихий сад;WB;1396;55.84;4
2026-W33;Северный экспресс;Litres;2245;89.8;5
2026-W33;Дом у маяка;Ozon;1794;71.76;6
2026-W33;Игры разума;WB;3780;151.2;7
2026-W33;Шёпот времени;Litres;3120;124.8;8
2026-W33;Тихий сад;Ozon;3141;125.64;9
2026-W33;Северный экспресс;WB;4490;179.6;10
2026-W33;Дом у маяка;Litres;1196;47.84;4
2026-W33;Игры разума;Ozon;2700;108;5
2026-W33;Шёпот времени;WB;2340;93.6;6
2026-W33;Тихий сад;Litres;2443;97.72;7
2026-W33;Северный экспресс;Ozon;3592;143.68;8
2026-W33;Дом у маяка;WB;2691;107.64;9
2026-W33;Игры разума;Litres;5400;216;10
2026-W33;Шёпот времени;Ozon;1560;62.4;4
2026-W33;Тихий сад;WB;1745;69.8;5
2026-W33;Северный экспресс;Litres;2694;107.76;6
2026-W33;Дом у маяка;Ozon;2093;83.72;7
2026-W33;Игры разума;WB;4320;172.8;8
2026-W33;Шёпот времени;Litres;3510;140.4;9
2026-W33;Тихий сад;Ozon;3490;139.6;10
2026-W33;Северный экспресс;WB;1796;71.84;4
2026-W33;Дом у маяка;Litres;1495;59.8;5
2026-W33;Игры разума;Ozon;3240;129.6;6
2026-W33;Шёпот времени;WB;2730;109.2;7
2026-W33;Тихий сад;Litres;2792;111.68;8
2026-W33;Северный экспресс;Ozon;4041;161.64;9
2026-W33;Дом у маяка;WB;2990;119.6;10
2026-W33;Игры разума;Litres;2160;86.4;4
2026-W33;Шёпот времени;Ozon;1950;78;5
2026-W33;Тихий сад;WB;2094;83.76;6
2026-W33;Северный экспресс;Litres;3143;125.72;7
2026-W33;Дом у маяка;Ozon;2392;95.68;8
2026-W33;Игры разума;WB;4860;194.4;9
2026-W33;Шёпот времени;Litres;3900;156;10
2026-W33;Тихий сад;Ozon;1396;55.84;4
2026-W33;Северный экспресс;WB;2245;89.8;5
2026-W33;Дом у маяка;Litres;1794;71.76;6
2026-W33;Игры разума;Ozon;3780;151.2;7
2026-W33;Шёпот времени;WB;3120;124.8;8
2026-W33;Тихий сад;Litres;3141;125.64;9
2026-W33;Северный экспресс;Ozon;4490;179.6;10
2026-W33;Дом у маяка;WB;1196;47.84;4
2026-W33;Игры разума;Litres;2700;108;5
2026-W33;Шёпот времени;Ozon;2340;93.6;6
2026-W33;Тихий сад;WB;2443;97.72;7
2026-W33;Северный экспресс;Litres;3592;143.68;8
2026-W33;Дом у маяка;Ozon;2691;107.64;9
2026-W33;Игры разума;WB;5400;216;10
2026-W33;Шёпот времени;Litres;1560;62.4;4
2026-W33;Тихий сад;Ozon;1745;69.8;5
2026-W33;Северный экспресс;WB;2694;107.76;6
2026-W33;Дом у маяка;Litres;2093;83.72;7
2026-W33;Игры разума;Ozon;4320;172.8;8
2026-W33;Шёпот времени;WB;3510;140.4;9
2026-W33;Тихий сад;Litres;3490;139.6;10
2026-W33;Северный экспресс;Ozon;1796;71.84;4
2026-W33;Дом у маяка;WB;1495;59.8;5
2026-W33;Игры разума;Litres;3240;129.6;6
2026-W33;Шёпот времени;Ozon;2730;109.2;7
2026-W33;Тихий сад;WB;2792;111.68;8
2026-W33;Северный экспресс;Litres;4041;161.64;9
2026-W33;Дом у маяка;Ozon;2990;119.6;10
2026-W33;Игры разума;WB;2160;86.4;4
2026-W33;Шёпот времени;Litres;1950;78;5
2026-W33;Тихий сад;Ozon;2094;83.76;6
2026-W33;Северный экспресс;WB;3143;125.72;7
2026-W33;Дом у маяка;Litres;2392;95.68;8
2026-W33;Игры разума;Ozon;4860;194.4;9
2026-W33;Шёпот времени;WB;3900;156;10
2026-W33;Тихий сад;Litres;1396;55.84;4
2026-W33;Северный экспресс;Ozon;2245;89.8;5
2026-W33;Дом у маяка;WB;1794;71.76;6
2026-W33;Игры разума;Litres;3780;151.2;7
2026-W33;Шёпот времени;Ozon;3120;124.8;8
2026-W33;Тихий сад;WB;3141;125.64;9
2026-W33;Северный экспресс;Litres;4490;179.6;10
2026-W33;Дом у маяка;Ozon;1196;47.84;4
2026-W33;Игры разума;WB;2700;108;5
2026-W33;Шёпот времени;Litres;2340;93.6;6
2026-W33;Тихий сад;Ozon;2443;97.72;7
2026-W33;Северный экспресс;WB;3592;143.68;8
2026-W33;Дом у маяка;Litres;2691;107.64;9
2026-W33;Игры разума;Ozon;5400;216;10
2026-W33;Шёпот времени;WB;1560;62.4;4
2026-W33;Тихий сад;Litres;1745;69.8;5
2026-W33;Северный экспресс;Ozon;2694;107.76;6
2026-W33;Дом у маяка;WB;2093;83.72;7
2026-W33;Игры разума;Litres;4320;172.8;8
2026-W33;Шёпот времени;Ozon;3510;140.4;9
2026-W33;Тихий сад;WB;3490;139.6;10
2026-W33;Северный экспресс;Litres;1796;71.84;4
2026-W33;Дом у маяка;Ozon;1495;59.8;5
2026-W33;Игры разума;WB;3240;129.6;6
2026-W33;Шёпот времени;Litres;2730;109.2;7
2026-W33;Тихий сад;Ozon;2792;111.68;8
2026-W33;Северный экспресс;WB;4041;161.64;9
2026-W33;Дом у маяка;Litres;2990;119.6;10
2026-W33;Игры разума;Ozon;2160;86.4;4
2026-W33;Шёпот времени;WB;1950;78;5
2026-W33;Тихий сад;Litres;2094;83.76;6
2026-W33;Северный экспресс;Ozon;3143;125.72;7
2026-W33;Дом у маяка;WB;2392;95.68;8
2026-W33;Игры разума;Litres;4860;194.4;9
2026-W33;Шёпот времени;Ozon;3900;156;10
2026-W33;Тихий сад;WB;1396;55.84;4
2026-W33;Северный экспресс;Litres;2245;89.8;5
2026-W33;Дом у маяка;Ozon;1794;71.76;6
2026-W33;Игры разума;WB;3780;151.2;7
2026-W33;Шёпот времени;Litres;3120;124.8;8
2026-W33;Тихий сад;Ozon;3141;125.64;9
2026-W33;Северный экспресс;WB;4490;179.6;10
2026-W33;Дом у маяка;Litres;1196;47.84;4
2026-W33;Игры разума;Ozon;2700;108;5
2026-W33;Шёпот времени;WB;2340;93.6;6
2026-W33;Тихий сад;Litres;2443;97.72;7
2026-W33;Северный экспресс;Ozon;3592;143.68;8
2026-W33;Дом у маяка;WB;2691;107.64;9
2026-W33;Игры разума;Litres;5400;216;10
2026-W33;Шёпот времени;Ozon;1560;62.4;4
2026-W33;Тихий сад;WB;1745;69.8;5
2026-W33;Северный экспресс;Litres;2694;107.76;6
2026-W33;Дом у маяка;Ozon;2093;83.72;7
2026-W33;Игры разума;WB;4320;172.8;8
2026-W33;Шёпот времени;Litres;3510;140.4;9
2026-W33;Тихий сад;Ozon;3490;139.6;10
2026-W33;Северный экспресс;WB;1796;71.84;4
2026-W33;Дом у маяка;Litres;1495;59.8;5
2026-W33;Игры разума;Ozon;3240;129.6;6
2026-W33;Шёпот времени;WB;2730;109.2;7
2026-W33;Тихий сад;Litres;2792;111.68;8
2026-W33;Северный экспресс;Ozon;4041;161.64;9
2026-W33;Дом у маяка;WB;2990;119.6;10
2026-W33;Игры разума;Litres;2160;86.4;4
2026-W33;Шёпот времени;Ozon;1950;78;5
2026-W33;Тихий сад;WB;2094;83.76;6
2026-W33;Северный экспресс;Litres;3143;125.72;7
2026-W33;Дом у маяка;Ozon;2392;95.68;8
2026-W33;Игры разума;WB;4860;194.4;9
2026-W33;Шёпот времени;Litres;3900;156;10
2026-W33;Тихий сад;Ozon;1396;55.84;4
2026-W33;Северный экспресс;WB;2245;89.8;5
2026-W33;Дом у маяка;Litres;1794;71.76;6
2026-W33;Игры разума;Ozon;3780;151.2;7
2026-W33;Шёпот времени;WB;3120;124.8;8
2026-W33;Тихий сад;Litres;3141;125.64;9
2026-W33;Северный экспресс;Ozon;4490;179.6;10
2026-W33;Дом у маяка;WB;1196;47.84;4
2026-W33;Игры разума;Litres;2700;108;5
2026-W33;Шёпот времени;Ozon;2340;93.6;6
2026-W33;Тихий сад;WB;2443;97.72;7
2026-W33;Северный экспресс;Litres;3592;143.68;8
2026-W33;Дом у маяка;Ozon;2691;107.64;9
2026-W33;Игры разума;WB;5400;216;10
2026-W33;Шёпот времени;Litres;1560;62.4;4
2026-W33;Тихий сад;Ozon;1745;69.8;5
2026-W33;Северный экспресс;WB;2694;107.76;6
2026-W33;Дом у маяка;Litres;2093;83.72;7
2026-W33;Игры разума;Ozon;4320;172.8;8
2026-W33;Шёпот времени;WB;3510;140.4;9
2026-W33;Тихий сад;Litres;3490;139.6;10
2026-W33;Северный экспресс;Ozon;1796;71.84;4
2026-W33;Дом у маяка;WB;1495;59.8;5
2026-W33;Игры разума;Litres;3240;129.6;6
2026-W33;Шёпот времени;Ozon;2730;109.2;7
2026-W33;Тихий сад;WB;2792;111.68;8
2026-W33;Северный экспресс;Litres;4041;161.64;9
2026-W33;Дом у маяка;Ozon;2990;119.6;10
2026-W33;Игры разума;WB;2160;86.4;4
2026-W33;Шёпот времени;Litres;1950;78;5
2026-W33;Тихий сад;Ozon;2094;83.76;6
2026-W33;Северный экспресс;WB;3143;125.72;7
2026-W33;Дом у маяка;Litres;2392;95.68;8
2026-W33;Игры разума;Ozon;4860;194.4;9
2026-W33;Шёпот времени;WB;3900;156;10
2026-W33;Тихий сад;Litres;1396;55.84;4
2026-W33;Северный экспресс;Ozon;2245;89.8;5
2026-W33;Дом у маяка;WB;1794;71.76;6
2026-W33;Игры разума;Litres;3780;151.2;7
2026-W33;Шёпот времени;Ozon;3120;124.8;8
2026-W33;Тихий сад;WB;3141;125.64;9
2026-W33;Северный экспресс;Litres;4490;179.6;10
2026-W33;Дом у маяка;Ozon;1196;47.84;4
2026-W33;Игры разума;WB;2700;108;5
2026-W33;Шёпот времени;Litres;2340;93.6;6
2026-W33;Тихий сад;Ozon;2443;97.72;7
2026-W33;Северный экспресс;WB;3592;143.68;8
2026-W33;Дом у маяка;Litres;2691;107.64;9
2026-W33;Игры разума;Ozon;5400;216;10
2026-W33;Шёпот времени;WB;1560;62.4;4
2026-W33;Тихий сад;Litres;1745;69.8;5
2026-W33;Северный экспресс;Ozon;2694;107.76;6
2026-W33;Дом у маяка;WB;2093;83.72;7
2026-W33;Игры разума;Litres;4320;172.8;8
2026-W33;Шёпот времени;Ozon;3510;140.4;9
2026-W33;Тихий сад;WB;3490;139.6;10
2026-W33;Северный экспресс;Litres;1796;71.84;4
2026-W33;Дом у маяка;Ozon;1495;59.8;5
2026-W33;Игры разума;WB;3240;129.6;6
2026-W33;Шёпот времени;Litres;2730;109.2;7
2026-W33;Тихий сад;Ozon;2792;111.68;8
2026-W33;Северный экспресс;WB;4041;161.64;9
2026-W33;Дом у маяка;Litres;2990;119.6;10
2026-W33;Игры разума;Ozon;2160;86.4;4
2026-W33;Шёпот времени;WB;1950;78;5
2026-W33;Тихий сад;Litres;2094;83.76;6
2026-W33;Северный экспресс;Ozon;3143;125.72;7
2026-W33;Дом у маяка;WB;2392;95.68;8
2026-W33;Игры разума;Litres;4860;194.4;9
2026-W33;Шёпот времени;Ozon;3900;156;10
2026-W33;Тихий сад;WB;1396;55.84;4
2026-W33;Северный экспресс;Litres;2245;89.8;5
2026-W33;Дом у маяка;Ozon;1794;71.76;6
2026-W33;Игры разума;WB;3780;151.2;7
2026-W33;Шёпот времени;Litres;3120;124.8;8
2026-W33;Тихий сад;Ozon;3141;125.64;9
2026-W33;Северный экспресс;WB;4490;179.6;10
2026-W33;Дом у маяка;Litres;1196;47.84;4
2026-W33;Игры разума;Ozon;2700;108;5
2026-W33;Шёпот времени;WB;2340;93.6;6
2026-W33;Тихий сад;Litres;2443;97.72;7
2026-W33;Северный экспресс;Ozon;3592;143.68;8
2026-W33;Дом у маяка;WB;2691;107.64;9
2026-W33;Игры разума;Litres;5400;216;10
2026-W33;Шёпот времени;Ozon;1560;62.4;4
2026-W33;Тихий сад;WB;1745;69.8;5
2026-W33;Северный экспресс;Litres;2694;107.76;6
2026-W33;Дом у маяка;Ozon;2093;83.72;7
2026-W33;Игры разума;WB;4320;172.8;8
2026-W33;Шёпот времени;Litres;3510;140.4;9
2026-W33;Тихий сад;Ozon;3490;139.6;10
2026-W33;Северный экспресс;WB;1796;71.84;4
2026-W33;Дом у маяка;Litres;1495;59.8;5
2026-W33;Игры разума;Ozon;3240;129.6;6
2026-W33;Шёпот времени;WB;2730;109.2;7
2026-W33;Тихий сад;Litres;2792;111.68;8
2026-W33;Северный экспресс;Ozon;4041;161.64;9
2026-W33;Дом у маяка;WB;2990;119.6;10
2026-W33;Игры разума;Litres;2160;86.4;4
2026-W33;Шёпот времени;Ozon;1950;78;5
2026-W33;Тихий сад;WB;2094;83.76;6
2026-W33;Северный экспресс;Litres;3143;125.72;7
2026-W33;Дом у маяка;Ozon;2392;95.68;8
2026-W33;Игры разума;WB;4860;194.4;9
2026-W33;Шёпот времени;Litres;3900;156;10
2026-W33;Тихий сад;Ozon;1396;55.84;4
2026-W33;Северный экспресс;WB;2245;89.8;5
2026-W33;Дом у маяка;Litres;1794;71.76;6
2026-W33;Игры разума;Ozon;3780;151.2;7
2026-W33;Шёпот времени;WB;3120;124.8;8
2026-W33;Тихий сад;Litres;3141;125.64;9
2026-W33;Северный экспресс;Ozon;4490;179.6;10
2026-W33;Дом у маяка;WB;1196;47.84;4
2026-W33;Игры разума;Litres;2700;108;5
2026-W33;Шёпот времени;Ozon;2340;93.6;6
2026-W33;Тихий сад;WB;2443;97.72;7
2026-W33;Северный экспресс;Litres;3592;143.68;8
2026-W33;Дом у маяка;Ozon;2691;107.64;9
2026-W33;Игры разума;WB;5400;216;10
2026-W33;Шёпот времени;Litres;1560;62.4;4
2026-W33;Тихий сад;Ozon;1745;69.8;5
2026-W33;Северный экспресс;WB;2694;107.76;6
2026-W33;Дом у маяка;Litres;2093;83.72;7
2026-W33;Игры разума;Ozon;4320;172.8;8
2026-W33;Шёпот времени;WB;3510;140.4;9
2026-W33;Тихий сад;Litres;3490;139.6;10
2026-W33;Северный экспресс;Ozon;1796;71.84;4
2026-W33;Дом у маяка;WB;1495;59.8;5
2026-W33;Игры разума;Litres;3240;129.6;6
2026-W33;Шёпот времени;Ozon;2730;109.2;7
2026-W33;Тихий сад;WB;2792;111.68;8
2026-W33;Северный экспресс;Litres;4041;161.64;9
2026-W33;Дом у маяка;Ozon;2990;119.6;10
2026-W33;Игры разума;WB;2160;86.4;4
2026-W33;Шёпот времени;Litres;1950;78;5
2026-W33;Тихий сад;Ozon;2094;83.76;6
2026-W33;Северный экспресс;WB;3143;125.72;7
2026-W33;Дом у маяка;Litres;2392;95.68;8
2026-W33;Игры разума;Ozon;4860;194.4;9
2026-W33;Шёпот времени;WB;3900;156;10
2026-W33;Тихий сад;Litres;1396;55.84;4
2026-W33;Северный экспресс;Ozon;2245;89.8;5
2026-W33;Дом у маяка;WB;1794;71.76;6
2026-W33;Игры разума;Litres;3780;151.2;7
2026-W33;Шёпот времени;Ozon;3120;124.8;8
2026-W33;Тихий сад;WB;3141;125.64;9
2026-W33;Северный экспресс;Litres;4490;179.6;10
2026-W33;Дом у маяка;Ozon;1196;47.84;4
2026-W33;Игры разума;WB;2700;108;5
2026-W33;Шёпот времени;Litres;2340;93.6;6
2026-W33;Тихий сад;Ozon;2443;97.72;7
2026-W33;Северный экспресс;WB;3592;143.68;8
2026-W33;Дом у маяка;Litres;2691;107.64;9
2026-W33;Игры разума;Ozon;5400;216;10
2026-W33;Шёпот времени;WB;1560;62.4;4
2026-W33;Тихий сад;Litres;1745;69.8;5
2026-W33;Северный экспресс;Ozon;2694;107.76;6
2026-W33;Дом у маяка;WB;2093;83.72;7
2026-W33;Игры разума;Litres;4320;172.8;8
2026-W33;Шёпот времени;Ozon;3510;140.4;9
2026-W33;Тихий сад;WB;3490;139.6;10
2026-W33;Северный экспресс;Litres;1796;71.84;4
2026-W33;Дом у маяка;Ozon;1495;59.8;5
2026-W33;Игры разума;WB;3240;129.6;6
2026-W33;Шёпот времени;Litres;2730;109.2;7
2026-W33;Тихий сад;Ozon;2792;111.68;8
2026-W33;Северный экспресс;WB;4041;161.64;9
2026-W33;Дом у маяка;Litres;2990;119.6;10
2026-W33;Игры разума;Ozon;2160;86.4;4
2026-W33;Шёпот времени;WB;1950;78;5
2026-W33;Тихий сад;Litres;2094;83.76;6
2026-W33;Северный экспресс;Ozon;3143;125.72;7
2026-W33;Дом у маяка;WB;2392;95.68;8
2026-W33;Игры разума;Litres;4860;194.4;9
2026-W33;Шёпот времени;Ozon;3900;156;10
2026-W33;Тихий сад;WB;1396;55.84;4
2026-W33;Северный экспресс;Litres;2245;89.8;5
2026-W33;Дом у маяка;Ozon;1794;71.76;6
2026-W33;Игры разума;WB;3780;151.2;7
2026-W33;Шёпот времени;Litres;3120;124.8;8
2026-W33;Тихий сад;Ozon;3141;125.64;9
2026-W33;Северный экспресс;WB;4490;179.6;10
2026-W33;Дом у маяка;Litres;1196;47.84;4
2026-W33;Игры разума;Ozon;2700;108;5
2026-W33;Шёпот времени;WB;2340;93.6;6
2026-W33;Тихий сад;Litres;2443;97.72;7
2026-W33;Северный экспресс;Ozon;3592;143.68;8
2026-W33;Дом у маяка;WB;2691;107.64;9
2026-W33;Игры разума;Litres;5400;216;10
2026-W33;Шёпот времени;Ozon;1560;62.4;4
2026-W33;Тихий сад;WB;1745;69.8;5
2026-W33;Северный экспресс;Litres;2694;107.76;6
2026-W33;Дом у маяка;Ozon;2093;83.72;7
2026-W33;Игры разума;WB;4320;172.8;8
2026-W33;Шёпот времени;Litres;3510;140.4;9
2026-W33;Тихий сад;Ozon;3490;139.6;10
2026-W33;Северный экспресс;WB;1796;71.84;4
2026-W33;Дом у маяка;Litres;1495;59.8;5
2026-W33;Игры разума;Ozon;3240;129.6;6
2026-W33;Шёпот времени;WB;2730;109.2;7
2026-W33;Тихий сад;Litres;2792;111.68;8
2026-W33;Северный экспресс;Ozon;4041;161.64;9
2026-W33;Дом у маяка;WB;2990;119.6;10
2026-W33;Игры разума;Litres;2160;86.4;4
2026-W33;Шёпот времени;Ozon;1950;78;5
2026-W33;Тихий сад;WB;2094;83.76;6
2026-W33;Северный экспресс;Litres;3143;125.72;7
2026-W33;Дом у маяка;Ozon;2392;95.68;8
2026-W33;Игры разума;WB;4860;194.4;9
2026-W33;Шёпот времени;Litres;3900;156;10
2026-W33;Тихий сад;Ozon;1396;55.84;4
2026-W33;Северный экспресс;WB;2245;89.8;5
2026-W33;Дом у маяка;Litres;1794;71.76;6
2026-W33;Игры разума;Ozon;3780;151.2;7
2026-W33;Шёпот времени;WB;3120;124.8;8
2026-W33;Тихий сад;Litres;3141;125.64;9
2026-W33;Северный экспресс;Ozon;4490;179.6;10
2026-W33;Дом у маяка;WB;1196;47.84;4
2026-W33;Игры разума;Litres;2700;108;5
2026-W33;Шёпот времени;Ozon;2340;93.6;6
2026-W33;Тихий сад;WB;2443;97.72;7
2026-W33;Северный экспресс;Litres;3592;143.68;8
2026-W33;Дом у маяка;Ozon;2691;107.64;9
2026-W33;Игры разума;WB;5400;216;10
2026-W33;Шёпот времени;Litres;1560;62.4;4
2026-W33;Тихий сад;Ozon;1745;69.8;5
2026-W33;Северный экспресс;WB;2694;107.76;6
2026-W33;Дом у маяка;Litres;2093;83.72;7
2026-W33;Игры разума;Ozon;4320;172.8;8
2026-W33;Шёпот времени;WB;3510;140.4;9
2026-W33;Тихий сад;Litres;3490;139.6;10
2026-W33;Северный экспресс;Ozon;1796;71.84;4
2026-W33;Дом у маяка;WB;1495;59.8;5
2026-W33;Игры разума;Litres;3240;129.6;6
2026-W33;Шёпот времени;Ozon;2730;109.2;7
2026-W33;Тихий сад;WB;2792;111.68;8
2026-W33;Северный экспресс;Litres;4041;161.64;9
2026-W33;Дом у маяка;Ozon;2990;119.6;10
2026-W33;Игры разума;WB;2160;86.4;4
2026-W33;Шёпот времени;Litres;1950;78;5
2026-W33;Тихий сад;Ozon;2094;83.76;6
2026-W33;Северный экспресс;WB;3143;125.72;7
2026-W33;Дом у маяка;Litres;2392;95.68;8
2026-W33;Игры разума;Ozon;4860;194.4;9
2026-W33;Шёпот времени;WB;3900;156;10
2026-W33;Тихий сад;Litres;1396;55.84;4
2026-W33;Северный экспресс;Ozon;2245;89.8;5
2026-W33;Дом у маяка;WB;1794;71.76;6
2026-W33;Игры разума;Litres;3780;151.2;7
2026-W33;Шёпот времени;Ozon;3120;124.8;8
2026-W33;Тихий сад;WB;3141;125.64;9
2026-W33;Северный экспресс;Litres;4490;179.6;10
2026-W33;Дом у маяка;Ozon;1196;47.84;4
2026-W33;Игры разума;WB;2700;108;5
2026-W33;Шёпот времени;Litres;2340;93.6;6
2026-W33;Тихий сад;Ozon;2443;97.72;7
2026-W33;Северный экспресс;WB;3592;143.68;8
2026-W33;Дом у маяка;Litres;2691;107.64;9
2026-W33;Игры разума;Ozon;5400;216;10
2026-W33;Шёпот времени;WB;1560;62.4;4
2026-W33;Тихий сад;Litres;1745;69.8;5
2026-W33;Северный экспресс;Ozon;2694;107.76;6
2026-W33;Дом у маяка;WB;2093;83.72;7
2026-W33;Игры разума;Litres;4320;172.8;8
2026-W33;Шёпот времени;Ozon;3510;140.4;9
2026-W33;Тихий сад;WB;3490;139.6;10
2026-W33;Северный экспресс;Litres;1796;71.84;4
2026-W33;Дом у маяка;Ozon;1495;59.8;5
2026-W33;Игры разума;WB;3240;129.6;6
2026-W33;Шёпот времени;Litres;2730;109.2;7
2026-W33;Тихий сад;Ozon;2792;111.68;8
2026-W33;Северный экспресс;WB;4041;161.64;9
2026-W33;Дом у маяка;Litres;2990;119.6;10
2026-W33;Игры разума;Ozon;2160;86.4;4
2026-W33;Шёпот времени;WB;1950;78;5
2026-W33;Тихий сад;Litres;2094;83.76;6
2026-W33;Северный экспресс;Ozon;3143;125.72;7
2026-W33;Дом у маяка;WB;2392;95.68;8
2026-W33;Игры разума;Litres;4860;194.4;9
2026-W33;Шёпот времени;Ozon;3900;156;10
2026-W33;Тихий сад;WB;1396;55.84;4
2026-W33;Северный экспресс;Litres;2245;89.8;5
2026-W33;Дом у маяка;Ozon;1794;71.76;6
2026-W33;Игры разума;WB;3780;151.2;7
2026-W33;Шёпот времени;Litres;3120;124.8;8
2026-W33;Тихий сад;Ozon;3141;125.64;9
2026-W33;Северный экспресс;WB;4490;179.6;10
2026-W33;Дом у маяка;Litres;1196;47.84;4
2026-W33;Игры разума;Ozon;2700;108;5
2026-W33;Шёпот времени;WB;2340;93.6;6
2026-W33;Тихий сад;Litres;2443;97.72;7
2026-W33;Северный экспресс;Ozon;3592;143.68;8
2026-W33;Дом у маяка;WB;2691;107.64;9
2026-W33;Игры разума;Litres;5400;216;10
2026-W33;Шёпот времени;Ozon;1560;62.4;4
2026-W33;Тихий сад;WB;1745;69.8;5
2026-W33;Северный экспресс;Litres;2694;107.76;6
2026-W33;Дом у маяка;Ozon;2093;83.72;7
2026-W33;Игры разума;WB;4320;172.8;8
2026-W33;Шёпот времени;Litres;3510;140.4;9
2026-W33;Тихий сад;Ozon;3490;139.6;10
2026-W33;Северный экспресс;WB;1796;71.84;4
2026-W33;Дом у маяка;Litres;1495;59.8;5
2026-W33;Игры разума;Ozon;3240;129.6;6
2026-W33;Шёпот времени;WB;2730;109.2;7
2026-W33;Тихий сад;Litres;2792;111.68;8
2026-W33;Северный экспресс;Ozon;4041;161.64;9
2026-W33;Дом у маяка;WB;2990;119.6;10
2026-W33;Игры разума;Litres;2160;86.4;4
2026-W33;Шёпот времени;Ozon;1950;78;5
2026-W33;Тихий сад;WB;2094;83.76;6
2026-W33;Северный экспресс;Litres;3143;125.72;7
2026-W33;Дом у маяка;Ozon;2392;95.68;8
2026-W33;Игры разума;WB;4860;194.4;9
2026-W33;Шёпот времени;Litres;3900;156;10
2026-W33;Тихий сад;Ozon;1396;55.84;4
2026-W33;Северный экспресс;WB;2245;89.8;5
2026-W33;Дом у маяка;Litres;1794;71.76;6
2026-W33;Игры разума;Ozon;3780;151.2;7
2026-W33;Шёпот времени;WB;3120;124.8;8
2026-W33;Тихий сад;Litres;3141;125.64;9
2026-W33;Северный экспресс;Ozon;4490;179.6;10
2026-W33;Дом у маяка;WB;1196;47.84;4
2026-W33;Игры разума;Litres;2700;108;5
2026-W33;Шёпот времени;Ozon;2340;93.6;6
2026-W33;Тихий сад;WB;2443;97.72;7
2026-W33;Северный экспресс;Litres;3592;143.68;8
2026-W33;Дом у маяка;Ozon;2691;107.64;9
2026-W33;Игры разума;WB;5400;216;10
2026-W33;Шёпот времени;Litres;1560;62.4;4
2026-W33;Тихий сад;Ozon;1745;69.8;5
2026-W33;Северный экспресс;WB;2694;107.76;6
2026-W33;Дом у маяка;Litres;2093;83.72;7
2026-W33;Игры разума;Ozon;4320;172.8;8
2026-W33;Шёпот времени;WB;3510;140.4;9
2026-W33;Тихий сад;Litres;3490;139.6;10
2026-W33;Северный экспресс;Ozon;1796;71.84;4
2026-W33;Дом у маяка;WB;1495;59.8;5
2026-W33;Игры разума;Litres;3240;129.6;6
2026-W33;Шёпот времени;Ozon;2730;109.2;7
2026-W33;Тихий сад;WB;2792;111.68;8
2026-W33;Северный экспресс;Litres;4041;161.64;9
2026-W33;Дом у маяка;Ozon;2990;119.6;10
2026-W33;Игры разума;WB;2160;86.4;4
2026-W33;Шёпот времени;Litres;1950;78;5
2026-W33;Тихий сад;Ozon;2094;83.76;6
2026-W33;Северный экспресс;WB;3143;125.72;7
2026-W33;Дом у маяка;Litres;2392;95.68;8
2026-W33;Игры разума;Ozon;4860;194.4;9
2026-W33;Шёпот времени;WB;3900;156;10
2026-W33;Тихий сад;Litres;1396;55.84;4
2026-W33;Северный экспресс;Ozon;2245;89.8;5
2026-W33;Дом у маяка;WB;1794;71.76;6
2026-W33;Игры разума;Litres;3780;151.2;7
2026-W33;Шёпот времени;Ozon;3120;124.8;8
2026-W33;Тихий сад;WB;3141;125.64;9
2026-W33;Северный экспресс;Litres;4490;179.6;10
2026-W33;Дом у маяка;Ozon;1196;47.84;4
2026-W33;Игры разума;WB;2700;108;5
2026-W33;Шёпот времени;Litres;2340;93.6;6
2026-W33;Тихий сад;Ozon;2443;97.72;7
2026-W33;Северный экспресс;WB;3592;143.68;8
2026-W33;Дом у маяка;Litres;2691;107.64;9
2026-W33;Игры разума;Ozon;5400;216;10
2026-W33;Шёпот времени;WB;1560;62.4;4
2026-W33;Тихий сад;Litres;1745;69.8;5
2026-W33;Северный экспресс;Ozon;2694;107.76;6
2026-W33;Дом у маяка;WB;2093;83.72;7
2026-W33;Игры разума;Litres;4320;172.8;8
2026-W33;Шёпот времени;Ozon;3510;140.4;9
2026-W33;Тихий сад;WB;3490;139.6;10
2026-W33;Северный экспресс;Litres;1796;71.84;4
2026-W33;Дом у маяка;Ozon;1495;59.8;5
2026-W33;Игры разума;WB;3240;129.6;6
2026-W33;Шёпот времени;Litres;2730;109.2;7
2026-W33;Тихий сад;Ozon;2792;111.68;8
2026-W33;Северный экспресс;WB;4041;161.64;9
2026-W33;Дом у маяка;Litres;2990;119.6;10
2026-W33;Игры разума;Ozon;2160;86.4;4
2026-W33;Шёпот времени;WB;1950;78;5
2026-W33;Тихий сад;Litres;2094;83.76;6
2026-W33;Северный экспресс;Ozon;3143;125.72;7
2026-W33;Дом у маяка;WB;2392;95.68;8
2026-W33;Игры разума;Litres;4860;194.4;9
2026-W33;Шёпот времени;Ozon;3900;156;10
2026-W33;Тихий сад;WB;1396;55.84;4
2026-W33;Северный экспресс;Litres;2245;89.8;5
2026-W33;Дом у маяка;Ozon;1794;71.76;6
2026-W33;Игры разума;WB;3780;151.2;7
2026-W33;Шёпот времени;Litres;3120;124.8;8
2026-W33;Тихий сад;Ozon;3141;125.64;9
2026-W33;Северный экспресс;WB;4490;179.6;10
2026-W33;Дом у маяка;Litres;1196;47.84;4
2026-W33;Игры разума;Ozon;2700;108;5
2026-W33;Шёпот времени;WB;2340;93.6;6
2026-W33;Тихий сад;Litres;2443;97.72;7
2026-W33;Северный экспресс;Ozon;3592;143.68;8
2026-W33;Дом у маяка;WB;2691;107.64;9
2026-W33;Игры разума;Litres;5400;216;10
2026-W33;Шёпот времени;Ozon;1560;62.4;4
2026-W33;Тихий сад;WB;1745;69.8;5
2026-W33;Северный экспресс;Litres;2694;107.76;6
2026-W33;Дом у маяка;Ozon;2093;83.72;7
2026-W33;Игры разума;WB;4320;172.8;8
2026-W33;Шёпот времени;Litres;3510;140.4;9
2026-W33;Тихий сад;Ozon;3490;139.6;10
2026-W33;Северный экспресс;WB;1796;71.84;4
2026-W33;Дом у маяка;Litres;1495;59.8;5
2026-W33;Игры разума;Ozon;3240;129.6;6
2026-W33;Шёпот времени;WB;2730;109.2;7
2026-W33;Тихий сад;Litres;2792;111.68;8
2026-W33;Северный экспресс;Ozon;4041;161.64;9
2026-W33;Дом у маяка;WB;2990;119.6;10
2026-W33;Игры разума;Litres;2160;86.4;4
2026-W33;Шёпот времени;Ozon;1950;78;5
2026-W33;Тихий сад;WB;2094;83.76;6
2026-W33;Северный экспресс;Litres;3143;125.72;7
2026-W33;Дом у маяка;Ozon;2392;95.68;8
2026-W33;Игры разума;WB;4860;194.4;9
2026-W33;Шёпот времени;Litres;3900;156;10
2026-W33;Тихий сад;Ozon;1396;55.84;4
2026-W33;Северный экспресс;WB;2245;89.8;5
2026-W33;Дом у маяка;Litres;1794;71.76;6
2026-W33;Игры разума;Ozon;3780;151.2;7
2026-W33;Шёпот времени;WB;3120;124.8;8
2026-W33;Тихий сад;Litres;3141;125.64;9
2026-W33;Северный экспресс;Ozon;4490;179.6;10
2026-W33;Дом у маяка;WB;1196;47.84;4
2026-W33;Игры разума;Litres;2700;108;5
2026-W33;Шёпот времени;Ozon;2340;93.6;6
2026-W33;Тихий сад;WB;2443;97.72;7
2026-W33;Северный экспресс;Litres;3592;143.68;8
2026-W33;Дом у маяка;Ozon;2691;107.64;9
2026-W33;Игры разума;WB;5400;216;10
2026-W33;Шёпот времени;Litres;1560;62.4;4
2026-W33;Тихий сад;Ozon;1745;69.8;5
2026-W33;Северный экспресс;WB;2694;107.76;6
2026-W33;Дом у маяка;Litres;2093;83.72;7
2026-W33;Игры разума;Ozon;4320;172.8;8
2026-W33;Шёпот времени;WB;3510;140.4;9
2026-W33;Тихий сад;Litres;3490;139.6;10
2026-W33;Северный экспресс;Ozon;1796;71.84;4
2026-W33;Дом у маяка;WB;1495;59.8;5
2026-W33;Игры разума;Litres;3240;129.6;6
2026-W33;Шёпот времени;Ozon;2730;109.2;7
2026-W33;Тихий сад;WB;2792;111.68;8
2026-W33;Северный экспресс;Litres;4041;161.64;9
2026-W33;Дом у маяка;Ozon;2990;119.6;10
2026-W33;Игры разума;WB;2160;86.4;4
2026-W33;Шёпот времени;Litres;1950;78;5
2026-W33;Тихий сад;Ozon;2094;83.76;6
2026-W33;Северный экспресс;WB;3143;125.72;7
2026-W33;Дом у маяка;Litres;2392;95.68;8
2026-W33;Игры разума;Ozon;4860;194.4;9
2026-W33;Шёпот времени;WB;3900;156;10
2026-W33;Тихий сад;Litres;1396;55.84;4
2026-W33;Северный экспресс;Ozon;2245;89.8;5
2026-W33;Дом у маяка;WB;1794;71.76;6
2026-W33;Игры разума;Litres;3780;151.2;7
2026-W33;Шёпот времени;Ozon;3120;124.8;8
2026-W33;Тихий сад;WB;3141;125.64;9
2026-W33;Северный экспресс;Litres;4490;179.6;10
2026-W33;Дом у маяка;Ozon;1196;47.84;4
2026-W33;Игры разума;WB;2700;108;5
2026-W33;Шёпот времени;Litres;2340;93.6;6
2026-W33;Тихий сад;Ozon;2443;97.72;7
2026-W33;Северный экспресс;WB;3592;143.68;8
2026-W33;Дом у маяка;Litres;2691;107.64;9
2026-W33;Игры разума;Ozon;5400;216;10
2026-W33;Шёпот времени;WB;1560;62.4;4
2026-W33;Тихий сад;Litres;1745;69.8;5
2026-W33;Северный экспресс;Ozon;2694;107.76;6
2026-W33;Дом у маяка;WB;2093;83.72;7
2026-W33;Игры разума;Litres;4320;172.8;8
2026-W33;Шёпот времени;Ozon;3510;140.4;9
2026-W33;Тихий сад;WB;3490;139.6;10
2026-W33;Северный экспресс;Litres;1796;71.84;4
2026-W33;Дом у маяка;Ozon;1495;59.8;5
2026-W33;Игры разума;WB;3240;129.6;6
2026-W33;Шёпот времени;Litres;2730;109.2;7
2026-W33;Тихий сад;Ozon;2792;111.68;8
2026-W33;Северный экспресс;WB;4041;161.64;9
2026-W33;Дом у маяка;Litres;2990;119.6;10
2026-W33;Игры разума;Ozon;2160;86.4;4
2026-W33;Шёпот времени;WB;1950;78;5
2026-W33;Тихий сад;Litres;2094;83.76;6
2026-W33;Северный экспресс;Ozon;3143;125.72;7
2026-W33;Дом у маяка;WB;2392;95.68;8
2026-W33;Игры разума;Litres;4860;194.4;9
2026-W33;Шёпот времени;Ozon;3900;156;10
2026-W33;Тихий сад;WB;1396;55.84;4
2026-W33;Северный экспресс;Litres;2245;89.8;5
2026-W33;Дом у маяка;Ozon;1794;71.76;6
2026-W33;Игры разума;WB;3780;151.2;7
2026-W33;Шёпот времени;Litres;3120;124.8;8
2026-W33;Тихий сад;Ozon;3141;125.64;9
2026-W33;Северный экспресс;WB;4490;179.6;10
2026-W33;Дом у маяка;Litres;1196;47.84;4
2026-W33;Игры разума;Ozon;2700;108;5
2026-W33;Шёпот времени;WB;2340;93.6;6
2026-W33;Тихий сад;Litres;2443;97.72;7
2026-W33;Северный экспресс;Ozon;3592;143.68;8
2026-W33;Дом у маяка;WB;2691;107.64;9
2026-W33;Игры разума;Litres;5400;216;10
2026-W33;Шёпот времени;Ozon;1560;62.4;4
2026-W33;Тихий сад;WB;1745;69.8;5
2026-W33;Северный экспресс;Litres;2694;107.76;6
2026-W33;Дом у маяка;Ozon;2093;83.72;7
2026-W33;Игры разума;WB;4320;172.8;8
2026-W33;Шёпот времени;Litres;3510;140.4;9
2026-W33;Тихий сад;Ozon;3490;139.6;10
2026-W33;Северный экспресс;WB;1796;71.84;4
2026-W33;Дом у маяка;Litres;1495;59.8;5
2026-W33;Игры разума;Ozon;3240;129.6;6
2026-W33;Шёпот времени;WB;2730;109.2;7
2026-W33;Тихий сад;Litres;2792;111.68;8
2026-W33;Северный экспресс;Ozon;4041;161.64;9
2026-W33;Дом у маяка;WB;2990;119.6;10
2026-W33;Игры разума;Litres;2160;86.4;4
2026-W33;Шёпот времени;Ozon;1950;78;5
2026-W33;Тихий сад;WB;2094;83.76;6
2026-W33;Северный экспресс;Litres;3143;125.72;7
2026-W33;Дом у маяка;Ozon;2392;95.68;8
2026-W33;Игры разума;WB;4860;194.4;9
2026-W33;Шёпот времени;Litres;3900;156;10
2026-W33;Тихий сад;Ozon;1396;55.84;4
2026-W33;Северный экспресс;WB;2245;89.8;5
2026-W33;Дом у маяка;Litres;1794;71.76;6
2026-W33;Игры разума;Ozon;3780;151.2;7
2026-W33;Шёпот времени;WB;3120;124.8;8
2026-W33;Тихий сад;Litres;3141;125.64;9
2026-W33;Северный экспресс;Ozon;4490;179.6;10
2026-W33;Дом у маяка;WB;1196;47.84;4
2026-W33;Игры разума;Litres;2700;108;5
2026-W33;Шёпот времени;Ozon;2340;93.6;6
2026-W33;Тихий сад;WB;2443;97.72;7
2026-W33;Северный экспресс;Litres;3592;143.68;8
2026-W33;Дом у маяка;Ozon;2691;107.64;9
2026-W33;Игры разума;WB;5400;216;10
2026-W33;Шёпот времени;Litres;1560;62.4;4
2026-W33;Тихий сад;Ozon;1745;69.8;5
2026-W33;Северный экспресс;WB;2694;107.76;6
2026-W33;Дом у маяка;Litres;2093;83.72;7
2026-W33;Игры разума;Ozon;4320;172.8;8
2026-W33;Шёпот времени;WB;3510;140.4;9
2026-W33;Тихий сад;Litres;3490;139.6;10
2026-W33;Северный экспресс;Ozon;1796;71.84;4
2026-W33;Дом у маяка;WB;1495;59.8;5
2026-W33;Игры разума;Litres;3240;129.6;6
2026-W33;Шёпот времени;Ozon;2730;109.2;7
2026-W33;Тихий сад;WB;2792;111.68;8
2026-W33;Северный экспресс;Litres;4041;161.64;9
2026-W33;Дом у маяка;Ozon;2990;119.6;10
2026-W33;Игры разума;WB;2160;86.4;4
2026-W33;Шёпот времени;Litres;1950;78;5
2026-W33;Тихий сад;Ozon;2094;83.76;6
2026-W33;Северный экспресс;WB;3143;125.72;7
2026-W33;Дом у маяка;Litres;2392;95.68;8
2026-W33;Игры разума;Ozon;4860;194.4;9
2026-W33;Шёпот времени;WB;3900;156;10
2026-W33;Тихий сад;Litres;1396;55.84;4
2026-W33;Северный экспресс;Ozon;2245;89.8;5
2026-W33;Дом у маяка;WB;1794;71.76;6
2026-W33;Игры разума;Litres;3780;151.2;7
2026-W33;Шёпот времени;Ozon;3120;124.8;8
2026-W33;Тихий сад;WB;3141;125.64;9
2026-W33;Северный экспресс;Litres;4490;179.6;10
2026-W33;Дом у маяка;Ozon;1196;47.84;4
2026-W33;Игры разума;WB;2700;108;5
2026-W33;Шёпот времени;Litres;2340;93.6;6
2026-W33;Тихий сад;Ozon;2443;97.72;7
2026-W33;Северный экспресс;WB;3592;143.68;8
2026-W33;Дом у маяка;Litres;2691;107.64;9
2026-W33;Игры разума;Ozon;5400;216;10
2026-W33;Шёпот времени;WB;1560;62.4;4
2026-W33;Тихий сад;Litres;1745;69.8;5
2026-W33;Северный экспресс;Ozon;2694;107.76;6
2026-W33;Дом у маяка;WB;2093;83.72;7
2026-W33;Игры разума;Litres;4320;172.8;8
2026-W33;Шёпот времени;Ozon;3510;140.4;9
2026-W33;Тихий сад;WB;3490;139.6;10
2026-W33;Северный экспресс;Litres;1796;71.84;4
2026-W33;Дом у маяка;Ozon;1495;59.8;5
2026-W33;Игры разума;WB;3240;129.6;6
2026-W33;Шёпот времени;Litres;2730;109.2;7
2026-W33;Тихий сад;Ozon;2792;111.68;8
2026-W33;Северный экспресс;WB;4041;161.64;9
2026-W33;Дом у маяка;Litres;2990;119.6;10
2026-W33;Игры разума;Ozon;2160;86.4;4
2026-W33;Шёпот времени;WB;1950;78;5
2026-W33;Тихий сад;Litres;2094;83.76;6
2026-W33;Северный экспресс;Ozon;3143;125.72;7
2026-W33;Дом у маяка;WB;2392;95.68;8
2026-W33;Игры разума;Litres;4860;194.4;9
2026-W33;Шёпот времени;Ozon;3900;156;10
2026-W33;Тихий сад;WB;1396;55.84;4
2026-W33;Северный экспресс;Litres;2245;89.8;5
2026-W33;Дом у маяка;Ozon;1794;71.76;6
2026-W33;Игры разума;WB;3780;151.2;7
2026-W33;Шёпот времени;Litres;3120;124.8;8
2026-W33;Тихий сад;Ozon;3141;125.64;9
2026-W33;Северный экспресс;WB;4490;179.6;10
2026-W33;Дом у маяка;Litres;1196;47.84;4
2026-W33;Игры разума;Ozon;2700;108;5
2026-W33;Шёпот времени;WB;2340;93.6;6
2026-W33;Тихий сад;Litres;2443;97.72;7
2026-W33;Северный экспресс;Ozon;3592;143.68;8
2026-W33;Дом у маяка;WB;2691;107.64;9
2026-W33;Игры разума;Litres;5400;216;10
2026-W33;Шёпот времени;Ozon;1560;62.4;4
2026-W33;Тихий сад;WB;1745;69.8;5
2026-W33;Северный экспресс;Litres;2694;107.76;6
2026-W33;Дом у маяка;Ozon;2093;83.72;7
2026-W33;Игры разума;WB;4320;172.8;8
2026-W33;Шёпот времени;Litres;3510;140.4;9
2026-W33;Тихий сад;Ozon;3490;139.6;10
2026-W33;Северный экспресс;WB;1796;71.84;4
2026-W33;Дом у маяка;Litres;1495;59.8;5
2026-W33;Игры разума;Ozon;3240;129.6;6
2026-W33;Шёпот времени;WB;2730;109.2;7
2026-W33;Тихий сад;Litres;2792;111.68;8
2026-W33;Северный экспресс;Ozon;4041;161.64;9
2026-W33;Дом у маяка;WB;2990;119.6;10
2026-W33;Игры разума;Litres;2160;86.4;4
2026-W33;Шёпот времени;Ozon;1950;78;5
2026-W33;Тихий сад;WB;2094;83.76;6
2026-W33;Северный экспресс;Litres;3143;125.72;7
2026-W33;Дом у маяка;Ozon;2392;95.68;8
2026-W33;Игры разума;WB;4860;194.4;9
2026-W33;Шёпот времени;Litres;3900;156;10
2026-W33;Тихий сад;Ozon;1396;55.84;4
2026-W33;Северный экспресс;WB;2245;89.8;5
2026-W33;Дом у маяка;Litres;1794;71.76;6
2026-W33;Игры разума;Ozon;3780;151.2;7
2026-W33;Шёпот времени;WB;3120;124.8;8
2026-W33;Тихий сад;Litres;3141;125.64;9
2026-W33;Северный экспресс;Ozon;4490;179.6;10
2026-W33;Дом у маяка;WB;1196;47.84;4
2026-W33;Игры разума;Litres;2700;108;5
2026-W33;Шёпот времени;Ozon;2340;93.6;6
2026-W33;Тихий сад;WB;2443;97.72;7
2026-W33;Северный экспресс;Litres;3592;143.68;8
2026-W33;Дом у маяка;Ozon;2691;107.64;9
2026-W33;Игры разума;WB;5400;216;10
2026-W33;Шёпот времени;Litres;1560;62.4;4
2026-W33;Тихий сад;Ozon;1745;69.8;5
2026-W33;Северный экспресс;WB;2694;107.76;6
2026-W33;Дом у маяка;Litres;2093;83.72;7
2026-W33;Игры разума;Ozon;4320;172.8;8
2026-W33;Шёпот времени;WB;3510;140.4;9
2026-W33;Тихий сад;Litres;3490;139.6;10
2026-W33;Северный экспресс;Ozon;1796;71.84;4
2026-W33;Дом у маяка;WB;1495;59.8;5
2026-W33;Игры разума;Litres;3240;129.6;6
2026-W33;Шёпот времени;Ozon;2730;109.2;7
2026-W33;Тихий сад;WB;2792;111.68;8
2026-W33;Северный экспресс;Litres;4041;161.64;9
2026-W33;Дом у маяка;Ozon;2990;119.6;10
2026-W33;Игры разума;WB;2160;86.4;4
2026-W33;Шёпот времени;Litres;1950;78;5
2026-W33;Тихий сад;Ozon;2094;83.76;6
2026-W33;Северный экспресс;WB;3143;125.72;7
2026-W33;Дом у маяка;Litres;2392;95.68;8
2026-W33;Игры разума;Ozon;4860;194.4;9
2026-W33;Шёпот времени;WB;3900;156;10
2026-W33;Тихий сад;Litres;1396;55.84;4
2026-W33;Северный экспресс;Ozon;2245;89.8;5
2026-W33;Дом у маяка;WB;1794;71.76;6
2026-W33;Игры разума;Litres;3780;151.2;7
2026-W33;Шёпот времени;Ozon;3120;124.8;8
2026-W33;Тихий сад;WB;3141;125.64;9
2026-W33;Северный экспресс;Litres;4490;179.6;10
2026-W33;Дом у маяка;Ozon;1196;47.84;4
2026-W33;Игры разума;WB;2700;108;5
2026-W33;Шёпот времени;Litres;2340;93.6;6
2026-W33;Тихий сад;Ozon;2443;97.72;7
2026-W33;Северный экспресс;WB;3592;143.68;8
2026-W33;Дом у маяка;Litres;2691;107.64;9
2026-W33;Игры разума;Ozon;5400;216;10
2026-W33;Шёпот времени;WB;1560;62.4;4
2026-W33;Тихий сад;Litres;1745;69.8;5
2026-W33;Северный экспресс;Ozon;2694;107.76;6
2026-W33;Дом у маяка;WB;2093;83.72;7
2026-W33;Игры разума;Litres;4320;172.8;8
2026-W33;Шёпот времени;Ozon;3510;140.4;9
2026-W33;Тихий сад;WB;3490;139.6;10
2026-W33;Северный экспресс;Litres;1796;71.84;4
2026-W33;Дом у маяка;Ozon;1495;59.8;5
2026-W33;Игры разума;WB;3240;129.6;6
2026-W33;Шёпот времени;Litres;2730;109.2;7
2026-W33;Тихий сад;Ozon;2792;111.68;8
2026-W33;Северный экспресс;WB;4041;161.64;9
2026-W33;Дом у маяка;Litres;2990;119.6;10
2026-W33;Игры разума;Ozon;2160;86.4;4
2026-W33;Шёпот времени;WB;1950;78;5
2026-W33;Тихий сад;Litres;2094;83.76;6
2026-W33;Северный экспресс;Ozon;3143;125.72;7
2026-W33;Дом у маяка;WB;2392;95.68;8
2026-W33;Игры разума;Litres;4860;194.4;9
2026-W33;Шёпот времени;Ozon;3900;156;10
2026-W33;Тихий сад;WB;1396;55.84;4
2026-W33;Северный экспресс;Litres;2245;89.8;5
2026-W33;Дом у маяка;Ozon;1794;71.76;6
2026-W33;Игры разума;WB;3780;151.2;7
2026-W33;Шёпот времени;Litres;3120;124.8;8
2026-W33;Тихий сад;Ozon;3141;125.64;9
2026-W33;Северный экспресс;WB;4490;179.6;10
2026-W33;Дом у маяка;Litres;1196;47.84;4
2026-W33;Игры разума;Ozon;2700;108;5
2026-W33;Шёпот времени;WB;2340;93.6;6
2026-W33;Тихий сад;Litres;2443;97.72;7
2026-W33;Северный экспресс;Ozon;3592;143.68;8
2026-W33;Дом у маяка;WB;2691;107.64;9
2026-W33;Игры разума;Litres;5400;216;10
2026-W33;Шёпот времени;Ozon;1560;62.4;4
2026-W33;Тихий сад;WB;1745;69.8;5
2026-W33;Северный экспресс;Litres;2694;107.76;6
2026-W33;Дом у маяка;Ozon;2093;83.72;7
2026-W33;Игры разума;WB;4320;172.8;8
2026-W33;Шёпот времени;Litres;3510;140.4;9
2026-W33;Тихий сад;Ozon;3490;139.6;10
2026-W33;Северный экспресс;WB;1796;71.84;4
2026-W33;Дом у маяка;Litres;1495;59.8;5
2026-W33;Игры разума;Ozon;3240;129.6;6
2026-W33;Шёпот времени;WB;2730;109.2;7
2026-W33;Тихий сад;Litres;2792;111.68;8
2026-W33;Северный экспресс;Ozon;4041;161.64;9
2026-W33;Дом у маяка;WB;2990;119.6;10
2026-W33;Игры разума;Litres;2160;86.4;4
2026-W33;Шёпот времени;Ozon;1950;78;5
2026-W33;Тихий сад;WB;2094;83.76;6
2026-W33;Северный экспресс;Litres;3143;125.72;7
2026-W33;Дом у маяка;Ozon;2392;95.68;8
2026-W33;Игры разума;WB;4860;194.4;9
2026-W33;Шёпот времени;Litres;3900;156;10
2026-W33;Тихий сад;Ozon;1396;55.84;4
2026-W33;Северный экспресс;WB;2245;89.8;5
2026-W33;Дом у маяка;Litres;1794;71.76;6
2026-W33;Игры разума;Ozon;3780;151.2;7
2026-W33;Шёпот времени;WB;3120;124.8;8
2026-W33;Тихий сад;Litres;3141;125.64;9
2026-W33;Северный экспресс;Ozon;4490;179.6;10
2026-W33;Дом у маяка;WB;1196;47.84;4
2026-W33;Игры разума;Litres;2700;108;5
2026-W33;Шёпот времени;Ozon;2340;93.6;6
2026-W33;Тихий сад;WB;2443;97.72;7
2026-W33;Северный экспресс;Litres;3592;143.68;8
2026-W33;Дом у маяка;Ozon;2691;107.64;9
2026-W33;Игры разума;WB;5400;216;10
2026-W33;Шёпот времени;Litres;1560;62.4;4
2026-W33;Тихий сад;Ozon;1745;69.8;5
2026-W33;Северный экспресс;WB;2694;107.76;6
2026-W33;Дом у маяка;Litres;2093;83.72;7
2026-W33;Игры разума;Ozon;4320;172.8;8
2026-W33;Шёпот времени;WB;3510;140.4;9
2026-W33;Тихий сад;Litres;3490;139.6;10
2026-W33;Северный экспресс;Ozon;1796;71.84;4
2026-W33;Дом у маяка;WB;1495;59.8;5
2026-W33;Игры разума;Litres;3240;129.6;6
2026-W33;Шёпот времени;Ozon;2730;109.2;7
2026-W33;Тихий сад;WB;2792;111.68;8
2026-W33;Северный экспресс;Litres;4041;161.64;9
2026-W33;Дом у маяка;Ozon;2990;119.6;10
2026-W33;Игры разума;WB;2160;86.4;4
2026-W33;Шёпот времени;Litres;1950;78;5
2026-W33;Тихий сад;Ozon;2094;83.76;6
2026-W33;Северный экспресс;WB;3143;125.72;7
2026-W33;Дом у маяка;Litres;2392;95.68;8
2026-W33;Игры разума;Ozon;4860;194.4;9
2026-W33;Шёпот времени;WB;3900;156;10
2026-W33;Тихий сад;Litres;1396;55.84;4
2026-W33;Северный экспресс;Ozon;2245;89.8;5
2026-W33;Дом у маяка;WB;1794;71.76;6
2026-W33;Игры разума;Litres;3780;151.2;7
2026-W33;Шёпот времени;Ozon;3120;124.8;8
2026-W33;Тихий сад;WB;3141;125.64;9
2026-W33;Северный экспресс;Litres;4490;179.6;10
2026-W33;Дом у маяка;Ozon;1196;47.84;4
2026-W33;Игры разума;WB;2700;108;5
2026-W33;Шёпот времени;Litres;2340;93.6;6
2026-W33;Тихий сад;Ozon;2443;97.72;7
2026-W33;Северный экспресс;WB;3592;143.68;8
2026-W33;Дом у маяка;Litres;2691;107.64;9
2026-W33;Игры разума;Ozon;5400;216;10
2026-W33;Шёпот времени;WB;1560;62.4;4
2026-W33;Тихий сад;Litres;1745;69.8;5
2026-W33;Северный экспресс;Ozon;2694;107.76;6
2026-W33;Дом у маяка;WB;2093;83.72;7
2026-W33;Игры разума;Litres;4320;172.8;8
2026-W33;Шёпот времени;Ozon;3510;140.4;9
2026-W33;Тихий сад;WB;3490;139.6;10
2026-W33;Северный экспресс;Litres;1796;71.84;4
2026-W33;Дом у маяка;Ozon;1495;59.8;5
2026-W33;Игры разума;WB;3240;129.6;6
2026-W33;Шёпот времени;Litres;2730;109.2;7
2026-W33;Тихий сад;Ozon;2792;111.68;8
2026-W33;Северный экспресс;WB;4041;161.64;9
2026-W33;Дом у маяка;Litres;2990;119.6;10
2026-W33;Игры разума;Ozon;2160;86.4;4
2026-W33;Шёпот времени;WB;1950;78;5
2026-W33;Тихий сад;Litres;2094;83.76;6
2026-W33;Северный экспресс;Ozon;3143;125.72;7
2026-W33;Дом у маяка;WB;2392;95.68;8
2026-W33;Игры разума;Litres;4860;194.4;9
2026-W33;Шёпот времени;Ozon;3900;156;10
2026-W33;Тихий сад;WB;1396;55.84;4
2026-W33;Северный экспресс;Litres;2245;89.8;5
2026-W33;Дом у маяка;Ozon;1794;71.76;6
2026-W33;Игры разума;WB;3780;151.2;7
2026-W33;Шёпот времени;Litres;3120;124.8;8
2026-W33;Тихий сад;Ozon;3141;125.64;9
2026-W33;Северный экспресс;WB;4490;179.6;10
2026-W33;Дом у маяка;Litres;1196;47.84;4
2026-W33;Игры разума;Ozon;2700;108;5
2026-W33;Шёпот времени;WB;2340;93.6;6
2026-W33;Тихий сад;Litres;2443;97.72;7
2026-W33;Северный экспресс;Ozon;3592;143.68;8
2026-W33;Дом у маяка;WB;2691;107.64;9
2026-W33;Игры разума;Litres;5400;216;10
2026-W33;Шёпот времени;Ozon;1560;62.4;4
2026-W33;Тихий сад;WB;1745;69.8;5
2026-W33;Северный экспресс;Litres;2694;107.76;6
2026-W33;Дом у маяка;Ozon;2093;83.72;7
2026-W33;Игры разума;WB;4320;172.8;8
2026-W33;Шёпот времени;Litres;3510;140.4;9
2026-W33;Тихий сад;Ozon;3490;139.6;10
2026-W33;Северный экспресс;WB;1796;71.84;4
2026-W33;Дом у маяка;Litres;1495;59.8;5
2026-W33;Игры разума;Ozon;3240;129.6;6
2026-W33;Шёпот времени;WB;2730;109.2;7
2026-W33;Тихий сад;Litres;2792;111.68;8
2026-W33;Северный экспресс;Ozon;4041;161.64;9
2026-W33;Дом у маяка;WB;2990;119.6;10
2026-W33;Игры разума;Litres;2160;86.4;4
2026-W33;Шёпот времени;Ozon;1950;78;5
2026-W33;Тихий сад;WB;2094;83.76;6
2026-W33;Северный экспресс;Litres;3143;125.72;7
2026-W33;Дом у маяка;Ozon;2392;95.68;8
2026-W33;Игры разума;WB;4860;194.4;9
2026-W33;Шёпот времени;Litres;3900;156;10
2026-W33;Тихий сад;Ozon;1396;55.84;4
2026-W33;Северный экспресс;WB;2245;89.8;5
2026-W33;Дом у маяка;Litres;1794;71.76;6
2026-W33;Игры разума;Ozon;3780;151.2;7
2026-W33;Шёпот времени;WB;3120;124.8;8
2026-W33;Тихий сад;Litres;3141;125.64;9
2026-W33;Северный экспресс;Ozon;4490;179.6;10
2026-W33;Дом у маяка;WB;1196;47.84;4
2026-W33;Игры разума;Litres;2700;108;5
2026-W33;Шёпот времени;Ozon;2340;93.6;6
2026-W33;Тихий сад;WB;2443;97.72;7
2026-W33;Северный экспресс;Litres;3592;143.68;8
2026-W33;Дом у маяка;Ozon;2691;107.64;9
2026-W33;Игры разума;WB;5400;216;10
2026-W33;Шёпот времени;Litres;1560;62.4;4
2026-W33;Тихий сад;Ozon;1745;69.8;5
2026-W33;Северный экспресс;WB;2694;107.76;6
2026-W33;Дом у маяка;Litres;2093;83.72;7
2026-W33;Игры разума;Ozon;4320;172.8;8
2026-W33;Шёпот времени;WB;3510;140.4;9
2026-W33;Тихий сад;Litres;3490;139.6;10
2026-W33;Северный экспресс;Ozon;1796;71.84;4
2026-W33;Дом у маяка;WB;1495;59.8;5
2026-W33;Игры разума;Litres;3240;129.6;6
2026-W33;Шёпот времени;Ozon;2730;109.2;7
2026-W33;Тихий сад;WB;2792;111.68;8
2026-W33;Северный экспресс;Litres;4041;161.64;9
2026-W33;Дом у маяка;Ozon;2990;119.6;10
2026-W33;Игры разума;WB;2160;86.4;4
2026-W33;Шёпот времени;Litres;1950;78;5
2026-W33;Тихий сад;Ozon;2094;83.76;6
2026-W33;Северный экспресс;WB;3143;125.72;7
2026-W33;Дом у маяка;Litres;2392;95.68;8
2026-W33;Игры разума;Ozon;4860;194.4;9
2026-W33;Шёпот времени;WB;3900;156;10
2026-W33;Тихий сад;Litres;1396;55.84;4
2026-W33;Северный экспресс;Ozon;2245;89.8;5
2026-W33;Дом у маяка;WB;1794;71.76;6
2026-W33;Игры разума;Litres;3780;151.2;7
2026-W33;Шёпот времени;Ozon;3120;124.8;8
2026-W33;Тихий сад;WB;3141;125.64;9
2026-W33;Северный экспресс;Litres;4490;179.6;10
2026-W33;Дом у маяка;Ozon;1196;47.84;4
2026-W33;Игры разума;WB;2700;108;5
2026-W33;Шёпот времени;Litres;2340;93.6;6
2026-W33;Тихий сад;Ozon;2443;97.72;7
2026-W33;Северный экспресс;WB;3592;143.68;8
2026-W33;Дом у маяка;Litres;2691;107.64;9
2026-W33;Игры разума;Ozon;5400;216;10
2026-W33;Шёпот времени;WB;1560;62.4;4
2026-W33;Тихий сад;Litres;1745;69.8;5
2026-W33;Северный экспресс;Ozon;2694;107.76;6
2026-W33;Дом у маяка;WB;2093;83.72;7
2026-W33;Игры разума;Litres;4320;172.8;8
2026-W33;Шёпот времени;Ozon;3510;140.4;9
2026-W33;Тихий сад;WB;3490;139.6;10
2026-W33;Северный экспресс;Litres;1796;71.84;4
2026-W33;Дом у маяка;Ozon;1495;59.8;5
2026-W33;Игры разума;WB;3240;129.6;6
2026-W33;Шёпот времени;Litres;2730;109.2;7
2026-W33;Тихий сад;Ozon;2792;111.68;8
2026-W33;Северный экспресс;WB;4041;161.64;9
2026-W33;Дом у маяка;Litres;2990;119.6;10
2026-W33;Игры разума;Ozon;2160;86.4;4
2026-W33;Шёпот времени;WB;1950;78;5
2026-W33;Тихий сад;Litres;2094;83.76;6
2026-W33;Северный экспресс;Ozon;3143;125.72;7
2026-W33;Дом у маяка;WB;2392;95.68;8
2026-W33;Игры разума;Litres;4860;194.4;9
2026-W33;Шёпот времени;Ozon;3900;156;10
2026-W33;Тихий сад;WB;1396;55.84;4
2026-W33;Северный экспресс;Litres;2245;89.8;5
2026-W33;Дом у маяка;Ozon;1794;71.76;6
2026-W33;Игры разума;WB;3780;151.2;7
2026-W33;Шёпот времени;Litres;3120;124.8;8
2026-W33;Тихий сад;Ozon;3141;125.64;9
2026-W33;Северный экспресс;WB;4490;179.6;10
2026-W33;Дом у маяка;Litres;1196;47.84;4
2026-W33;Игры разума;Ozon;2700;108;5
2026-W33;Шёпот времени;WB;2340;93.6;6
2026-W33;Тихий сад;Litres;2443;97.72;7
2026-W33;Северный экспресс;Ozon;3592;143.68;8
2026-W33;Дом у маяка;WB;2691;107.64;9
2026-W33;Игры разума;Litres;5400;216;10
2026-W33;Шёпот времени;Ozon;1560;62.4;4
2026-W33;Тихий сад;WB;1745;69.8;5
2026-W33;Северный экспресс;Litres;2694;107.76;6
2026-W33;Дом у маяка;Ozon;2093;83.72;7
2026-W33;Игры разума;WB;4320;172.8;8
2026-W33;Шёпот времени;Litres;3510;140.4;9
2026-W33;Тихий сад;Ozon;3490;139.6;10
2026-W33;Северный экспресс;WB;1796;71.84;4
2026-W33;Дом у маяка;Litres;1495;59.8;5
2026-W33;Игры разума;Ozon;3240;129.6;6
2026-W33;Шёпот времени;WB;2730;109.2;7
2026-W33;Тихий сад;Litres;2792;111.68;8
2026-W33;Северный экспресс;Ozon;4041;161.64;9
2026-W33;Дом у маяка;WB;2990;119.6;10
2026-W33;Игры разума;Litres;2160;86.4;4
2026-W33;Шёпот времени;Ozon;1950;78;5
2026-W33;Тихий сад;WB;2094;83.76;6
2026-W33;Северный экспресс;Litres;3143;125.72;7
2026-W33;Дом у маяка;Ozon;2392;95.68;8
2026-W33;Игры разума;WB;4860;194.4;9
2026-W33;Шёпот времени;Litres;3900;156;10
2026-W33;Тихий сад;Ozon;1396;55.84;4
2026-W33;Северный экспресс;WB;2245;89.8;5
2026-W33;Дом у маяка;Litres;1794;71.76;6
2026-W33;Игры разума;Ozon;3780;151.2;7
2026-W33;Шёпот времени;WB;3120;124.8;8
2026-W33;Тихий сад;Litres;3141;125.64;9
2026-W33;Северный экспресс;Ozon;4490;179.6;10
2026-W33;Дом у маяка;WB;1196;47.84;4
2026-W33;Игры разума;Litres;2700;108;5
2026-W33;Шёпот времени;Ozon;2340;93.6;6
2026-W33;Тихий сад;WB;2443;97.72;7
2026-W33;Северный экспресс;Litres;3592;143.68;8
2026-W33;Дом у маяка;Ozon;2691;107.64;9
2026-W33;Игры разума;WB;5400;216;10
2026-W33;Шёпот времени;Litres;1560;62.4;4
2026-W33;Тихий сад;Ozon;1745;69.8;5
2026-W33;Северный экспресс;WB;2694;107.76;6
2026-W33;Дом у маяка;Litres;2093;83.72;7
2026-W33;Игры разума;Ozon;4320;172.8;8
2026-W33;Шёпот времени;WB;3510;140.4;9
2026-W33;Тихий сад;Litres;3490;139.6;10
2026-W33;Северный экспресс;Ozon;1796;71.84;4
2026-W33;Дом у маяка;WB;1495;59.8;5
2026-W33;Игры разума;Litres;3240;129.6;6
2026-W33;Шёпот времени;Ozon;2730;109.2;7
2026-W33;Тихий сад;WB;2792;111.68;8
2026-W33;Северный экспресс;Litres;4041;161.64;9
2026-W33;Дом у маяка;Ozon;2990;119.6;10
2026-W33;Игры разума;WB;2160;86.4;4
2026-W33;Шёпот времени;Litres;1950;78;5
2026-W33;Тихий сад;Ozon;2094;83.76;6
2026-W33;Северный экспресс;WB;3143;125.72;7
2026-W33;Дом у маяка;Litres;2392;95.68;8
2026-W33;Игры разума;Ozon;4860;194.4;9
2026-W33;Шёпот времени;WB;3900;156;10
2026-W33;Тихий сад;Litres;1396;55.84;4
2026-W33;Северный экспресс;Ozon;2245;89.8;5
2026-W33;Дом у маяка;WB;1794;71.76;6
2026-W33;Игры разума;Litres;3780;151.2;7
2026-W33;Шёпот времени;Ozon;3120;124.8;8
2026-W33;Тихий сад;WB;3141;125.64;9
2026-W33;Северный экспресс;Litres;4490;179.6;10
2026-W33;Дом у маяка;Ozon;1196;47.84;4
2026-W33;Игры разума;WB;2700;108;5
2026-W33;Шёпот времени;Litres;2340;93.6;6
2026-W33;Тихий сад;Ozon;2443;97.72;7
2026-W33;Северный экспресс;WB;3592;143.68;8
2026-W33;Дом у маяка;Litres;2691;107.64;9
2026-W33;Игры разума;Ozon;5400;216;10
2026-W33;Шёпот времени;WB;1560;62.4;4
2026-W33;Тихий сад;Litres;1745;69.8;5
2026-W33;Северный экспресс;Ozon;2694;107.76;6
2026-W33;Дом у маяка;WB;2093;83.72;7
2026-W33;Игры разума;Litres;4320;172.8;8
2026-W33;Шёпот времени;Ozon;3510;140.4;9
2026-W33;Тихий сад;WB;3490;139.6;10
2026-W33;Северный экспресс;Litres;1796;71.84;4
2026-W33;Дом у маяка;Ozon;1495;59.8;5
2026-W33;Игры разума;WB;3240;129.6;6
2026-W33;Шёпот времени;Litres;2730;109.2;7
2026-W33;Тихий сад;Ozon;2792;111.68;8
2026-W33;Северный экспресс;WB;4041;161.64;9
2026-W33;Дом у маяка;Litres;2990;119.6;10
2026-W33;Игры разума;Ozon;2160;86.4;4
2026-W33;Шёпот времени;WB;1950;78;5
2026-W33;Тихий сад;Litres;2094;83.76;6
2026-W33;Северный экспресс;Ozon;3143;125.72;7
2026-W33;Дом у маяка;WB;2392;95.68;8
2026-W33;Игры разума;Litres;4860;194.4;9
2026-W33;Шёпот времени;Ozon;3900;156;10
2026-W33;Тихий сад;WB;1396;55.84;4
2026-W33;Северный экспресс;Litres;2245;89.8;5
2026-W33;Дом у маяка;Ozon;1794;71.76;6
2026-W33;Игры разума;WB;3780;151.2;7
2026-W33;Шёпот времени;Litres;3120;124.8;8
2026-W33;Тихий сад;Ozon;3141;125.64;9
2026-W33;Северный экспресс;WB;4490;179.6;10
2026-W33;Дом у маяка;Litres;1196;47.84;4
2026-W33;Игры разума;Ozon;2700;108;5
2026-W33;Шёпот времени;WB;2340;93.6;6
2026-W33;Тихий сад;Litres;2443;97.72;7
2026-W33;Северный экспресс;Ozon;3592;143.68;8
2026-W33;Дом у маяка;WB;2691;107.64;9
2026-W33;Игры разума;Litres;5400;216;10
2026-W33;Шёпот времени;Ozon;1560;62.4;4
2026-W33;Тихий сад;WB;1745;69.8;5
2026-W33;Северный экспресс;Litres;2694;107.76;6
2026-W33;Дом у маяка;Ozon;2093;83.72;7
2026-W33;Игры разума;WB;4320;172.8;8
2026-W33;Шёпот времени;Litres;3510;140.4;9
2026-W33;Тихий сад;Ozon;3490;139.6;10
2026-W33;Северный экспресс;WB;1796;71.84;4
2026-W33;Дом у маяка;Litres;1495;59.8;5
2026-W33;Игры разума;Ozon;3240;129.6;6
2026-W33;Шёпот времени;WB;2730;109.2;7
2026-W33;Тихий сад;Litres;2792;111.68;8
2026-W33;Северный экспресс;Ozon;4041;161.64;9
2026-W33;Дом у маяка;WB;2990;119.6;10
2026-W33;Игры разума;Litres;2160;86.4;4
2026-W33;Шёпот времени;Ozon;1950;78;5
2026-W33;Тихий сад;WB;2094;83.76;6
2026-W33;Северный экспресс;Litres;3143;125.72;7
2026-W33;Дом у маяка;Ozon;2392;95.68;8
2026-W33;Игры разума;WB;4860;194.4;9
2026-W33;Шёпот времени;Litres;3900;156;10
2026-W33;Тихий сад;Ozon;1396;55.84;4
2026-W33;Северный экспресс;WB;2245;89.8;5
2026-W33;Дом у маяка;Litres;1794;71.76;6
2026-W33;Игры разума;Ozon;3780;151.2;7
2026-W33;Шёпот времени;WB;3120;124.8;8
2026-W33;Тихий сад;Litres;3141;125.64;9
2026-W33;Северный экспресс;Ozon;4490;179.6;10
2026-W33;Дом у маяка;WB;1196;47.84;4
2026-W33;Игры разума;Litres;2700;108;5
2026-W33;Шёпот времени;Ozon;2340;93.6;6
2026-W33;Тихий сад;WB;2443;97.72;7
2026-W33;Северный экспресс;Litres;3592;143.68;8
2026-W33;Дом у маяка;Ozon;2691;107.64;9
2026-W33;Игры разума;WB;5400;216;10
2026-W33;Шёпот времени;Litres;1560;62.4;4
2026-W33;Тихий сад;Ozon;1745;69.8;5
2026-W33;Северный экспресс;WB;2694;107.76;6
2026-W33;Дом у маяка;Litres;2093;83.72;7
2026-W33;Игры разума;Ozon;4320;172.8;8
2026-W33;Шёпот времени;WB;3510;140.4;9
2026-W33;Тихий сад;Litres;3490;139.6;10
2026-W33;Северный экспресс;Ozon;1796;71.84;4
2026-W33;Дом у маяка;WB;1495;59.8;5
2026-W33;Игры разума;Litres;3240;129.6;6
2026-W33;Шёпот времени;Ozon;2730;109.2;7
2026-W33;Тихий сад;WB;2792;111.68;8
2026-W33;Северный экспресс;Litres;4041;161.64;9
2026-W33;Дом у маяка;Ozon;2990;119.6;10
2026-W33;Игры разума;WB;2160;86.4;4
2026-W33;Шёпот времени;Litres;1950;78;5
2026-W33;Тихий сад;Ozon;2094;83.76;6
2026-W33;Северный экспресс;WB;3143;125.72;7
2026-W33;Дом у маяка;Litres;2392;95.68;8
2026-W33;Игры разума;Ozon;4860;194.4;9
2026-W33;Шёпот времени;WB;3900;156;10
2026-W33;Тихий сад;Litres;1396;55.84;4
2026-W33;Северный экспресс;Ozon;2245;89.8;5
2026-W33;Дом у маяка;WB;1794;71.76;6
2026-W33;Игры разума;Litres;3780;151.2;7
2026-W33;Шёпот времени;Ozon;3120;124.8;8
2026-W33;Тихий сад;WB;3141;125.64;9
2026-W33;Северный экспресс;Litres;4490;179.6;10
2026-W33;Дом у маяка;Ozon;1196;47.84;4
2026-W33;Игры разума;WB;2700;108;5
2026-W33;Шёпот времени;Litres;2340;93.6;6
2026-W33;Тихий сад;Ozon;2443;97.72;7
2026-W33;Северный экспресс;WB;3592;143.68;8
2026-W33;Дом у маяка;Litres;2691;107.64;9
2026-W33;Игры разума;Ozon;5400;216;10
2026-W33;Шёпот времени;WB;1560;62.4;4
2026-W33;Тихий сад;Litres;1745;69.8;5
2026-W33;Северный экспресс;Ozon;2694;107.76;6
2026-W33;Дом у маяка;WB;2093;83.72;7
2026-W33;Игры разума;Litres;4320;172.8;8
2026-W33;Шёпот времени;Ozon;3510;140.4;9
2026-W33;Тихий сад;WB;3490;139.6;10
2026-W33;Северный экспресс;Litres;1796;71.84;4
2026-W33;Дом у маяка;Ozon;1495;59.8;5
2026-W33;Игры разума;WB;3240;129.6;6
2026-W33;Шёпот времени;Litres;2730;109.2;7
2026-W33;Тихий сад;Ozon;2792;111.68;8
2026-W33;Северный экспресс;WB;4041;161.64;9
2026-W33;Дом у маяка;Litres;2990;119.6;10
2026-W33;Игры разума;Ozon;2160;86.4;4
2026-W33;Шёпот времени;WB;1950;78;5
2026-W33;Тихий сад;Litres;2094;83.76;6
2026-W33;Северный экспресс;Ozon;3143;125.72;7
2026-W33;Дом у маяка;WB;2392;95.68;8
2026-W33;Игры разума;Litres;4860;194.4;9
2026-W33;Шёпот времени;Ozon;3900;156;10
2026-W33;Тихий сад;WB;1396;55.84;4
2026-W33;Северный экспресс;Litres;2245;89.8;5
2026-W33;Дом у маяка;Ozon;1794;71.76;6
2026-W33;Игры разума;WB;3780;151.2;7
2026-W33;Шёпот времени;Litres;3120;124.8;8
2026-W33;Тихий сад;Ozon;3141;125.64;9
2026-W33;Северный экспресс;WB;4490;179.6;10
2026-W33;Дом у маяка;Litres;1196;47.84;4
2026-W33;Игры разума;Ozon;2700;108;5
2026-W33;Шёпот времени;WB;2340;93.6;6
2026-W33;Тихий сад;Litres;2443;97.72;7
2026-W33;Северный экспресс;Ozon;3592;143.68;8
2026-W33;Дом у маяка;WB;2691;107.64;9
2026-W33;Игры разума;Litres;5400;216;10
2026-W33;Шёпот времени;Ozon;1560;62.4;4
2026-W33;Тихий сад;WB;1745;69.8;5
2026-W33;Северный экспресс;Litres;2694;107.76;6
2026-W33;Дом у маяка;Ozon;2093;83.72;7
2026-W33;Игры разума;WB;4320;172.8;8
2026-W33;Шёпот времени;Litres;3510;140.4;9
2026-W33;Тихий сад;Ozon;3490;139.6;10
2026-W33;Северный экспресс;WB;1796;71.84;4
2026-W33;Дом у маяка;Litres;1495;59.8;5
2026-W33;Игры разума;Ozon;3240;129.6;6
2026-W33;Шёпот времени;WB;2730;109.2;7
2026-W33;Тихий сад;Litres;2792;111.68;8
2026-W33;Северный экспресс;Ozon;4041;161.64;9
2026-W33;Дом у маяка;WB;2990;119.6;10
2026-W33;Игры разума;Litres;2160;86.4;4
2026-W33;Шёпот времени;Ozon;1950;78;5
2026-W33;Тихий сад;WB;2094;83.76;6
2026-W33;Северный экспресс;Litres;3143;125.72;7
2026-W33;Дом у маяка;Ozon;2392;95.68;8
2026-W33;Игры разума;WB;4860;194.4;9
2026-W33;Шёпот времени;Litres;3900;156;10
2026-W33;Тихий сад;Ozon;1396;55.84;4
2026-W33;Северный экспресс;WB;2245;89.8;5
2026-W33;Дом у маяка;Litres;1794;71.76;6
2026-W33;Игры разума;Ozon;3780;151.2;7
2026-W33;Шёпот времени;WB;3120;124.8;8
2026-W33;Тихий сад;Litres;3141;125.64;9
2026-W33;Северный экспресс;Ozon;4490;179.6;10
2026-W33;Дом у маяка;WB;1196;47.84;4
2026-W33;Игры разума;Litres;2700;108;5
2026-W33;Шёпот времени;Ozon;2340;93.6;6
2026-W33;Тихий сад;WB;2443;97.72;7
2026-W33;Северный экспресс;Litres;3592;143.68;8
2026-W33;Дом у маяка;Ozon;2691;107.64;9
2026-W33;Игры разума;WB;5400;216;10
2026-W33;Шёпот времени;Litres;1560;62.4;4
2026-W33;Тихий сад;Ozon;1745;69.8;5
2026-W33;Северный экспресс;WB;2694;107.76;6
2026-W33;Дом у маяка;Litres;2093;83.72;7
2026-W33;Игры разума;Ozon;4320;172.8;8
2026-W33;Шёпот времени;WB;3510;140.4;9
2026-W33;Тихий сад;Litres;3490;139.6;10
2026-W33;Северный экспресс;Ozon;1796;71.84;4
2026-W33;Дом у маяка;WB;1495;59.8;5
2026-W33;Игры разума;Litres;3240;129.6;6
2026-W33;Шёпот времени;Ozon;2730;109.2;7
2026-W33;Тихий сад;WB;2792;111.68;8
2026-W33;Северный экспресс;Litres;4041;161.64;9
2026-W33;Дом у маяка;Ozon;2990;119.6;10
2026-W33;Игры разума;WB;2160;86.4;4
2026-W33;Шёпот времени;Litres;1950;78;5
2026-W33;Тихий сад;Ozon;2094;83.76;6
2026-W33;Северный экспресс;WB;3143;125.72;7
2026-W33;Дом у маяка;Litres;2392;95.68;8
2026-W33;Игры разума;Ozon;4860;194.4;9
2026-W33;Шёпот времени;WB;3900;156;10
2026-W33;Тихий сад;Litres;1396;55.84;4
2026-W33;Северный экспресс;Ozon;2245;89.8;5
2026-W33;Дом у маяка;WB;1794;71.76;6
2026-W33;Игры разума;Litres;3780;151.2;7
2026-W33;Шёпот времени;Ozon;3120;124.8;8
2026-W33;Тихий сад;WB;3141;125.64;9
2026-W33;Северный экспресс;Litres;4490;179.6;10
2026-W33;Дом у маяка;Ozon;1196;47.84;4
2026-W33;Игры разума;WB;2700;108;5
2026-W33;Шёпот времени;Litres;2340;93.6;6
2026-W33;Тихий сад;Ozon;2443;97.72;7
2026-W33;Северный экспресс;WB;3592;143.68;8
2026-W33;Дом у маяка;Litres;2691;107.64;9
2026-W33;Игры разума;Ozon;5400;216;10
2026-W33;Шёпот времени;WB;1560;62.4;4
2026-W33;Тихий сад;Litres;1745;69.8;5
2026-W33;Северный экспресс;Ozon;2694;107.76;6
2026-W33;Дом у маяка;WB;2093;83.72;7
2026-W33;Игры разума;Litres;4320;172.8;8
2026-W33;Шёпот времени;Ozon;3510;140.4;9
2026-W33;Тихий сад;WB;3490;139.6;10
2026-W33;Северный экспресс;Litres;1796;71.84;4
2026-W33;Дом у маяка;Ozon;1495;59.8;5
2026-W33;Игры разума;WB;3240;129.6;6
2026-W33;Шёпот времени;Litres;2730;109.2;7
2026-W33;Тихий сад;Ozon;2792;111.68;8
2026-W33;Северный экспресс;WB;4041;161.64;9
2026-W33;Дом у маяка;Litres;2990;119.6;10
2026-W33;Игры разума;Ozon;2160;86.4;4
2026-W33;Шёпот времени;WB;1950;78;5
2026-W33;Тихий сад;Litres;2094;83.76;6
2026-W33;Северный экспресс;Ozon;3143;125.72;7
2026-W33;Дом у маяка;WB;2392;95.68;8
2026-W33;Игры разума;Litres;4860;194.4;9
2026-W33;Шёпот времени;Ozon;3900;156;10
2026-W33;Тихий сад;WB;1396;55.84;4
2026-W33;Северный экспресс;Litres;2245;89.8;5
2026-W33;Дом у маяка;Ozon;1794;71.76;6
2026-W33;Игры разума;WB;3780;151.2;7
2026-W33;Шёпот времени;Litres;3120;124.8;8
2026-W33;Тихий сад;Ozon;3141;125.64;9
2026-W33;Северный экспресс;WB;4490;179.6;10
2026-W33;Дом у маяка;Litres;1196;47.84;4
2026-W33;Игры разума;Ozon;2700;108;5
2026-W33;Шёпот времени;WB;2340;93.6;6
2026-W33;Тихий сад;Litres;2443;97.72;7
2026-W33;Северный экспресс;Ozon;3592;143.68;8
2026-W33;Дом у маяка;WB;2691;107.64;9
2026-W33;Игры разума;Litres;5400;216;10
2026-W33;Шёпот времени;Ozon;1560;62.4;4
2026-W33;Тихий сад;WB;1745;69.8;5
2026-W33;Северный экспресс;Litres;2694;107.76;6
2026-W33;Дом у маяка;Ozon;2093;83.72;7
2026-W33;Игры разума;WB;4320;172.8;8
2026-W33;Шёпот времени;Litres;3510;140.4;9
2026-W33;Тихий сад;Ozon;3490;139.6;10
2026-W33;Северный экспресс;WB;1796;71.84;4
2026-W33;Дом у маяка;Litres;1495;59.8;5
2026-W33;Игры разума;Ozon;3240;129.6;6
2026-W33;Шёпот времени;WB;2730;109.2;7
2026-W33;Тихий сад;Litres;2792;111.68;8
2026-W33;Северный экспресс;Ozon;4041;161.64;9
2026-W33;Дом у маяка;WB;2990;119.6;10
2026-W33;Игры разума;Litres;2160;86.4;4
2026-W33;Шёпот времени;Ozon;1950;78;5
2026-W33;Тихий сад;WB;2094;83.76;6
2026-W33;Северный экспресс;Litres;3143;125.72;7
2026-W33;Дом у маяка;Ozon;2392;95.68;8
2026-W33;Игры разума;WB;4860;194.4;9
2026-W33;Шёпот времени;Litres;3900;156;10
2026-W33;Тихий сад;Ozon;1396;55.84;4
2026-W33;Северный экспресс;WB;2245;89.8;5
2026-W33;Дом у маяка;Litres;1794;71.76;6
2026-W33;Игры разума;Ozon;3780;151.2;7
2026-W33;Шёпот времени;WB;3120;124.8;8
2026-W33;Тихий сад;Litres;3141;125.64;9
2026-W33;Северный экспресс;Ozon;4490;179.6;10
2026-W33;Дом у маяка;WB;1196;47.84;4
2026-W33;Игры разума;Litres;2700;108;5
2026-W33;Шёпот времени;Ozon;2340;93.6;6
2026-W33;Тихий сад;WB;2443;97.72;7
2026-W33;Северный экспресс;Litres;3592;143.68;8
2026-W33;Дом у маяка;Ozon;2691;107.64;9
2026-W33;Игры разума;WB;5400;216;10
2026-W33;Шёпот времени;Litres;1560;62.4;4
2026-W33;Тихий сад;Ozon;1745;69.8;5
2026-W33;Северный экспресс;WB;2694;107.76;6
2026-W33;Дом у маяка;Litres;2093;83.72;7
2026-W33;Игры разума;Ozon;4320;172.8;8
2026-W33;Шёпот времени;WB;3510;140.4;9
2026-W33;Тихий сад;Litres;3490;139.6;10
2026-W33;Северный экспресс;Ozon;1796;71.84;4
2026-W33;Дом у маяка;WB;1495;59.8;5
2026-W33;Игры разума;Litres;3240;129.6;6
2026-W33;Шёпот времени;Ozon;2730;109.2;7
2026-W33;Тихий сад;WB;2792;111.68;8
2026-W33;Северный экспресс;Litres;4041;161.64;9
2026-W33;Дом у маяка;Ozon;2990;119.6;10
2026-W33;Игры разума;WB;2160;86.4;4
2026-W33;Шёпот времени;Litres;1950;78;5
2026-W33;Тихий сад;Ozon;2094;83.76;6
2026-W33;Северный экспресс;WB;3143;125.72;7
2026-W33;Дом у маяка;Litres;2392;95.68;8
2026-W33;Игры разума;Ozon;4860;194.4;9
2026-W33;Шёпот времени;WB;3900;156;10
2026-W33;Тихий сад;Litres;1396;55.84;4
2026-W33;Северный экспресс;Ozon;2245;89.8;5
2026-W33;Дом у маяка;WB;1794;71.76;6
2026-W33;Игры разума;Litres;3780;151.2;7
2026-W33;Шёпот времени;Ozon;3120;124.8;8
2026-W33;Тихий сад;WB;3141;125.64;9
2026-W33;Северный экспресс;Litres;4490;179.6;10
2026-W33;Дом у маяка;Ozon;1196;47.84;4
2026-W33;Игры разума;WB;2700;108;5
2026-W33;Шёпот времени;Litres;2340;93.6;6
2026-W33;Тихий сад;Ozon;2443;97.72;7
2026-W33;Северный экспресс;WB;3592;143.68;8
2026-W33;Дом у маяка;Litres;2691;107.64;9
2026-W33;Игры разума;Ozon;5400;216;10
2026-W33;Шёпот времени;WB;1560;62.4;4
2026-W33;Тихий сад;Litres;1745;69.8;5
2026-W33;Северный экспресс;Ozon;2694;107.76;6
2026-W33;Дом у маяка;WB;2093;83.72;7
2026-W33;Игры разума;Litres;4320;172.8;8
2026-W33;Шёпот времени;Ozon;3510;140.4;9
2026-W33;Тихий сад;WB;3490;139.6;10
2026-W33;Северный экспресс;Litres;1796;71.84;4
2026-W33;Дом у маяка;Ozon;1495;59.8;5
2026-W33;Игры разума;WB;3240;129.6;6
2026-W33;Шёпот времени;Litres;2730;109.2;7
2026-W33;Тихий сад;Ozon;2792;111.68;8
2026-W33;Северный экспресс;WB;4041;161.64;9
2026-W33;Дом у маяка;Litres;2990;119.6;10
2026-W33;Игры разума;Ozon;2160;86.4;4
2026-W33;Шёпот времени;WB;1950;78;5
2026-W33;Тихий сад;Litres;2094;83.76;6
2026-W33;Северный экспресс;Ozon;3143;125.72;7
2026-W33;Дом у маяка;WB;2392;95.68;8
2026-W33;Игры разума;Litres;4860;194.4;9
2026-W33;Шёпот времени;Ozon;3900;156;10
2026-W33;Тихий сад;WB;1396;55.84;4
2026-W33;Северный экспресс;Litres;2245;89.8;5
2026-W33;Дом у маяка;Ozon;1794;71.76;6
2026-W33;Игры разума;WB;3780;151.2;7
2026-W33;Шёпот времени;Litres;3120;124.8;8
2026-W33;Тихий сад;Ozon;3141;125.64;9
2026-W33;Северный экспресс;WB;4490;179.6;10
2026-W33;Дом у маяка;Litres;1196;47.84;4
2026-W33;Игры разума;Ozon;2700;108;5
2026-W33;Шёпот времени;WB;2340;93.6;6
2026-W33;Тихий сад;Litres;2443;97.72;7
2026-W33;Северный экспресс;Ozon;3592;143.68;8
2026-W33;Дом у маяка;WB;2691;107.64;9
2026-W33;Игры разума;Litres;5400;216;10
2026-W33;Шёпот времени;Ozon;1560;62.4;4
2026-W33;Тихий сад;WB;1745;69.8;5
2026-W33;Северный экспресс;Litres;2694;107.76;6
2026-W33;Дом у маяка;Ozon;2093;83.72;7
2026-W33;Игры разума;WB;4320;172.8;8
2026-W33;Шёпот времени;Litres;3510;140.4;9
2026-W33;Тихий сад;Ozon;3490;139.6;10
2026-W33;Северный экспресс;WB;1796;71.84;4
2026-W33;Дом у маяка;Litres;1495;59.8;5
2026-W33;Игры разума;Ozon;3240;129.6;6
2026-W33;Шёпот времени;WB;2730;109.2;7
2026-W33;Тихий сад;Litres;2792;111.68;8
2026-W33;Северный экспресс;Ozon;4041;161.64;9
2026-W33;Дом у маяка;WB;2990;119.6;10
2026-W33;Игры разума;Litres;2160;86.4;4
2026-W33;Шёпот времени;Ozon;1950;78;5
2026-W33;Тихий сад;WB;2094;83.76;6
2026-W33;Северный экспресс;Litres;3143;125.72;7
2026-W33;Дом у маяка;Ozon;2392;95.68;8
2026-W33;Игры разума;WB;4860;194.4;9
2026-W33;Шёпот времени;Litres;3900;156;10
2026-W33;Тихий сад;Ozon;1396;55.84;4
2026-W33;Северный экспресс;WB;2245;89.8;5
2026-W33;Дом у маяка;Litres;1794;71.76;6
2026-W33;Игры разума;Ozon;3780;151.2;7
2026-W33;Шёпот времени;WB;3120;124.8;8
2026-W33;Тихий сад;Litres;3141;125.64;9
2026-W33;Северный экспресс;Ozon;4490;179.6;10
2026-W33;Дом у маяка;WB;1196;47.84;4
2026-W33;Игры разума;Litres;2700;108;5
2026-W33;Шёпот времени;Ozon;2340;93.6;6
2026-W33;Тихий сад;WB;2443;97.72;7
2026-W33;Северный экспресс;Litres;3592;143.68;8
2026-W33;Дом у маяка;Ozon;2691;107.64;9
2026-W33;Игры разума;WB;5400;216;10
2026-W33;Шёпот времени;Litres;1560;62.4;4
2026-W33;Тихий сад;Ozon;1745;69.8;5
2026-W33;Северный экспресс;WB;2694;107.76;6
2026-W33;Дом у маяка;Litres;2093;83.72;7
2026-W33;Игры разума;Ozon;4320;172.8;8
2026-W33;Шёпот времени;WB;3510;140.4;9
2026-W34;Тихий сад;Litres;3490;139.6;10
2026-W34;Северный экспресс;Ozon;1796;71.84;4
2026-W34;Дом у маяка;WB;1495;59.8;5
2026-W34;Игры разума;Litres;3240;129.6;6
2026-W34;Шёпот времени;Ozon;2730;109.2;7
2026-W34;Тихий сад;WB;2792;111.68;8
2026-W34;Северный экспресс;Litres;4041;161.64;9
2026-W34;Дом у маяка;Ozon;2990;119.6;10
2026-W34;Игры разума;WB;2160;86.4;4
2026-W34;Шёпот времени;Litres;1950;78;5
2026-W34;Тихий сад;Ozon;2094;83.76;6
2026-W34;Северный экспресс;WB;3143;125.72;7
2026-W34;Дом у маяка;Litres;2392;95.68;8
2026-W34;Игры разума;Ozon;4860;194.4;9
2026-W34;Шёпот времени;WB;3900;156;10
2026-W34;Тихий сад;Litres;1396;55.84;4
2026-W34;Северный экспресс;Ozon;2245;89.8;5
2026-W34;Дом у маяка;WB;1794;71.76;6
2026-W34;Игры разума;Litres;3780;151.2;7
2026-W34;Шёпот времени;Ozon;3120;124.8;8
2026-W34;Тихий сад;WB;3141;125.64;9
2026-W34;Северный экспресс;Litres;4490;179.6;10
2026-W34;Дом у маяка;Ozon;1196;47.84;4
2026-W34;Игры разума;WB;2700;108;5
2026-W34;Шёпот времени;Litres;2340;93.6;6
2026-W34;Тихий сад;Ozon;2443;97.72;7
2026-W34;Северный экспресс;WB;3592;143.68;8
2026-W34;Дом у маяка;Litres;2691;107.64;9
2026-W34;Игры разума;Ozon;5400;216;10
2026-W34;Шёпот времени;WB;1560;62.4;4
2026-W34;Тихий сад;Litres;1745;69.8;5
2026-W34;Северный экспресс;Ozon;2694;107.76;6
2026-W34;Дом у маяка;WB;2093;83.72;7
2026-W34;Игры разума;Litres;4320;172.8;8
2026-W34;Шёпот времени;Ozon;3510;140.4;9
2026-W34;Тихий сад;WB;3490;139.6;10
2026-W34;Северный экспресс;Litres;1796;71.84;4
2026-W34;Дом у маяка;Ozon;1495;59.8;5
2026-W34;Игры разума;WB;3240;129.6;6
2026-W34;Шёпот времени;Litres;2730;109.2;7
2026-W34;Тихий сад;Ozon;2792;111.68;8
2026-W34;Северный экспресс;WB;4041;161.64;9
2026-W34;Дом у маяка;Litres;2990;119.6;10
2026-W34;Игры разума;Ozon;2160;86.4;4
2026-W34;Шёпот времени;WB;1950;78;5
2026-W34;Тихий сад;Litres;2094;83.76;6
2026-W34;Северный экспресс;Ozon;3143;125.72;7
2026-W34;Дом у маяка;WB;2392;95.68;8
2026-W34;Игры разума;Litres;4860;194.4;9
2026-W34;Шёпот времени;Ozon;3900;156;10
2026-W34;Тихий сад;WB;1396;55.84;4
2026-W34;Северный экспресс;Litres;2245;89.8;5
2026-W34;Дом у маяка;Ozon;1794;71.76;6
2026-W34;Игры разума;WB;3780;151.2;7
2026-W34;Шёпот времени;Litres;3120;124.8;8
2026-W34;Тихий сад;Ozon;3141;125.64;9
2026-W34;Северный экспресс;WB;4490;179.6;10
2026-W34;Дом у маяка;Litres;1196;47.84;4
2026-W34;Игры разума;Ozon;2700;108;5
2026-W34;Шёпот времени;WB;2340;93.6;6
2026-W34;Тихий сад;Litres;2443;97.72;7
2026-W34;Северный экспресс;Ozon;3592;143.68;8
2026-W34;Дом у маяка;WB;2691;107.64;9
2026-W34;Игры разума;Litres;5400;216;10
2026-W34;Шёпот времени;Ozon;1560;62.4;4
2026-W34;Тихий сад;WB;1745;69.8;5
2026-W34;Северный экспресс;Litres;2694;107.76;6
2026-W34;Дом у маяка;Ozon;2093;83.72;7
2026-W34;Игры разума;WB;4320;172.8;8
2026-W34;Шёпот времени;Litres;3510;140.4;9
2026-W34;Тихий сад;Ozon;3490;139.6;10
2026-W34;Северный экспресс;WB;1796;71.84;4
2026-W34;Дом у маяка;Litres;1495;59.8;5
2026-W34;Игры разума;Ozon;3240;129.6;6
2026-W34;Шёпот времени;WB;2730;109.2;7
2026-W34;Тихий сад;Litres;2792;111.68;8
2026-W34;Северный экспресс;Ozon;4041;161.64;9
2026-W34;Дом у маяка;WB;2990;119.6;10
2026-W34;Игры разума;Litres;2160;86.4;4
2026-W34;Шёпот времени;Ozon;1950;78;5
2026-W34;Тихий сад;WB;2094;83.76;6
2026-W34;Северный экспресс;Litres;3143;125.72;7
2026-W34;Дом у маяка;Ozon;2392;95.68;8
2026-W34;Игры разума;WB;4860;194.4;9
2026-W34;Шёпот времени;Litres;3900;156;10
2026-W34;Тихий сад;Ozon;1396;55.84;4
2026-W34;Северный экспресс;WB;2245;89.8;5
2026-W34;Дом у маяка;Litres;1794;71.76;6
2026-W34;Игры разума;Ozon;3780;151.2;7
2026-W34;Шёпот времени;WB;3120;124.8;8
2026-W34;Тихий сад;Litres;3141;125.64;9
2026-W34;Северный экспресс;Ozon;4490;179.6;10
2026-W34;Дом у маяка;WB;1196;47.84;4
2026-W34;Игры разума;Litres;2700;108;5
2026-W34;Шёпот времени;Ozon;2340;93.6;6
2026-W34;Тихий сад;WB;2443;97.72;7
2026-W34;Северный экспресс;Litres;3592;143.68;8
2026-W34;Дом у маяка;Ozon;2691;107.64;9
2026-W34;Игры разума;WB;5400;216;10
2026-W34;Шёпот времени;Litres;1560;62.4;4
2026-W34;Тихий сад;Ozon;1745;69.8;5
2026-W34;Северный экспресс;WB;2694;107.76;6
2026-W34;Дом у маяка;Litres;2093;83.72;7
2026-W34;Игры разума;Ozon;4320;172.8;8
2026-W34;Шёпот времени;WB;3510;140.4;9
2026-W34;Тихий сад;Litres;3490;139.6;10
2026-W34;Северный экспресс;Ozon;1796;71.84;4
2026-W34;Дом у маяка;WB;1495;59.8;5
2026-W34;Игры разума;Litres;3240;129.6;6
2026-W34;Шёпот времени;Ozon;2730;109.2;7
2026-W34;Тихий сад;WB;2792;111.68;8
2026-W34;Северный экспресс;Litres;4041;161.64;9
2026-W34;Дом у маяка;Ozon;2990;119.6;10
2026-W34;Игры разума;WB;2160;86.4;4
2026-W34;Шёпот времени;Litres;1950;78;5
2026-W34;Тихий сад;Ozon;2094;83.76;6
2026-W34;Северный экспресс;WB;3143;125.72;7
2026-W34;Дом у маяка;Litres;2392;95.68;8
2026-W34;Игры разума;Ozon;4860;194.4;9
2026-W34;Шёпот времени;WB;3900;156;10
2026-W34;Тихий сад;Litres;1396;55.84;4
2026-W34;Северный экспресс;Ozon;2245;89.8;5
2026-W34;Дом у маяка;WB;1794;71.76;6
2026-W34;Игры разума;Litres;3780;151.2;7
2026-W34;Шёпот времени;Ozon;3120;124.8;8
2026-W34;Тихий сад;WB;3141;125.64;9
2026-W34;Северный экспресс;Litres;4490;179.6;10
2026-W34;Дом у маяка;Ozon;1196;47.84;4
2026-W34;Игры разума;WB;2700;108;5
2026-W34;Шёпот времени;Litres;2340;93.6;6
2026-W34;Тихий сад;Ozon;2443;97.72;7
2026-W34;Северный экспресс;WB;3592;143.68;8
2026-W34;Дом у маяка;Litres;2691;107.64;9
2026-W34;Игры разума;Ozon;5400;216;10
2026-W34;Шёпот времени;WB;1560;62.4;4
2026-W34;Тихий сад;Litres;1745;69.8;5
2026-W34;Северный экспресс;Ozon;2694;107.76;6
2026-W34;Дом у маяка;WB;2093;83.72;7
2026-W34;Игры разума;Litres;4320;172.8;8
2026-W34;Шёпот времени;Ozon;3510;140.4;9
2026-W34;Тихий сад;WB;3490;139.6;10
2026-W34;Северный экспресс;Litres;1796;71.84;4
2026-W34;Дом у маяка;Ozon;1495;59.8;5
2026-W34;Игры разума;WB;3240;129.6;6
2026-W34;Шёпот времени;Litres;2730;109.2;7
2026-W34;Тихий сад;Ozon;2792;111.68;8
2026-W34;Северный экспресс;WB;4041;161.64;9
2026-W34;Дом у маяка;Litres;2990;119.6;10
2026-W34;Игры разума;Ozon;2160;86.4;4
2026-W34;Шёпот времени;WB;1950;78;5
2026-W34;Тихий сад;Litres;2094;83.76;6
2026-W34;Северный экспресс;Ozon;3143;125.72;7
2026-W34;Дом у маяка;WB;2392;95.68;8
2026-W34;Игры разума;Litres;4860;194.4;9
2026-W34;Шёпот времени;Ozon;3900;156;10
2026-W34;Тихий сад;WB;1396;55.84;4
2026-W34;Северный экспресс;Litres;2245;89.8;5
2026-W34;Дом у маяка;Ozon;1794;71.76;6
2026-W34;Игры разума;WB;3780;151.2;7
2026-W34;Шёпот времени;Litres;3120;124.8;8
2026-W34;Тихий сад;Ozon;3141;125.64;9
2026-W34;Северный экспресс;WB;4490;179.6;10
2026-W34;Дом у маяка;Litres;1196;47.84;4
2026-W34;Игры разума;Ozon;2700;108;5
2026-W34;Шёпот времени;WB;2340;93.6;6
2026-W34;Тихий сад;Litres;2443;97.72;7
2026-W34;Северный экспресс;Ozon;3592;143.68;8
2026-W34;Дом у маяка;WB;2691;107.64;9
2026-W34;Игры разума;Litres;5400;216;10
2026-W34;Шёпот времени;Ozon;1560;62.4;4
2026-W34;Тихий сад;WB;1745;69.8;5
2026-W34;Северный экспресс;Litres;2694;107.76;6
2026-W34;Дом у маяка;Ozon;2093;83.72;7
2026-W34;Игры разума;WB;4320;172.8;8
2026-W34;Шёпот времени;Litres;3510;140.4;9
2026-W34;Тихий сад;Ozon;3490;139.6;10
2026-W34;Северный экспресс;WB;1796;71.84;4
2026-W34;Дом у маяка;Litres;1495;59.8;5
2026-W34;Игры разума;Ozon;3240;129.6;6
2026-W34;Шёпот времени;WB;2730;109.2;7
2026-W34;Тихий сад;Litres;2792;111.68;8
2026-W34;Северный экспресс;Ozon;4041;161.64;9
2026-W34;Дом у маяка;WB;2990;119.6;10
2026-W34;Игры разума;Litres;2160;86.4;4
2026-W34;Шёпот времени;Ozon;1950;78;5
2026-W34;Тихий сад;WB;2094;83.76;6
2026-W34;Северный экспресс;Litres;3143;125.72;7
2026-W34;Дом у маяка;Ozon;2392;95.68;8
2026-W34;Игры разума;WB;4860;194.4;9
2026-W34;Шёпот времени;Litres;3900;156;10
2026-W34;Тихий сад;Ozon;1396;55.84;4
2026-W34;Северный экспресс;WB;2245;89.8;5
2026-W34;Дом у маяка;Litres;1794;71.76;6
2026-W34;Игры разума;Ozon;3780;151.2;7
2026-W34;Шёпот времени;WB;3120;124.8;8
2026-W34;Тихий сад;Litres;3141;125.64;9
2026-W34;Северный экспресс;Ozon;4490;179.6;10
2026-W34;Дом у маяка;WB;1196;47.84;4
2026-W34;Игры разума;Litres;2700;108;5
2026-W34;Шёпот времени;Ozon;2340;93.6;6
2026-W34;Тихий сад;WB;2443;97.72;7
2026-W34;Северный экспресс;Litres;3592;143.68;8
2026-W34;Дом у маяка;Ozon;2691;107.64;9
2026-W34;Игры разума;WB;5400;216;10
2026-W34;Шёпот времени;Litres;1560;62.4;4
2026-W34;Тихий сад;Ozon;1745;69.8;5
2026-W34;Северный экспресс;WB;2694;107.76;6
2026-W34;Дом у маяка;Litres;2093;83.72;7
2026-W34;Игры разума;Ozon;4320;172.8;8
2026-W34;Шёпот времени;WB;3510;140.4;9
2026-W34;Тихий сад;Litres;3490;139.6;10
2026-W34;Северный экспресс;Ozon;1796;71.84;4
2026-W34;Дом у маяка;WB;1495;59.8;5
2026-W34;Игры разума;Litres;3240;129.6;6
2026-W34;Шёпот времени;Ozon;2730;109.2;7
2026-W34;Тихий сад;WB;2792;111.68;8
2026-W34;Северный экспресс;Litres;4041;161.64;9
2026-W34;Дом у маяка;Ozon;2990;119.6;10
2026-W34;Игры разума;WB;2160;86.4;4
2026-W34;Шёпот времени;Litres;1950;78;5
2026-W34;Тихий сад;Ozon;2094;83.76;6
2026-W34;Северный экспресс;WB;3143;125.72;7
2026-W34;Дом у маяка;Litres;2392;95.68;8
2026-W34;Игры разума;Ozon;4860;194.4;9
2026-W34;Шёпот времени;WB;3900;156;10
2026-W34;Тихий сад;Litres;1396;55.84;4
2026-W34;Северный экспресс;Ozon;2245;89.8;5
2026-W34;Дом у маяка;WB;1794;71.76;6
2026-W34;Игры разума;Litres;3780;151.2;7
2026-W34;Шёпот времени;Ozon;3120;124.8;8
2026-W34;Тихий сад;WB;3141;125.64;9
2026-W34;Северный экспресс;Litres;4490;179.6;10
2026-W34;Дом у маяка;Ozon;1196;47.84;4
2026-W34;Игры разума;WB;2700;108;5
2026-W34;Шёпот времени;Litres;2340;93.6;6
2026-W34;Тихий сад;Ozon;2443;97.72;7
2026-W34;Северный экспресс;WB;3592;143.68;8
2026-W34;Дом у маяка;Litres;2691;107.64;9
2026-W34;Игры разума;Ozon;5400;216;10
2026-W34;Шёпот времени;WB;1560;62.4;4
2026-W34;Тихий сад;Litres;1745;69.8;5
2026-W34;Северный экспресс;Ozon;2694;107.76;6
2026-W34;Дом у маяка;WB;2093;83.72;7
2026-W34;Игры разума;Litres;4320;172.8;8
2026-W34;Шёпот времени;Ozon;3510;140.4;9
2026-W34;Тихий сад;WB;3490;139.6;10
2026-W34;Северный экспресс;Litres;1796;71.84;4
2026-W34;Дом у маяка;Ozon;1495;59.8;5
2026-W34;Игры разума;WB;3240;129.6;6
2026-W34;Шёпот времени;Litres;2730;109.2;7
2026-W34;Тихий сад;Ozon;2792;111.68;8
2026-W34;Северный экспресс;WB;4041;161.64;9
2026-W34;Дом у маяка;Litres;2990;119.6;10
2026-W34;Игры разума;Ozon;2160;86.4;4
2026-W34;Шёпот времени;WB;1950;78;5
2026-W34;Тихий сад;Litres;2094;83.76;6
2026-W34;Северный экспресс;Ozon;3143;125.72;7
2026-W34;Дом у маяка;WB;2392;95.68;8
2026-W34;Игры разума;Litres;4860;194.4;9
2026-W34;Шёпот времени;Ozon;3900;156;10
2026-W34;Тихий сад;WB;1396;55.84;4
2026-W34;Северный экспресс;Litres;2245;89.8;5
2026-W34;Дом у маяка;Ozon;1794;71.76;6
2026-W34;Игры разума;WB;3780;151.2;7
2026-W34;Шёпот времени;Litres;3120;124.8;8
2026-W34;Тихий сад;Ozon;3141;125.64;9
2026-W34;Северный экспресс;WB;4490;179.6;10
2026-W34;Дом у маяка;Litres;1196;47.84;4
2026-W34;Игры разума;Ozon;2700;108;5
2026-W34;Шёпот времени;WB;2340;93.6;6
2026-W34;Тихий сад;Litres;2443;97.72;7
2026-W34;Северный экспресс;Ozon;3592;143.68;8
2026-W34;Дом у маяка;WB;2691;107.64;9
2026-W34;Игры разума;Litres;5400;216;10
2026-W34;Шёпот времени;Ozon;1560;62.4;4
2026-W34;Тихий сад;WB;1745;69.8;5
2026-W34;Северный экспресс;Litres;2694;107.76;6
2026-W34;Дом у маяка;Ozon;2093;83.72;7
2026-W34;Игры разума;WB;4320;172.8;8
2026-W34;Шёпот времени;Litres;3510;140.4;9
2026-W34;Тихий сад;Ozon;3490;139.6;10
2026-W34;Северный экспресс;WB;1796;71.84;4
2026-W34;Дом у маяка;Litres;1495;59.8;5
2026-W34;Игры разума;Ozon;3240;129.6;6
2026-W34;Шёпот времени;WB;2730;109.2;7
2026-W34;Тихий сад;Litres;2792;111.68;8
2026-W34;Северный экспресс;Ozon;4041;161.64;9
2026-W34;Дом у маяка;WB;2990;119.6;10
2026-W34;Игры разума;Litres;2160;86.4;4
2026-W34;Шёпот времени;Ozon;1950;78;5
2026-W34;Тихий сад;WB;2094;83.76;6
2026-W34;Северный экспресс;Litres;3143;125.72;7
2026-W34;Дом у маяка;Ozon;2392;95.68;8
2026-W34;Игры разума;WB;4860;194.4;9
2026-W34;Шёпот времени;Litres;3900;156;10
2026-W34;Тихий сад;Ozon;1396;55.84;4
2026-W34;Северный экспресс;WB;2245;89.8;5
2026-W34;Дом у маяка;Litres;1794;71.76;6
2026-W34;Игры разума;Ozon;3780;151.2;7
2026-W34;Шёпот времени;WB;3120;124.8;8
2026-W34;Тихий сад;Litres;3141;125.64;9
2026-W34;Северный экспресс;Ozon;4490;179.6;10
2026-W34;Дом у маяка;WB;1196;47.84;4
2026-W34;Игры разума;Litres;2700;108;5
2026-W34;Шёпот времени;Ozon;2340;93.6;6
2026-W34;Тихий сад;WB;2443;97.72;7
2026-W34;Северный экспресс;Litres;3592;143.68;8
2026-W34;Дом у маяка;Ozon;2691;107.64;9
2026-W34;Игры разума;WB;5400;216;10
2026-W34;Шёпот времени;Litres;1560;62.4;4
2026-W34;Тихий сад;Ozon;1745;69.8;5
2026-W34;Северный экспресс;WB;2694;107.76;6
2026-W34;Дом у маяка;Litres;2093;83.72;7
2026-W34;Игры разума;Ozon;4320;172.8;8
2026-W34;Шёпот времени;WB;3510;140.4;9
2026-W34;Тихий сад;Litres;3490;139.6;10
2026-W34;Северный экспресс;Ozon;1796;71.84;4
2026-W34;Дом у маяка;WB;1495;59.8;5
2026-W34;Игры разума;Litres;3240;129.6;6
2026-W34;Шёпот времени;Ozon;2730;109.2;7
2026-W34;Тихий сад;WB;2792;111.68;8
2026-W34;Северный экспресс;Litres;4041;161.64;9
2026-W34;Дом у маяка;Ozon;2990;119.6;10
2026-W34;Игры разума;WB;2160;86.4;4
2026-W34;Шёпот времени;Litres;1950;78;5
2026-W34;Тихий сад;Ozon;2094;83.76;6
2026-W34;Северный экспресс;WB;3143;125.72;7
2026-W34;Дом у маяка;Litres;2392;95.68;8
2026-W34;Игры разума;Ozon;4860;194.4;9
2026-W34;Шёпот времени;WB;3900;156;10
2026-W34;Тихий сад;Litres;1396;55.84;4
2026-W34;Северный экспресс;Ozon;2245;89.8;5
2026-W34;Дом у маяка;WB;1794;71.76;6
2026-W34;Игры разума;Litres;3780;151.2;7
2026-W34;Шёпот времени;Ozon;3120;124.8;8
2026-W34;Тихий сад;WB;3141;125.64;9
2026-W34;Северный экспресс;Litres;4490;179.6;10
2026-W34;Дом у маяка;Ozon;1196;47.84;4
2026-W34;Игры разума;WB;2700;108;5
2026-W34;Шёпот времени;Litres;2340;93.6;6
2026-W34;Тихий сад;Ozon;2443;97.72;7
2026-W34;Северный экспресс;WB;3592;143.68;8
2026-W34;Дом у маяка;Litres;2691;107.64;9
2026-W34;Игры разума;Ozon;5400;216;10
2026-W34;Шёпот времени;WB;1560;62.4;4
2026-W34;Тихий сад;Litres;1745;69.8;5
2026-W34;Северный экспресс;Ozon;2694;107.76;6
2026-W34;Дом у маяка;WB;2093;83.72;7
2026-W34;Игры разума;Litres;4320;172.8;8
2026-W34;Шёпот времени;Ozon;3510;140.4;9
2026-W34;Тихий сад;WB;3490;139.6;10
2026-W34;Северный экспресс;Litres;1796;71.84;4
2026-W34;Дом у маяка;Ozon;1495;59.8;5
2026-W34;Игры разума;WB;3240;129.6;6
2026-W34;Шёпот времени;Litres;2730;109.2;7
2026-W34;Тихий сад;Ozon;2792;111.68;8
2026-W34;Северный экспресс;WB;4041;161.64;9
2026-W34;Дом у маяка;Litres;2990;119.6;10
2026-W34;Игры разума;Ozon;2160;86.4;4
2026-W34;Шёпот времени;WB;1950;78;5
2026-W34;Тихий сад;Litres;2094;83.76;6
2026-W34;Северный экспресс;Ozon;3143;125.72;7
2026-W34;Дом у маяка;WB;2392;95.68;8
2026-W34;Игры разума;Litres;4860;194.4;9
2026-W34;Шёпот времени;Ozon;3900;156;10
2026-W34;Тихий сад;WB;1396;55.84;4
2026-W34;Северный экспресс;Litres;2245;89.8;5
2026-W34;Дом у маяка;Ozon;1794;71.76;6
2026-W34;Игры разума;WB;3780;151.2;7
2026-W34;Шёпот времени;Litres;3120;124.8;8
2026-W34;Тихий сад;Ozon;3141;125.64;9
2026-W34;Северный экспресс;WB;4490;179.6;10
2026-W34;Дом у маяка;Litres;1196;47.84;4
2026-W34;Игры разума;Ozon;2700;108;5
2026-W34;Шёпот времени;WB;2340;93.6;6
2026-W34;Тихий сад;Litres;2443;97.72;7
2026-W34;Северный экспресс;Ozon;3592;143.68;8
2026-W34;Дом у маяка;WB;2691;107.64;9
2026-W34;Игры разума;Litres;5400;216;10
2026-W34;Шёпот времени;Ozon;1560;62.4;4
2026-W34;Тихий сад;WB;1745;69.8;5
2026-W34;Северный экспресс;Litres;2694;107.76;6
2026-W34;Дом у маяка;Ozon;2093;83.72;7
2026-W34;Игры разума;WB;4320;172.8;8
2026-W34;Шёпот времени;Litres;3510;140.4;9
2026-W34;Тихий сад;Ozon;3490;139.6;10
2026-W34;Северный экспресс;WB;1796;71.84;4
2026-W34;Дом у маяка;Litres;1495;59.8;5
2026-W34;Игры разума;Ozon;3240;129.6;6
2026-W34;Шёпот времени;WB;2730;109.2;7
2026-W34;Тихий сад;Litres;2792;111.68;8
2026-W34;Северный экспресс;Ozon;4041;161.64;9
2026-W34;Дом у маяка;WB;2990;119.6;10
2026-W34;Игры разума;Litres;2160;86.4;4
2026-W34;Шёпот времени;Ozon;1950;78;5
2026-W34;Тихий сад;WB;2094;83.76;6
2026-W34;Северный экспресс;Litres;3143;125.72;7
2026-W34;Дом у маяка;Ozon;2392;95.68;8
2026-W34;Игры разума;WB;4860;194.4;9
2026-W34;Шёпот времени;Litres;3900;156;10
2026-W34;Тихий сад;Ozon;1396;55.84;4
2026-W34;Северный экспресс;WB;2245;89.8;5
2026-W34;Дом у маяка;Litres;1794;71.76;6
2026-W34;Игры разума;Ozon;3780;151.2;7
2026-W34;Шёпот времени;WB;3120;124.8;8
2026-W34;Тихий сад;Litres;3141;125.64;9
2026-W34;Северный экспресс;Ozon;4490;179.6;10
2026-W34;Дом у маяка;WB;1196;47.84;4
2026-W34;Игры разума;Litres;2700;108;5
2026-W34;Шёпот времени;Ozon;2340;93.6;6
2026-W34;Тихий сад;WB;2443;97.72;7
2026-W34;Северный экспресс;Litres;3592;143.68;8
2026-W34;Дом у маяка;Ozon;2691;107.64;9
2026-W34;Игры разума;WB;5400;216;10
2026-W34;Шёпот времени;Litres;1560;62.4;4
2026-W34;Тихий сад;Ozon;1745;69.8;5
2026-W34;Северный экспресс;WB;2694;107.76;6
2026-W34;Дом у маяка;Litres;2093;83.72;7
2026-W34;Игры разума;Ozon;4320;172.8;8
2026-W34;Шёпот времени;WB;3510;140.4;9
2026-W34;Тихий сад;Litres;3490;139.6;10
2026-W34;Северный экспресс;Ozon;1796;71.84;4
2026-W34;Дом у маяка;WB;1495;59.8;5
2026-W34;Игры разума;Litres;3240;129.6;6
2026-W34;Шёпот времени;Ozon;2730;109.2;7
2026-W34;Тихий сад;WB;2792;111.68;8
2026-W34;Северный экспресс;Litres;4041;161.64;9
2026-W34;Дом у маяка;Ozon;2990;119.6;10
2026-W34;Игры разума;WB;2160;86.4;4
2026-W34;Шёпот времени;Litres;1950;78;5
2026-W34;Тихий сад;Ozon;2094;83.76;6
2026-W34;Северный экспресс;WB;3143;125.72;7
2026-W34;Дом у маяка;Litres;2392;95.68;8
2026-W34;Игры разума;Ozon;4860;194.4;9
2026-W34;Шёпот времени;WB;3900;156;10
2026-W34;Тихий сад;Litres;1396;55.84;4
2026-W34;Северный экспресс;Ozon;2245;89.8;5
2026-W34;Дом у маяка;WB;1794;71.76;6
2026-W34;Игры разума;Litres;3780;151.2;7
2026-W34;Шёпот времени;Ozon;3120;124.8;8
2026-W34;Тихий сад;WB;3141;125.64;9
2026-W34;Северный экспресс;Litres;4490;179.6;10
2026-W34;Дом у маяка;Ozon;1196;47.84;4
2026-W34;Игры разума;WB;2700;108;5
2026-W34;Шёпот времени;Litres;2340;93.6;6
2026-W34;Тихий сад;Ozon;2443;97.72;7
2026-W34;Северный экспресс;WB;3592;143.68;8
2026-W34;Дом у маяка;Litres;2691;107.64;9
2026-W34;Игры разума;Ozon;5400;216;10
2026-W34;Шёпот времени;WB;1560;62.4;4
2026-W34;Тихий сад;Litres;1745;69.8;5
2026-W34;Северный экспресс;Ozon;2694;107.76;6
2026-W34;Дом у маяка;WB;2093;83.72;7
2026-W34;Игры разума;Litres;4320;172.8;8
2026-W34;Шёпот времени;Ozon;3510;140.4;9
2026-W34;Тихий сад;WB;3490;139.6;10
2026-W34;Северный экспресс;Litres;1796;71.84;4
2026-W34;Дом у маяка;Ozon;1495;59.8;5
2026-W34;Игры разума;WB;3240;129.6;6
2026-W34;Шёпот времени;Litres;2730;109.2;7
2026-W34;Тихий сад;Ozon;2792;111.68;8
2026-W34;Северный экспресс;WB;4041;161.64;9
2026-W34;Дом у маяка;Litres;2990;119.6;10
2026-W34;Игры разума;Ozon;2160;86.4;4
2026-W34;Шёпот времени;WB;1950;78;5
2026-W34;Тихий сад;Litres;2094;83.76;6
2026-W34;Северный экспресс;Ozon;3143;125.72;7
2026-W34;Дом у маяка;WB;2392;95.68;8
2026-W34;Игры разума;Litres;4860;194.4;9
2026-W34;Шёпот времени;Ozon;3900;156;10
2026-W34;Тихий сад;WB;1396;55.84;4
2026-W34;Северный экспресс;Litres;2245;89.8;5
2026-W34;Дом у маяка;Ozon;1794;71.76;6
2026-W34;Игры разума;WB;3780;151.2;7
2026-W34;Шёпот времени;Litres;3120;124.8;8
2026-W34;Тихий сад;Ozon;3141;125.64;9
2026-W34;Северный экспресс;WB;4490;179.6;10
2026-W34;Дом у маяка;Litres;1196;47.84;4
2026-W34;Игры разума;Ozon;2700;108;5
2026-W34;Шёпот времени;WB;2340;93.6;6
2026-W34;Тихий сад;Litres;2443;97.72;7
2026-W34;Северный экспресс;Ozon;3592;143.68;8
2026-W34;Дом у маяка;WB;2691;107.64;9
2026-W34;Игры разума;Litres;5400;216;10
2026-W34;Шёпот времени;Ozon;1560;62.4;4
2026-W34;Тихий сад;WB;1745;69.8;5
2026-W34;Северный экспресс;Litres;2694;107.76;6
2026-W34;Дом у маяка;Ozon;2093;83.72;7
2026-W34;Игры разума;WB;4320;172.8;8
2026-W34;Шёпот времени;Litres;3510;140.4;9
2026-W34;Тихий сад;Ozon;3490;139.6;10
2026-W34;Северный экспресс;WB;1796;71.84;4
2026-W34;Дом у маяка;Litres;1495;59.8;5
2026-W34;Игры разума;Ozon;3240;129.6;6
2026-W34;Шёпот времени;WB;2730;109.2;7
2026-W34;Тихий сад;Litres;2792;111.68;8
2026-W34;Северный экспресс;Ozon;4041;161.64;9
2026-W34;Дом у маяка;WB;2990;119.6;10
2026-W34;Игры разума;Litres;2160;86.4;4
2026-W34;Шёпот времени;Ozon;1950;78;5
2026-W34;Тихий сад;WB;2094;83.76;6
2026-W34;Северный экспресс;Litres;3143;125.72;7
2026-W34;Дом у маяка;Ozon;2392;95.68;8
2026-W34;Игры разума;WB;4860;194.4;9
2026-W34;Шёпот времени;Litres;3900;156;10
2026-W34;Тихий сад;Ozon;1396;55.84;4
2026-W34;Северный экспресс;WB;2245;89.8;5
2026-W34;Дом у маяка;Litres;1794;71.76;6
2026-W34;Игры разума;Ozon;3780;151.2;7
2026-W34;Шёпот времени;WB;3120;124.8;8
2026-W34;Тихий сад;Litres;3141;125.64;9
2026-W34;Северный экспресс;Ozon;4490;179.6;10
2026-W34;Дом у маяка;WB;1196;47.84;4
2026-W34;Игры разума;Litres;2700;108;5
2026-W34;Шёпот времени;Ozon;2340;93.6;6
2026-W34;Тихий сад;WB;2443;97.72;7
2026-W34;Северный экспресс;Litres;3592;143.68;8
2026-W34;Дом у маяка;Ozon;2691;107.64;9
2026-W34;Игры разума;WB;5400;216;10
2026-W34;Шёпот времени;Litres;1560;62.4;4
2026-W34;Тихий сад;Ozon;1745;69.8;5
2026-W34;Северный экспресс;WB;2694;107.76;6
2026-W34;Дом у маяка;Litres;2093;83.72;7
2026-W34;Игры разума;Ozon;4320;172.8;8
2026-W34;Шёпот времени;WB;3510;140.4;9
2026-W34;Тихий сад;Litres;3490;139.6;10
2026-W34;Северный экспресс;Ozon;1796;71.84;4
2026-W34;Дом у маяка;WB;1495;59.8;5
2026-W34;Игры разума;Litres;3240;129.6;6
2026-W34;Шёпот времени;Ozon;2730;109.2;7
2026-W34;Тихий сад;WB;2792;111.68;8
2026-W34;Северный экспресс;Litres;4041;161.64;9
2026-W34;Дом у маяка;Ozon;2990;119.6;10
2026-W34;Игры разума;WB;2160;86.4;4
2026-W34;Шёпот времени;Litres;1950;78;5
2026-W34;Тихий сад;Ozon;2094;83.76;6
2026-W34;Северный экспресс;WB;3143;125.72;7
2026-W34;Дом у маяка;Litres;2392;95.68;8
2026-W34;Игры разума;Ozon;4860;194.4;9
2026-W34;Шёпот времени;WB;3900;156;10
2026-W34;Тихий сад;Litres;1396;55.84;4
2026-W34;Северный экспресс;Ozon;2245;89.8;5
2026-W34;Дом у маяка;WB;1794;71.76;6
2026-W34;Игры разума;Litres;3780;151.2;7
2026-W34;Шёпот времени;Ozon;3120;124.8;8
2026-W34;Тихий сад;WB;3141;125.64;9
2026-W34;Северный экспресс;Litres;4490;179.6;10
2026-W34;Дом у маяка;Ozon;1196;47.84;4
2026-W34;Игры разума;WB;2700;108;5
2026-W34;Шёпот времени;Litres;2340;93.6;6
2026-W34;Тихий сад;Ozon;2443;97.72;7
2026-W34;Северный экспресс;WB;3592;143.68;8
2026-W34;Дом у маяка;Litres;2691;107.64;9
2026-W34;Игры разума;Ozon;5400;216;10
2026-W34;Шёпот времени;WB;1560;62.4;4
2026-W34;Тихий сад;Litres;1745;69.8;5
2026-W34;Северный экспресс;Ozon;2694;107.76;6
2026-W34;Дом у маяка;WB;2093;83.72;7
2026-W34;Игры разума;Litres;4320;172.8;8
2026-W34;Шёпот времени;Ozon;3510;140.4;9
2026-W34;Тихий сад;WB;3490;139.6;10
2026-W34;Северный экспресс;Litres;1796;71.84;4
2026-W34;Дом у маяка;Ozon;1495;59.8;5
2026-W34;Игры разума;WB;3240;129.6;6
2026-W34;Шёпот времени;Litres;2730;109.2;7
2026-W34;Тихий сад;Ozon;2792;111.68;8
2026-W34;Северный экспресс;WB;4041;161.64;9
2026-W34;Дом у маяка;Litres;2990;119.6;10
2026-W34;Игры разума;Ozon;2160;86.4;4
2026-W34;Шёпот времени;WB;1950;78;5
2026-W34;Тихий сад;Litres;2094;83.76;6
2026-W34;Северный экспресс;Ozon;3143;125.72;7
2026-W34;Дом у маяка;WB;2392;95.68;8
2026-W34;Игры разума;Litres;4860;194.4;9
2026-W34;Шёпот времени;Ozon;3900;156;10
2026-W34;Тихий сад;WB;1396;55.84;4
2026-W34;Северный экспресс;Litres;2245;89.8;5
2026-W34;Дом у маяка;Ozon;1794;71.76;6
2026-W34;Игры разума;WB;3780;151.2;7
2026-W34;Шёпот времени;Litres;3120;124.8;8
2026-W34;Тихий сад;Ozon;3141;125.64;9
2026-W34;Северный экспресс;WB;4490;179.6;10
2026-W34;Дом у маяка;Litres;1196;47.84;4
2026-W34;Игры разума;Ozon;2700;108;5
2026-W34;Шёпот времени;WB;2340;93.6;6
2026-W34;Тихий сад;Litres;2443;97.72;7
2026-W34;Северный экспресс;Ozon;3592;143.68;8
2026-W34;Дом у маяка;WB;2691;107.64;9
2026-W34;Игры разума;Litres;5400;216;10
2026-W34;Шёпот времени;Ozon;1560;62.4;4
2026-W34;Тихий сад;WB;1745;69.8;5
2026-W34;Северный экспресс;Litres;2694;107.76;6
2026-W34;Дом у маяка;Ozon;2093;83.72;7
2026-W34;Игры разума;WB;4320;172.8;8
2026-W34;Шёпот времени;Litres;3510;140.4;9
2026-W34;Тихий сад;Ozon;3490;139.6;10
2026-W34;Северный экспресс;WB;1796;71.84;4
2026-W34;Дом у маяка;Litres;1495;59.8;5
2026-W34;Игры разума;Ozon;3240;129.6;6
2026-W34;Шёпот времени;WB;2730;109.2;7
2026-W34;Тихий сад;Litres;2792;111.68;8
2026-W34;Северный экспресс;Ozon;4041;161.64;9
2026-W34;Дом у маяка;WB;2990;119.6;10
2026-W34;Игры разума;Litres;2160;86.4;4
2026-W34;Шёпот времени;Ozon;1950;78;5
2026-W34;Тихий сад;WB;2094;83.76;6
2026-W34;Северный экспресс;Litres;3143;125.72;7
2026-W34;Дом у маяка;Ozon;2392;95.68;8
2026-W34;Игры разума;WB;4860;194.4;9
2026-W34;Шёпот времени;Litres;3900;156;10
2026-W34;Тихий сад;Ozon;1396;55.84;4
2026-W34;Северный экспресс;WB;2245;89.8;5
2026-W34;Дом у маяка;Litres;1794;71.76;6
2026-W34;Игры разума;Ozon;3780;151.2;7
2026-W34;Шёпот времени;WB;3120;124.8;8
2026-W34;Тихий сад;Litres;3141;125.64;9
2026-W34;Северный экспресс;Ozon;4490;179.6;10
2026-W34;Дом у маяка;WB;1196;47.84;4
2026-W34;Игры разума;Litres;2700;108;5
2026-W34;Шёпот времени;Ozon;2340;93.6;6
2026-W34;Тихий сад;WB;2443;97.72;7
2026-W34;Северный экспресс;Litres;3592;143.68;8
2026-W34;Дом у маяка;Ozon;2691;107.64;9
2026-W34;Игры разума;WB;5400;216;10
2026-W34;Шёпот времени;Litres;1560;62.4;4
2026-W34;Тихий сад;Ozon;1745;69.8;5
2026-W34;Северный экспресс;WB;2694;107.76;6
2026-W34;Дом у маяка;Litres;2093;83.72;7
2026-W34;Игры разума;Ozon;4320;172.8;8
2026-W34;Шёпот времени;WB;3510;140.4;9
2026-W34;Тихий сад;Litres;3490;139.6;10
2026-W34;Северный экспресс;Ozon;1796;71.84;4
2026-W34;Дом у маяка;WB;1495;59.8;5
2026-W34;Игры разума;Litres;3240;129.6;6
2026-W34;Шёпот времени;Ozon;2730;109.2;7
2026-W34;Тихий сад;WB;2792;111.68;8
2026-W34;Северный экспресс;Litres;4041;161.64;9
2026-W34;Дом у маяка;Ozon;2990;119.6;10
2026-W34;Игры разума;WB;2160;86.4;4
2026-W34;Шёпот времени;Litres;1950;78;5
2026-W34;Тихий сад;Ozon;2094;83.76;6
2026-W34;Северный экспресс;WB;3143;125.72;7
2026-W34;Дом у маяка;Litres;2392;95.68;8
2026-W34;Игры разума;Ozon;4860;194.4;9
2026-W34;Шёпот времени;WB;3900;156;10
2026-W34;Тихий сад;Litres;1396;55.84;4
2026-W34;Северный экспресс;Ozon;2245;89.8;5
2026-W34;Дом у маяка;WB;1794;71.76;6
2026-W34;Игры разума;Litres;3780;151.2;7
2026-W34;Шёпот времени;Ozon;3120;124.8;8
2026-W34;Тихий сад;WB;3141;125.64;9
2026-W34;Северный экспресс;Litres;4490;179.6;10
2026-W34;Дом у маяка;Ozon;1196;47.84;4
2026-W34;Игры разума;WB;2700;108;5
2026-W34;Шёпот времени;Litres;2340;93.6;6
2026-W34;Тихий сад;Ozon;2443;97.72;7
2026-W34;Северный экспресс;WB;3592;143.68;8
2026-W34;Дом у маяка;Litres;2691;107.64;9
2026-W34;Игры разума;Ozon;5400;216;10
2026-W34;Шёпот времени;WB;1560;62.4;4
2026-W34;Тихий сад;Litres;1745;69.8;5
2026-W34;Северный экспресс;Ozon;2694;107.76;6
2026-W34;Дом у маяка;WB;2093;83.72;7
2026-W34;Игры разума;Litres;4320;172.8;8
2026-W34;Шёпот времени;Ozon;3510;140.4;9
2026-W34;Тихий сад;WB;3490;139.6;10
2026-W34;Северный экспресс;Litres;1796;71.84;4
2026-W34;Дом у маяка;Ozon;1495;59.8;5
2026-W34;Игры разума;WB;3240;129.6;6
2026-W34;Шёпот времени;Litres;2730;109.2;7
2026-W34;Тихий сад;Ozon;2792;111.68;8
2026-W34;Северный экспресс;WB;4041;161.64;9
2026-W34;Дом у маяка;Litres;2990;119.6;10
2026-W34;Игры разума;Ozon;2160;86.4;4
2026-W34;Шёпот времени;WB;1950;78;5
2026-W34;Тихий сад;Litres;2094;83.76;6
2026-W34;Северный экспресс;Ozon;3143;125.72;7
2026-W34;Дом у маяка;WB;2392;95.68;8
2026-W34;Игры разума;Litres;4860;194.4;9
2026-W34;Шёпот времени;Ozon;3900;156;10
2026-W34;Тихий сад;WB;1396;55.84;4
2026-W34;Северный экспресс;Litres;2245;89.8;5
2026-W34;Дом у маяка;Ozon;1794;71.76;6
2026-W34;Игры разума;WB;3780;151.2;7
2026-W34;Шёпот времени;Litres;3120;124.8;8
2026-W34;Тихий сад;Ozon;3141;125.64;9
2026-W34;Северный экспресс;WB;4490;179.6;10
2026-W34;Дом у маяка;Litres;1196;47.84;4
2026-W34;Игры разума;Ozon;2700;108;5
2026-W34;Шёпот времени;WB;2340;93.6;6
2026-W34;Тихий сад;Litres;2443;97.72;7
2026-W34;Северный экспресс;Ozon;3592;143.68;8
2026-W34;Дом у маяка;WB;2691;107.64;9
2026-W34;Игры разума;Litres;5400;216;10
2026-W34;Шёпот времени;Ozon;1560;62.4;4
2026-W34;Тихий сад;WB;1745;69.8;5
2026-W34;Северный экспресс;Litres;2694;107.76;6
2026-W34;Дом у маяка;Ozon;2093;83.72;7
2026-W34;Игры разума;WB;4320;172.8;8
2026-W34;Шёпот времени;Litres;3510;140.4;9
2026-W34;Тихий сад;Ozon;3490;139.6;10
2026-W34;Северный экспресс;WB;1796;71.84;4
2026-W34;Дом у маяка;Litres;1495;59.8;5
2026-W34;Игры разума;Ozon;3240;129.6;6
2026-W34;Шёпот времени;WB;2730;109.2;7
2026-W34;Тихий сад;Litres;2792;111.68;8
2026-W34;Северный экспресс;Ozon;4041;161.64;9
2026-W34;Дом у маяка;WB;2990;119.6;10
2026-W34;Игры разума;Litres;2160;86.4;4
2026-W34;Шёпот времени;Ozon;1950;78;5
2026-W34;Тихий сад;WB;2094;83.76;6
2026-W34;Северный экспресс;Litres;3143;125.72;7
2026-W34;Дом у маяка;Ozon;2392;95.68;8
2026-W34;Игры разума;WB;4860;194.4;9
2026-W34;Шёпот времени;Litres;3900;156;10
2026-W34;Тихий сад;Ozon;1396;55.84;4
2026-W34;Северный экспресс;WB;2245;89.8;5
2026-W34;Дом у маяка;Litres;1794;71.76;6
2026-W34;Игры разума;Ozon;3780;151.2;7
2026-W34;Шёпот времени;WB;3120;124.8;8
2026-W34;Тихий сад;Litres;3141;125.64;9
2026-W34;Северный экспресс;Ozon;4490;179.6;10
2026-W34;Дом у маяка;WB;1196;47.84;4
2026-W34;Игры разума;Litres;2700;108;5
2026-W34;Шёпот времени;Ozon;2340;93.6;6
2026-W34;Тихий сад;WB;2443;97.72;7
2026-W34;Северный экспресс;Litres;3592;143.68;8
2026-W34;Дом у маяка;Ozon;2691;107.64;9
2026-W34;Игры разума;WB;5400;216;10
2026-W34;Шёпот времени;Litres;1560;62.4;4
2026-W34;Тихий сад;Ozon;1745;69.8;5
2026-W34;Северный экспресс;WB;2694;107.76;6
2026-W34;Дом у маяка;Litres;2093;83.72;7
2026-W34;Игры разума;Ozon;4320;172.8;8
2026-W34;Шёпот времени;WB;3510;140.4;9
2026-W34;Тихий сад;Litres;3490;139.6;10
2026-W34;Северный экспресс;Ozon;1796;71.84;4
2026-W34;Дом у маяка;WB;1495;59.8;5
2026-W34;Игры разума;Litres;3240;129.6;6
2026-W34;Шёпот времени;Ozon;2730;109.2;7
2026-W34;Тихий сад;WB;2792;111.68;8
2026-W34;Северный экспресс;Litres;4041;161.64;9
2026-W34;Дом у маяка;Ozon;2990;119.6;10
2026-W34;Игры разума;WB;2160;86.4;4
2026-W34;Шёпот времени;Litres;1950;78;5
2026-W34;Тихий сад;Ozon;2094;83.76;6
2026-W34;Северный экспресс;WB;3143;125.72;7
2026-W34;Дом у маяка;Litres;2392;95.68;8
2026-W34;Игры разума;Ozon;4860;194.4;9
2026-W34;Шёпот времени;WB;3900;156;10
2026-W34;Тихий сад;Litres;1396;55.84;4
2026-W34;Северный экспресс;Ozon;2245;89.8;5
2026-W34;Дом у маяка;WB;1794;71.76;6
2026-W34;Игры разума;Litres;3780;151.2;7
2026-W34;Шёпот времени;Ozon;3120;124.8;8
2026-W34;Тихий сад;WB;3141;125.64;9
2026-W34;Северный экспресс;Litres;4490;179.6;10
2026-W34;Дом у маяка;Ozon;1196;47.84;4
2026-W34;Игры разума;WB;2700;108;5
2026-W34;Шёпот времени;Litres;2340;93.6;6
2026-W34;Тихий сад;Ozon;2443;97.72;7
2026-W34;Северный экспресс;WB;3592;143.68;8
2026-W34;Дом у маяка;Litres;2691;107.64;9
2026-W34;Игры разума;Ozon;5400;216;10
2026-W34;Шёпот времени;WB;1560;62.4;4
2026-W34;Тихий сад;Litres;1745;69.8;5
2026-W34;Северный экспресс;Ozon;2694;107.76;6
2026-W34;Дом у маяка;WB;2093;83.72;7
2026-W34;Игры разума;Litres;4320;172.8;8
2026-W34;Шёпот времени;Ozon;3510;140.4;9
2026-W34;Тихий сад;WB;3490;139.6;10
2026-W34;Северный экспресс;Litres;1796;71.84;4
2026-W34;Дом у маяка;Ozon;1495;59.8;5
2026-W34;Игры разума;WB;3240;129.6;6
2026-W34;Шёпот времени;Litres;2730;109.2;7
2026-W34;Тихий сад;Ozon;2792;111.68;8
2026-W34;Северный экспресс;WB;4041;161.64;9
2026-W34;Дом у маяка;Litres;2990;119.6;10
2026-W34;Игры разума;Ozon;2160;86.4;4
2026-W34;Шёпот времени;WB;1950;78;5
2026-W34;Тихий сад;Litres;2094;83.76;6
2026-W34;Северный экспресс;Ozon;3143;125.72;7
2026-W34;Дом у маяка;WB;2392;95.68;8
2026-W34;Игры разума;Litres;4860;194.4;9
2026-W34;Шёпот времени;Ozon;3900;156;10
2026-W34;Тихий сад;WB;1396;55.84;4
2026-W34;Северный экспресс;Litres;2245;89.8;5
2026-W34;Дом у маяка;Ozon;1794;71.76;6
2026-W34;Игры разума;WB;3780;151.2;7
2026-W34;Шёпот времени;Litres;3120;124.8;8
2026-W34;Тихий сад;Ozon;3141;125.64;9
2026-W34;Северный экспресс;WB;4490;179.6;10
2026-W34;Дом у маяка;Litres;1196;47.84;4
2026-W34;Игры разума;Ozon;2700;108;5
2026-W34;Шёпот времени;WB;2340;93.6;6
2026-W34;Тихий сад;Litres;2443;97.72;7
2026-W34;Северный экспресс;Ozon;3592;143.68;8
2026-W34;Дом у маяка;WB;2691;107.64;9
2026-W34;Игры разума;Litres;5400;216;10
2026-W34;Шёпот времени;Ozon;1560;62.4;4
2026-W34;Тихий сад;WB;1745;69.8;5
2026-W34;Северный экспресс;Litres;2694;107.76;6
2026-W34;Дом у маяка;Ozon;2093;83.72;7
2026-W34;Игры разума;WB;4320;172.8;8
2026-W34;Шёпот времени;Litres;3510;140.4;9
2026-W34;Тихий сад;Ozon;3490;139.6;10
2026-W34;Северный экспресс;WB;1796;71.84;4
2026-W34;Дом у маяка;Litres;1495;59.8;5
2026-W34;Игры разума;Ozon;3240;129.6;6
2026-W34;Шёпот времени;WB;2730;109.2;7
2026-W34;Тихий сад;Litres;2792;111.68;8
2026-W34;Северный экспресс;Ozon;4041;161.64;9
2026-W34;Дом у маяка;WB;2990;119.6;10
2026-W34;Игры разума;Litres;2160;86.4;4
2026-W34;Шёпот времени;Ozon;1950;78;5
2026-W34;Тихий сад;WB;2094;83.76;6
2026-W34;Северный экспресс;Litres;3143;125.72;7
2026-W34;Дом у маяка;Ozon;2392;95.68;8
2026-W34;Игры разума;WB;4860;194.4;9
2026-W34;Шёпот времени;Litres;3900;156;10
2026-W34;Тихий сад;Ozon;1396;55.84;4
2026-W34;Северный экспресс;WB;2245;89.8;5
2026-W34;Дом у маяка;Litres;1794;71.76;6
2026-W34;Игры разума;Ozon;3780;151.2;7
2026-W34;Шёпот времени;WB;3120;124.8;8
2026-W34;Тихий сад;Litres;3141;125.64;9
2026-W34;Северный экспресс;Ozon;4490;179.6;10
2026-W34;Дом у маяка;WB;1196;47.84;4
2026-W34;Игры разума;Litres;2700;108;5
2026-W34;Шёпот времени;Ozon;2340;93.6;6
2026-W34;Тихий сад;WB;2443;97.72;7
2026-W34;Северный экспресс;Litres;3592;143.68;8
2026-W34;Дом у маяка;Ozon;2691;107.64;9
2026-W34;Игры разума;WB;5400;216;10
2026-W34;Шёпот времени;Litres;1560;62.4;4
2026-W34;Тихий сад;Ozon;1745;69.8;5
2026-W34;Северный экспресс;WB;2694;107.76;6
2026-W34;Дом у маяка;Litres;2093;83.72;7
2026-W34;Игры разума;Ozon;4320;172.8;8
2026-W34;Шёпот времени;WB;3510;140.4;9
2026-W34;Тихий сад;Litres;3490;139.6;10
2026-W34;Северный экспресс;Ozon;1796;71.84;4
2026-W34;Дом у маяка;WB;1495;59.8;5
2026-W34;Игры разума;Litres;3240;129.6;6
2026-W34;Шёпот времени;Ozon;2730;109.2;7
2026-W34;Тихий сад;WB;2792;111.68;8
2026-W34;Северный экспресс;Litres;4041;161.64;9
2026-W34;Дом у маяка;Ozon;2990;119.6;10
2026-W34;Игры разума;WB;2160;86.4;4
2026-W34;Шёпот времени;Litres;1950;78;5
2026-W34;Тихий сад;Ozon;2094;83.76;6
2026-W34;Северный экспресс;WB;3143;125.72;7
2026-W34;Дом у маяка;Litres;2392;95.68;8
2026-W34;Игры разума;Ozon;4860;194.4;9
2026-W34;Шёпот времени;WB;3900;156;10
2026-W34;Тихий сад;Litres;1396;55.84;4
2026-W34;Северный экспресс;Ozon;2245;89.8;5
2026-W34;Дом у маяка;WB;1794;71.76;6
2026-W34;Игры разума;Litres;3780;151.2;7
2026-W34;Шёпот времени;Ozon;3120;124.8;8
2026-W34;Тихий сад;WB;3141;125.64;9
2026-W34;Северный экспресс;Litres;4490;179.6;10
2026-W34;Дом у маяка;Ozon;1196;47.84;4
2026-W34;Игры разума;WB;2700;108;5
2026-W34;Шёпот времени;Litres;2340;93.6;6
2026-W34;Тихий сад;Ozon;2443;97.72;7
2026-W34;Северный экспресс;WB;3592;143.68;8
2026-W34;Дом у маяка;Litres;2691;107.64;9
2026-W34;Игры разума;Ozon;5400;216;10
2026-W34;Шёпот времени;WB;1560;62.4;4
2026-W34;Тихий сад;Litres;1745;69.8;5
2026-W34;Северный экспресс;Ozon;2694;107.76;6
2026-W34;Дом у маяка;WB;2093;83.72;7
2026-W34;Игры разума;Litres;4320;172.8;8
2026-W34;Шёпот времени;Ozon;3510;140.4;9
2026-W34;Тихий сад;WB;3490;139.6;10
2026-W34;Северный экспресс;Litres;1796;71.84;4
2026-W34;Дом у маяка;Ozon;1495;59.8;5
2026-W34;Игры разума;WB;3240;129.6;6
2026-W34;Шёпот времени;Litres;2730;109.2;7
2026-W34;Тихий сад;Ozon;2792;111.68;8
2026-W34;Северный экспресс;WB;4041;161.64;9
2026-W34;Дом у маяка;Litres;2990;119.6;10
2026-W34;Игры разума;Ozon;2160;86.4;4
2026-W34;Шёпот времени;WB;1950;78;5
2026-W34;Тихий сад;Litres;2094;83.76;6
2026-W34;Северный экспресс;Ozon;3143;125.72;7
2026-W34;Дом у маяка;WB;2392;95.68;8
2026-W34;Игры разума;Litres;4860;194.4;9
2026-W34;Шёпот времени;Ozon;3900;156;10
2026-W34;Тихий сад;WB;1396;55.84;4
2026-W34;Северный экспресс;Litres;2245;89.8;5
2026-W34;Дом у маяка;Ozon;1794;71.76;6
2026-W34;Игры разума;WB;3780;151.2;7
2026-W34;Шёпот времени;Litres;3120;124.8;8
2026-W34;Тихий сад;Ozon;3141;125.64;9
2026-W34;Северный экспресс;WB;4490;179.6;10
2026-W34;Дом у маяка;Litres;1196;47.84;4
2026-W34;Игры разума;Ozon;2700;108;5
2026-W34;Шёпот времени;WB;2340;93.6;6
2026-W34;Тихий сад;Litres;2443;97.72;7
2026-W34;Северный экспресс;Ozon;3592;143.68;8
2026-W34;Дом у маяка;WB;2691;107.64;9
2026-W34;Игры разума;Litres;5400;216;10
2026-W34;Шёпот времени;Ozon;1560;62.4;4
2026-W34;Тихий сад;WB;1745;69.8;5
2026-W34;Северный экспресс;Litres;2694;107.76;6
2026-W34;Дом у маяка;Ozon;2093;83.72;7
2026-W34;Игры разума;WB;4320;172.8;8
2026-W34;Шёпот времени;Litres;3510;140.4;9
2026-W34;Тихий сад;Ozon;3490;139.6;10
2026-W34;Северный экспресс;WB;1796;71.84;4
2026-W34;Дом у маяка;Litres;1495;59.8;5
2026-W34;Игры разума;Ozon;3240;129.6;6
2026-W34;Шёпот времени;WB;2730;109.2;7
2026-W34;Тихий сад;Litres;2792;111.68;8
2026-W34;Северный экспресс;Ozon;4041;161.64;9
2026-W34;Дом у маяка;WB;2990;119.6;10
2026-W34;Игры разума;Litres;2160;86.4;4
2026-W34;Шёпот времени;Ozon;1950;78;5
2026-W34;Тихий сад;WB;2094;83.76;6
2026-W34;Северный экспресс;Litres;3143;125.72;7
2026-W34;Дом у маяка;Ozon;2392;95.68;8
2026-W34;Игры разума;WB;4860;194.4;9
2026-W34;Шёпот времени;Litres;3900;156;10
2026-W34;Тихий сад;Ozon;1396;55.84;4
2026-W34;Северный экспресс;WB;2245;89.8;5
2026-W34;Дом у маяка;Litres;1794;71.76;6
2026-W34;Игры разума;Ozon;3780;151.2;7
2026-W34;Шёпот времени;WB;3120;124.8;8
2026-W34;Тихий сад;Litres;3141;125.64;9
2026-W34;Северный экспресс;Ozon;4490;179.6;10
2026-W34;Дом у маяка;WB;1196;47.84;4
2026-W34;Игры разума;Litres;2700;108;5
2026-W34;Шёпот времени;Ozon;2340;93.6;6
2026-W34;Тихий сад;WB;2443;97.72;7
2026-W34;Северный экспресс;Litres;3592;143.68;8
2026-W34;Дом у маяка;Ozon;2691;107.64;9
2026-W34;Игры разума;WB;5400;216;10
2026-W34;Шёпот времени;Litres;1560;62.4;4
2026-W34;Тихий сад;Ozon;1745;69.8;5
2026-W34;Северный экспресс;WB;2694;107.76;6
2026-W34;Дом у маяка;Litres;2093;83.72;7
2026-W34;Игры разума;Ozon;4320;172.8;8
2026-W34;Шёпот времени;WB;3510;140.4;9
2026-W34;Тихий сад;Litres;3490;139.6;10
2026-W34;Северный экспресс;Ozon;1796;71.84;4
2026-W34;Дом у маяка;WB;1495;59.8;5
2026-W34;Игры разума;Litres;3240;129.6;6
2026-W34;Шёпот времени;Ozon;2730;109.2;7
2026-W34;Тихий сад;WB;2792;111.68;8
2026-W34;Северный экспресс;Litres;4041;161.64;9
2026-W34;Дом у маяка;Ozon;2990;119.6;10
2026-W34;Игры разума;WB;2160;86.4;4
2026-W34;Шёпот времени;Litres;1950;78;5
2026-W34;Тихий сад;Ozon;2094;83.76;6
2026-W34;Северный экспресс;WB;3143;125.72;7
2026-W34;Дом у маяка;Litres;2392;95.68;8
2026-W34;Игры разума;Ozon;4860;194.4;9
2026-W34;Шёпот времени;WB;3900;156;10
2026-W34;Тихий сад;Litres;1396;55.84;4
2026-W34;Северный экспресс;Ozon;2245;89.8;5
2026-W34;Дом у маяка;WB;1794;71.76;6
2026-W34;Игры разума;Litres;3780;151.2;7
2026-W34;Шёпот времени;Ozon;3120;124.8;8
2026-W34;Тихий сад;WB;3141;125.64;9
2026-W34;Северный экспресс;Litres;4490;179.6;10
2026-W34;Дом у маяка;Ozon;1196;47.84;4
2026-W34;Игры разума;WB;2700;108;5
2026-W34;Шёпот времени;Litres;2340;93.6;6
2026-W34;Тихий сад;Ozon;2443;97.72;7
2026-W34;Северный экспресс;WB;3592;143.68;8
2026-W34;Дом у маяка;Litres;2691;107.64;9
2026-W34;Игры разума;Ozon;5400;216;10
2026-W34;Шёпот времени;WB;1560;62.4;4
2026-W34;Тихий сад;Litres;1745;69.8;5
2026-W34;Северный экспресс;Ozon;2694;107.76;6
2026-W34;Дом у маяка;WB;2093;83.72;7
2026-W34;Игры разума;Litres;4320;172.8;8
2026-W34;Шёпот времени;Ozon;3510;140.4;9
2026-W34;Тихий сад;WB;3490;139.6;10
2026-W34;Северный экспресс;Litres;1796;71.84;4
2026-W34;Дом у маяка;Ozon;1495;59.8;5
2026-W34;Игры разума;WB;3240;129.6;6
2026-W34;Шёпот времени;Litres;2730;109.2;7
2026-W34;Тихий сад;Ozon;2792;111.68;8
2026-W34;Северный экспресс;WB;4041;161.64;9
2026-W34;Дом у маяка;Litres;2990;119.6;10
2026-W34;Игры разума;Ozon;2160;86.4;4
2026-W34;Шёпот времени;WB;1950;78;5
2026-W34;Тихий сад;Litres;2094;83.76;6
2026-W34;Северный экспресс;Ozon;3143;125.72;7
2026-W34;Дом у маяка;WB;2392;95.68;8
2026-W34;Игры разума;Litres;4860;194.4;9
2026-W34;Шёпот времени;Ozon;3900;156;10
2026-W34;Тихий сад;WB;1396;55.84;4
2026-W34;Северный экспресс;Litres;2245;89.8;5
2026-W34;Дом у маяка;Ozon;1794;71.76;6
2026-W34;Игры разума;WB;3780;151.2;7
2026-W34;Шёпот времени;Litres;3120;124.8;8
2026-W34;Тихий сад;Ozon;3141;125.64;9
2026-W34;Северный экспресс;WB;4490;179.6;10
2026-W34;Дом у маяка;Litres;1196;47.84;4
2026-W34;Игры разума;Ozon;2700;108;5
2026-W34;Шёпот времени;WB;2340;93.6;6
2026-W34;Тихий сад;Litres;2443;97.72;7
2026-W34;Северный экспресс;Ozon;3592;143.68;8
2026-W34;Дом у маяка;WB;2691;107.64;9
2026-W34;Игры разума;Litres;5400;216;10
2026-W34;Шёпот времени;Ozon;1560;62.4;4
2026-W34;Тихий сад;WB;1745;69.8;5
2026-W34;Северный экспресс;Litres;2694;107.76;6
2026-W34;Дом у маяка;Ozon;2093;83.72;7
2026-W34;Игры разума;WB;4320;172.8;8
2026-W34;Шёпот времени;Litres;3510;140.4;9
2026-W34;Тихий сад;Ozon;3490;139.6;10
2026-W34;Северный экспресс;WB;1796;71.84;4
2026-W34;Дом у маяка;Litres;1495;59.8;5
2026-W34;Игры разума;Ozon;3240;129.6;6
2026-W34;Шёпот времени;WB;2730;109.2;7
2026-W34;Тихий сад;Litres;2792;111.68;8
2026-W34;Северный экспресс;Ozon;4041;161.64;9
2026-W34;Дом у маяка;WB;2990;119.6;10
2026-W34;Игры разума;Litres;2160;86.4;4
2026-W34;Шёпот времени;Ozon;1950;78;5
2026-W34;Тихий сад;WB;2094;83.76;6
2026-W34;Северный экспресс;Litres;3143;125.72;7
2026-W34;Дом у маяка;Ozon;2392;95.68;8
2026-W34;Игры разума;WB;4860;194.4;9
2026-W34;Шёпот времени;Litres;3900;156;10
2026-W34;Тихий сад;Ozon;1396;55.84;4
2026-W34;Северный экспресс;WB;2245;89.8;5
2026-W34;Дом у маяка;Litres;1794;71.76;6
2026-W34;Игры разума;Ozon;3780;151.2;7
2026-W34;Шёпот времени;WB;3120;124.8;8
2026-W34;Тихий сад;Litres;3141;125.64;9
2026-W34;Северный экспресс;Ozon;4490;179.6;10
2026-W34;Дом у маяка;WB;1196;47.84;4
2026-W34;Игры разума;Litres;2700;108;5
2026-W34;Шёпот времени;Ozon;2340;93.6;6
2026-W34;Тихий сад;WB;2443;97.72;7
2026-W34;Северный экспресс;Litres;3592;143.68;8
2026-W34;Дом у маяка;Ozon;2691;107.64;9
2026-W34;Игры разума;WB;5400;216;10
2026-W34;Шёпот времени;Litres;1560;62.4;4
2026-W34;Тихий сад;Ozon;1745;69.8;5
2026-W34;Северный экспресс;WB;2694;107.76;6
2026-W34;Дом у маяка;Litres;2093;83.72;7
2026-W34;Игры разума;Ozon;4320;172.8;8
2026-W34;Шёпот времени;WB;3510;140.4;9
2026-W34;Тихий сад;Litres;3490;139.6;10
2026-W34;Северный экспресс;Ozon;1796;71.84;4
2026-W34;Дом у маяка;WB;1495;59.8;5
2026-W34;Игры разума;Litres;3240;129.6;6
2026-W34;Шёпот времени;Ozon;2730;109.2;7
2026-W34;Тихий сад;WB;2792;111.68;8
2026-W34;Северный экспресс;Litres;4041;161.64;9
2026-W34;Дом у маяка;Ozon;2990;119.6;10
2026-W34;Игры разума;WB;2160;86.4;4
2026-W34;Шёпот времени;Litres;1950;78;5
2026-W34;Тихий сад;Ozon;2094;83.76;6
2026-W34;Северный экспресс;WB;3143;125.72;7
2026-W34;Дом у маяка;Litres;2392;95.68;8
2026-W34;Игры разума;Ozon;4860;194.4;9
2026-W34;Шёпот времени;WB;3900;156;10
2026-W34;Тихий сад;Litres;1396;55.84;4
2026-W34;Северный экспресс;Ozon;2245;89.8;5
2026-W34;Дом у маяка;WB;1794;71.76;6
2026-W34;Игры разума;Litres;3780;151.2;7
2026-W34;Шёпот времени;Ozon;3120;124.8;8
2026-W34;Тихий сад;WB;3141;125.64;9
2026-W34;Северный экспресс;Litres;4490;179.6;10
2026-W34;Дом у маяка;Ozon;1196;47.84;4
2026-W34;Игры разума;WB;2700;108;5
2026-W34;Шёпот времени;Litres;2340;93.6;6
2026-W34;Тихий сад;Ozon;2443;97.72;7
2026-W34;Северный экспресс;WB;3592;143.68;8
2026-W34;Дом у маяка;Litres;2691;107.64;9
2026-W34;Игры разума;Ozon;5400;216;10
2026-W34;Шёпот времени;WB;1560;62.4;4
2026-W34;Тихий сад;Litres;1745;69.8;5
2026-W34;Северный экспресс;Ozon;2694;107.76;6
2026-W34;Дом у маяка;WB;2093;83.72;7
2026-W34;Игры разума;Litres;4320;172.8;8
2026-W34;Шёпот времени;Ozon;3510;140.4;9
2026-W34;Тихий сад;WB;3490;139.6;10
2026-W34;Северный экспресс;Litres;1796;71.84;4
2026-W34;Дом у маяка;Ozon;1495;59.8;5
2026-W34;Игры разума;WB;3240;129.6;6
2026-W34;Шёпот времени;Litres;2730;109.2;7
2026-W34;Тихий сад;Ozon;2792;111.68;8
2026-W34;Северный экспресс;WB;4041;161.64;9
2026-W34;Дом у маяка;Litres;2990;119.6;10
2026-W34;Игры разума;Ozon;2160;86.4;4
2026-W34;Шёпот времени;WB;1950;78;5
2026-W34;Тихий сад;Litres;2094;83.76;6
2026-W34;Северный экспресс;Ozon;3143;125.72;7
2026-W34;Дом у маяка;WB;2392;95.68;8
2026-W34;Игры разума;Litres;4860;194.4;9
2026-W34;Шёпот времени;Ozon;3900;156;10
2026-W34;Тихий сад;WB;1396;55.84;4
2026-W34;Северный экспресс;Litres;2245;89.8;5
2026-W34;Дом у маяка;Ozon;1794;71.76;6
2026-W34;Игры разума;WB;3780;151.2;7
2026-W34;Шёпот времени;Litres;3120;124.8;8
2026-W34;Тихий сад;Ozon;3141;125.64;9
2026-W34;Северный экспресс;WB;4490;179.6;10
2026-W34;Дом у маяка;Litres;1196;47.84;4
2026-W34;Игры разума;Ozon;2700;108;5
2026-W34;Шёпот времени;WB;2340;93.6;6
2026-W34;Тихий сад;Litres;2443;97.72;7
2026-W34;Северный экспресс;Ozon;3592;143.68;8
2026-W34;Дом у маяка;WB;2691;107.64;9
2026-W34;Игры разума;Litres;5400;216;10
2026-W34;Шёпот времени;Ozon;1560;62.4;4
2026-W34;Тихий сад;WB;1745;69.8;5
2026-W34;Северный экспресс;Litres;2694;107.76;6
2026-W34;Дом у маяка;Ozon;2093;83.72;7
2026-W34;Игры разума;WB;4320;172.8;8
2026-W34;Шёпот времени;Litres;3510;140.4;9
2026-W34;Тихий сад;Ozon;3490;139.6;10
2026-W34;Северный экспресс;WB;1796;71.84;4
2026-W34;Дом у маяка;Litres;1495;59.8;5
2026-W34;Игры разума;Ozon;3240;129.6;6
2026-W34;Шёпот времени;WB;2730;109.2;7
2026-W34;Тихий сад;Litres;2792;111.68;8
2026-W34;Северный экспресс;Ozon;4041;161.64;9
2026-W34;Дом у маяка;WB;2990;119.6;10
2026-W34;Игры разума;Litres;2160;86.4;4
2026-W34;Шёпот времени;Ozon;1950;78;5
2026-W34;Тихий сад;WB;2094;83.76;6
2026-W34;Северный экспресс;Litres;3143;125.72;7
2026-W34;Дом у маяка;Ozon;2392;95.68;8
2026-W34;Игры разума;WB;4860;194.4;9
2026-W34;Шёпот времени;Litres;3900;156;10
2026-W34;Тихий сад;Ozon;1396;55.84;4
2026-W34;Северный экспресс;WB;2245;89.8;5
2026-W34;Дом у маяка;Litres;1794;71.76;6
2026-W34;Игры разума;Ozon;3780;151.2;7
2026-W34;Шёпот времени;WB;3120;124.8;8
2026-W34;Тихий сад;Litres;3141;125.64;9
2026-W34;Северный экспресс;Ozon;4490;179.6;10
2026-W34;Дом у маяка;WB;1196;47.84;4
2026-W34;Игры разума;Litres;2700;108;5
2026-W34;Шёпот времени;Ozon;2340;93.6;6
2026-W34;Тихий сад;WB;2443;97.72;7
2026-W34;Северный экспресс;Litres;3592;143.68;8
2026-W34;Дом у маяка;Ozon;2691;107.64;9
2026-W34;Игры разума;WB;5400;216;10
2026-W34;Шёпот времени;Litres;1560;62.4;4
2026-W34;Тихий сад;Ozon;1745;69.8;5
2026-W34;Северный экспресс;WB;2694;107.76;6
2026-W34;Дом у маяка;Litres;2093;83.72;7
2026-W34;Игры разума;Ozon;4320;172.8;8
2026-W34;Шёпот времени;WB;3510;140.4;9
2026-W34;Тихий сад;Litres;3490;139.6;10
2026-W34;Северный экспресс;Ozon;1796;71.84;4
2026-W34;Дом у маяка;WB;1495;59.8;5
2026-W34;Игры разума;Litres;3240;129.6;6
2026-W34;Шёпот времени;Ozon;2730;109.2;7
2026-W34;Тихий сад;WB;2792;111.68;8
2026-W34;Северный экспресс;Litres;4041;161.64;9
2026-W34;Дом у маяка;Ozon;2990;119.6;10
2026-W34;Игры разума;WB;2160;86.4;4
2026-W34;Шёпот времени;Litres;1950;78;5
2026-W34;Тихий сад;Ozon;2094;83.76;6
2026-W34;Северный экспресс;WB;3143;125.72;7
2026-W34;Дом у маяка;Litres;2392;95.68;8
2026-W34;Игры разума;Ozon;4860;194.4;9
2026-W34;Шёпот времени;WB;3900;156;10
2026-W34;Тихий сад;Litres;1396;55.84;4
2026-W34;Северный экспресс;Ozon;2245;89.8;5
2026-W34;Дом у маяка;WB;1794;71.76;6
2026-W34;Игры разума;Litres;3780;151.2;7
2026-W34;Шёпот времени;Ozon;3120;124.8;8
2026-W34;Тихий сад;WB;3141;125.64;9
2026-W34;Северный экспресс;Litres;4490;179.6;10
2026-W34;Дом у маяка;Ozon;1196;47.84;4
2026-W34;Игры разума;WB;2700;108;5
2026-W34;Шёпот времени;Litres;2340;93.6;6
2026-W34;Тихий сад;Ozon;2443;97.72;7
2026-W34;Северный экспресс;WB;3592;143.68;8
2026-W34;Дом у маяка;Litres;2691;107.64;9
2026-W34;Игры разума;Ozon;5400;216;10
2026-W34;Шёпот времени;WB;1560;62.4;4
2026-W34;Тихий сад;Litres;1745;69.8;5
2026-W34;Северный экспресс;Ozon;2694;107.76;6
2026-W34;Дом у маяка;WB;2093;83.72;7
2026-W34;Игры разума;Litres;4320;172.8;8
2026-W34;Шёпот времени;Ozon;3510;140.4;9
2026-W34;Тихий сад;WB;3490;139.6;10
2026-W34;Северный экспресс;Litres;1796;71.84;4
2026-W34;Дом у маяка;Ozon;1495;59.8;5
2026-W34;Игры разума;WB;3240;129.6;6
2026-W34;Шёпот времени;Litres;2730;109.2;7
2026-W34;Тихий сад;Ozon;2792;111.68;8
2026-W34;Северный экспресс;WB;4041;161.64;9
2026-W34;Дом у маяка;Litres;2990;119.6;10
2026-W34;Игры разума;Ozon;2160;86.4;4
2026-W34;Шёпот времени;WB;1950;78;5
2026-W34;Тихий сад;Litres;2094;83.76;6
2026-W34;Северный экспресс;Ozon;3143;125.72;7
2026-W34;Дом у маяка;WB;2392;95.68;8
2026-W34;Игры разума;Litres;4860;194.4;9
2026-W34;Шёпот времени;Ozon;3900;156;10
2026-W34;Тихий сад;WB;1396;55.84;4
2026-W34;Северный экспресс;Litres;2245;89.8;5
2026-W34;Дом у маяка;Ozon;1794;71.76;6
2026-W34;Игры разума;WB;3780;151.2;7
2026-W34;Шёпот времени;Litres;3120;124.8;8
2026-W34;Тихий сад;Ozon;3141;125.64;9
2026-W34;Северный экспресс;WB;4490;179.6;10
2026-W34;Дом у маяка;Litres;1196;47.84;4
2026-W34;Игры разума;Ozon;2700;108;5
2026-W34;Шёпот времени;WB;2340;93.6;6
2026-W34;Тихий сад;Litres;2443;97.72;7
2026-W34;Северный экспресс;Ozon;3592;143.68;8
2026-W34;Дом у маяка;WB;2691;107.64;9
2026-W34;Игры разума;Litres;5400;216;10
2026-W34;Шёпот времени;Ozon;1560;62.4;4
2026-W34;Тихий сад;WB;1745;69.8;5
2026-W34;Северный экспресс;Litres;2694;107.76;6
2026-W34;Дом у маяка;Ozon;2093;83.72;7
2026-W34;Игры разума;WB;4320;172.8;8
2026-W34;Шёпот времени;Litres;3510;140.4;9
2026-W34;Тихий сад;Ozon;3490;139.6;10
2026-W34;Северный экспресс;WB;1796;71.84;4
2026-W34;Дом у маяка;Litres;1495;59.8;5
2026-W34;Игры разума;Ozon;3240;129.6;6
2026-W34;Шёпот времени;WB;2730;109.2;7
2026-W34;Тихий сад;Litres;2792;111.68;8
2026-W34;Северный экспресс;Ozon;4041;161.64;9
2026-W34;Дом у маяка;WB;2990;119.6;10
2026-W34;Игры разума;Litres;2160;86.4;4
2026-W34;Шёпот времени;Ozon;1950;78;5
2026-W34;Тихий сад;WB;2094;83.76;6
2026-W34;Северный экспресс;Litres;3143;125.72;7
2026-W34;Дом у маяка;Ozon;2392;95.68;8
2026-W34;Игры разума;WB;4860;194.4;9
2026-W34;Шёпот времени;Litres;3900;156;10
2026-W34;Тихий сад;Ozon;1396;55.84;4
2026-W34;Северный экспресс;WB;2245;89.8;5
2026-W34;Дом у маяка;Litres;1794;71.76;6
2026-W34;Игры разума;Ozon;3780;151.2;7
2026-W34;Шёпот времени;WB;3120;124.8;8
2026-W34;Тихий сад;Litres;3141;125.64;9
2026-W34;Северный экспресс;Ozon;4490;179.6;10
2026-W34;Дом у маяка;WB;1196;47.84;4
2026-W34;Игры разума;Litres;2700;108;5
2026-W34;Шёпот времени;Ozon;2340;93.6;6
2026-W34;Тихий сад;WB;2443;97.72;7
2026-W34;Северный экспресс;Litres;3592;143.68;8
2026-W34;Дом у маяка;Ozon;2691;107.64;9
2026-W34;Игры разума;WB;5400;216;10
2026-W34;Шёпот времени;Litres;1560;62.4;4
2026-W34;Тихий сад;Ozon;1745;69.8;5
2026-W34;Северный экспресс;WB;2694;107.76;6
2026-W34;Дом у маяка;Litres;2093;83.72;7
2026-W34;Игры разума;Ozon;4320;172.8;8
2026-W34;Шёпот времени;WB;3510;140.4;9
2026-W34;Тихий сад;Litres;3490;139.6;10
2026-W34;Северный экспресс;Ozon;1796;71.84;4
2026-W34;Дом у маяка;WB;1495;59.8;5
2026-W34;Игры разума;Litres;3240;129.6;6
2026-W34;Шёпот времени;Ozon;2730;109.2;7
2026-W34;Тихий сад;WB;2792;111.68;8
2026-W34;Северный экспресс;Litres;4041;161.64;9
2026-W34;Дом у маяка;Ozon;2990;119.6;10
2026-W34;Игры разума;WB;2160;86.4;4
2026-W34;Шёпот времени;Litres;1950;78;5
2026-W34;Тихий сад;Ozon;2094;83.76;6
2026-W34;Северный экспресс;WB;3143;125.72;7
2026-W34;Дом у маяка;Litres;2392;95.68;8
2026-W34;Игры разума;Ozon;4860;194.4;9
2026-W34;Шёпот времени;WB;3900;156;10
2026-W34;Тихий сад;Litres;1396;55.84;4
2026-W34;Северный экспресс;Ozon;2245;89.8;5
2026-W34;Дом у маяка;WB;1794;71.76;6
2026-W34;Игры разума;Litres;3780;151.2;7
2026-W34;Шёпот времени;Ozon;3120;124.8;8
2026-W34;Тихий сад;WB;3141;125.64;9
2026-W34;Северный экспресс;Litres;4490;179.6;10
2026-W34;Дом у маяка;Ozon;1196;47.84;4
2026-W34;Игры разума;WB;2700;108;5
2026-W34;Шёпот времени;Litres;2340;93.6;6
2026-W34;Тихий сад;Ozon;2443;97.72;7
2026-W34;Северный экспресс;WB;3592;143.68;8
2026-W34;Дом у маяка;Litres;2691;107.64;9
2026-W34;Игры разума;Ozon;5400;216;10
2026-W34;Шёпот времени;WB;1560;62.4;4
2026-W34;Тихий сад;Litres;1745;69.8;5
2026-W34;Северный экспресс;Ozon;2694;107.76;6
2026-W34;Дом у маяка;WB;2093;83.72;7
2026-W34;Игры разума;Litres;4320;172.8;8
2026-W34;Шёпот времени;Ozon;3510;140.4;9
2026-W34;Тихий сад;WB;3490;139.6;10
2026-W34;Северный экспресс;Litres;1796;71.84;4
2026-W34;Дом у маяка;Ozon;1495;59.8;5
2026-W34;Игры разума;WB;3240;129.6;6
2026-W34;Шёпот времени;Litres;2730;109.2;7
2026-W34;Тихий сад;Ozon;2792;111.68;8
2026-W34;Северный экспресс;WB;4041;161.64;9
2026-W34;Дом у маяка;Litres;2990;119.6;10
2026-W34;Игры разума;Ozon;2160;86.4;4
2026-W34;Шёпот времени;WB;1950;78;5
2026-W34;Тихий сад;Litres;2094;83.76;6
2026-W34;Северный экспресс;Ozon;3143;125.72;7
2026-W34;Дом у маяка;WB;2392;95.68;8
2026-W34;Игры разума;Litres;4860;194.4;9
2026-W34;Шёпот времени;Ozon;3900;156;10
2026-W34;Тихий сад;WB;1396;55.84;4
2026-W34;Северный экспресс;Litres;2245;89.8;5
2026-W34;Дом у маяка;Ozon;1794;71.76;6
2026-W34;Игры разума;WB;3780;151.2;7
2026-W34;Шёпот времени;Litres;3120;124.8;8
2026-W34;Тихий сад;Ozon;3141;125.64;9
2026-W34;Северный экспресс;WB;4490;179.6;10
2026-W34;Дом у маяка;Litres;1196;47.84;4
2026-W34;Игры разума;Ozon;2700;108;5
2026-W34;Шёпот времени;WB;2340;93.6;6
2026-W34;Тихий сад;Litres;2443;97.72;7
2026-W34;Северный экспресс;Ozon;3592;143.68;8
2026-W34;Дом у маяка;WB;2691;107.64;9
2026-W34;Игры разума;Litres;5400;216;10
2026-W34;Шёпот времени;Ozon;1560;62.4;4
2026-W34;Тихий сад;WB;1745;69.8;5
2026-W34;Северный экспресс;Litres;2694;107.76;6
2026-W34;Дом у маяка;Ozon;2093;83.72;7
2026-W34;Игры разума;WB;4320;172.8;8
2026-W34;Шёпот времени;Litres;3510;140.4;9
2026-W34;Тихий сад;Ozon;3490;139.6;10
2026-W34;Северный экспресс;WB;1796;71.84;4
2026-W34;Дом у маяка;Litres;1495;59.8;5
2026-W34;Игры разума;Ozon;3240;129.6;6
2026-W34;Шёпот времени;WB;2730;109.2;7
2026-W34;Тихий сад;Litres;2792;111.68;8
2026-W34;Северный экспресс;Ozon;4041;161.64;9
2026-W34;Дом у маяка;WB;2990;119.6;10
2026-W34;Игры разума;Litres;2160;86.4;4
2026-W34;Шёпот времени;Ozon;1950;78;5
2026-W34;Тихий сад;WB;2094;83.76;6
2026-W34;Северный экспресс;Litres;3143;125.72;7
2026-W34;Дом у маяка;Ozon;2392;95.68;8
2026-W34;Игры разума;WB;4860;194.4;9
2026-W34;Шёпот времени;Litres;3900;156;10
2026-W34;Тихий сад;Ozon;1396;55.84;4
2026-W34;Северный экспресс;WB;2245;89.8;5
2026-W34;Дом у маяка;Litres;1794;71.76;6
2026-W34;Игры разума;Ozon;3780;151.2;7
2026-W34;Шёпот времени;WB;3120;124.8;8
2026-W34;Тихий сад;Litres;3141;125.64;9
2026-W34;Северный экспресс;Ozon;4490;179.6;10
2026-W34;Дом у маяка;WB;1196;47.84;4
2026-W34;Игры разума;Litres;2700;108;5
2026-W34;Шёпот времени;Ozon;2340;93.6;6
2026-W34;Тихий сад;WB;2443;97.72;7
2026-W34;Северный экспресс;Litres;3592;143.68;8
2026-W34;Дом у маяка;Ozon;2691;107.64;9
2026-W34;Игры разума;WB;5400;216;10
2026-W34;Шёпот времени;Litres;1560;62.4;4
2026-W34;Тихий сад;Ozon;1745;69.8;5
2026-W34;Северный экспресс;WB;2694;107.76;6
2026-W34;Дом у маяка;Litres;2093;83.72;7
2026-W34;Игры разума;Ozon;4320;172.8;8
2026-W34;Шёпот времени;WB;3510;140.4;9
2026-W34;Тихий сад;Litres;3490;139.6;10
2026-W34;Северный экспресс;Ozon;1796;71.84;4
2026-W34;Дом у маяка;WB;1495;59.8;5
2026-W34;Игры разума;Litres;3240;129.6;6
2026-W34;Шёпот времени;Ozon;2730;109.2;7
2026-W34;Тихий сад;WB;2792;111.68;8
2026-W34;Северный экспресс;Litres;4041;161.64;9
2026-W34;Дом у маяка;Ozon;2990;119.6;10
2026-W34;Игры разума;WB;2160;86.4;4
2026-W34;Шёпот времени;Litres;1950;78;5
2026-W34;Тихий сад;Ozon;2094;83.76;6
2026-W34;Северный экспресс;WB;3143;125.72;7
2026-W34;Дом у маяка;Litres;2392;95.68;8
2026-W34;Игры разума;Ozon;4860;194.4;9
2026-W34;Шёпот времени;WB;3900;156;10
2026-W34;Тихий сад;Litres;1396;55.84;4
2026-W34;Северный экспресс;Ozon;2245;89.8;5
2026-W34;Дом у маяка;WB;1794;71.76;6
2026-W34;Игры разума;Litres;3780;151.2;7
2026-W34;Шёпот времени;Ozon;3120;124.8;8
2026-W34;Тихий сад;WB;3141;125.64;9
2026-W34;Северный экспресс;Litres;4490;179.6;10
2026-W34;Дом у маяка;Ozon;1196;47.84;4
2026-W34;Игры разума;WB;2700;108;5
2026-W34;Шёпот времени;Litres;2340;93.6;6
2026-W34;Тихий сад;Ozon;2443;97.72;7
2026-W34;Северный экспресс;WB;3592;143.68;8
2026-W34;Дом у маяка;Litres;2691;107.64;9
2026-W34;Игры разума;Ozon;5400;216;10
2026-W34;Шёпот времени;WB;1560;62.4;4
2026-W34;Тихий сад;Litres;1745;69.8;5
2026-W34;Северный экспресс;Ozon;2694;107.76;6
2026-W34;Дом у маяка;WB;2093;83.72;7
2026-W34;Игры разума;Litres;4320;172.8;8
2026-W34;Шёпот времени;Ozon;3510;140.4;9
2026-W34;Тихий сад;WB;3490;139.6;10
2026-W34;Северный экспресс;Litres;1796;71.84;4
2026-W34;Дом у маяка;Ozon;1495;59.8;5
2026-W34;Игры разума;WB;3240;129.6;6
2026-W34;Шёпот времени;Litres;2730;109.2;7
2026-W34;Тихий сад;Ozon;2792;111.68;8
2026-W34;Северный экспресс;WB;4041;161.64;9
2026-W34;Дом у маяка;Litres;2990;119.6;10
2026-W34;Игры разума;Ozon;2160;86.4;4
2026-W34;Шёпот времени;WB;1950;78;5
2026-W34;Тихий сад;Litres;2094;83.76;6
2026-W34;Северный экспресс;Ozon;3143;125.72;7
2026-W34;Дом у маяка;WB;2392;95.68;8
2026-W34;Игры разума;Litres;4860;194.4;9
2026-W34;Шёпот времени;Ozon;3900;156;10
2026-W34;Тихий сад;WB;1396;55.84;4
2026-W34;Северный экспресс;Litres;2245;89.8;5
2026-W34;Дом у маяка;Ozon;1794;71.76;6
2026-W34;Игры разума;WB;3780;151.2;7
2026-W34;Шёпот времени;Litres;3120;124.8;8
2026-W34;Тихий сад;Ozon;3141;125.64;9
2026-W34;Северный экспресс;WB;4490;179.6;10
2026-W34;Дом у маяка;Litres;1196;47.84;4
2026-W34;Игры разума;Ozon;2700;108;5
2026-W34;Шёпот времени;WB;2340;93.6;6
2026-W34;Тихий сад;Litres;2443;97.72;7
2026-W34;Северный экспресс;Ozon;3592;143.68;8
2026-W34;Дом у маяка;WB;2691;107.64;9
2026-W34;Игры разума;Litres;5400;216;10
2026-W34;Шёпот времени;Ozon;1560;62.4;4
2026-W34;Тихий сад;WB;1745;69.8;5
2026-W34;Северный экспресс;Litres;2694;107.76;6
2026-W34;Дом у маяка;Ozon;2093;83.72;7
2026-W34;Игры разума;WB;4320;172.8;8
2026-W34;Шёпот времени;Litres;3510;140.4;9
2026-W34;Тихий сад;Ozon;3490;139.6;10
2026-W34;Северный экспресс;WB;1796;71.84;4
2026-W34;Дом у маяка;Litres;1495;59.8;5
2026-W34;Игры разума;Ozon;3240;129.6;6
2026-W34;Шёпот времени;WB;2730;109.2;7
2026-W34;Тихий сад;Litres;2792;111.68;8
2026-W34;Северный экспресс;Ozon;4041;161.64;9
2026-W34;Дом у маяка;WB;2990;119.6;10
2026-W34;Игры разума;Litres;2160;86.4;4
2026-W34;Шёпот времени;Ozon;1950;78;5
2026-W34;Тихий сад;WB;2094;83.76;6
2026-W34;Северный экспресс;Litres;3143;125.72;7
2026-W34;Дом у маяка;Ozon;2392;95.68;8
2026-W34;Игры разума;WB;4860;194.4;9
2026-W34;Шёпот времени;Litres;3900;156;10
2026-W34;Тихий сад;Ozon;1396;55.84;4
2026-W34;Северный экспресс;WB;2245;89.8;5
2026-W34;Дом у маяка;Litres;1794;71.76;6
2026-W34;Игры разума;Ozon;3780;151.2;7
2026-W34;Шёпот времени;WB;3120;124.8;8
2026-W34;Тихий сад;Litres;3141;125.64;9
2026-W34;Северный экспресс;Ozon;4490;179.6;10
2026-W34;Дом у маяка;WB;1196;47.84;4
2026-W34;Игры разума;Litres;2700;108;5
2026-W34;Шёпот времени;Ozon;2340;93.6;6
2026-W34;Тихий сад;WB;2443;97.72;7
2026-W34;Северный экспресс;Litres;3592;143.68;8
2026-W34;Дом у маяка;Ozon;2691;107.64;9
2026-W34;Игры разума;WB;5400;216;10
2026-W34;Шёпот времени;Litres;1560;62.4;4
2026-W34;Тихий сад;Ozon;1745;69.8;5
2026-W34;Северный экспресс;WB;2694;107.76;6
2026-W34;Дом у маяка;Litres;2093;83.72;7
2026-W34;Игры разума;Ozon;4320;172.8;8
2026-W34;Шёпот времени;WB;3510;140.4;9
2026-W34;Тихий сад;Litres;3490;139.6;10
2026-W34;Северный экспресс;Ozon;1796;71.84;4
2026-W34;Дом у маяка;WB;1495;59.8;5
2026-W34;Игры разума;Litres;3240;129.6;6
2026-W34;Шёпот времени;Ozon;2730;109.2;7
2026-W34;Тихий сад;WB;2792;111.68;8
2026-W34;Северный экспресс;Litres;4041;161.64;9
2026-W34;Дом у маяка;Ozon;2990;119.6;10
2026-W34;Игры разума;WB;2160;86.4;4
2026-W34;Шёпот времени;Litres;1950;78;5
2026-W34;Тихий сад;Ozon;2094;83.76;6
2026-W34;Северный экспресс;WB;3143;125.72;7
2026-W34;Дом у маяка;Litres;2392;95.68;8
2026-W34;Игры разума;Ozon;4860;194.4;9
2026-W34;Шёпот времени;WB;3900;156;10
2026-W34;Тихий сад;Litres;1396;55.84;4
2026-W34;Северный экспресс;Ozon;2245;89.8;5
2026-W34;Дом у маяка;WB;1794;71.76;6
2026-W34;Игры разума;Litres;3780;151.2;7
2026-W34;Шёпот времени;Ozon;3120;124.8;8
2026-W34;Тихий сад;WB;3141;125.64;9
2026-W34;Северный экспресс;Litres;4490;179.6;10
2026-W34;Дом у маяка;Ozon;1196;47.84;4
2026-W34;Игры разума;WB;2700;108;5
2026-W34;Шёпот времени;Litres;2340;93.6;6
2026-W34;Тихий сад;Ozon;2443;97.72;7
2026-W34;Северный экспресс;WB;3592;143.68;8
2026-W34;Дом у маяка;Litres;2691;107.64;9
2026-W34;Игры разума;Ozon;5400;216;10
2026-W34;Шёпот времени;WB;1560;62.4;4
2026-W34;Тихий сад;Litres;1745;69.8;5
2026-W34;Северный экспресс;Ozon;2694;107.76;6
2026-W34;Дом у маяка;WB;2093;83.72;7
2026-W34;Игры разума;Litres;4320;172.8;8
2026-W34;Шёпот времени;Ozon;3510;140.4;9
2026-W34;Тихий сад;WB;3490;139.6;10
2026-W34;Северный экспресс;Litres;1796;71.84;4
2026-W34;Дом у маяка;Ozon;1495;59.8;5
2026-W34;Игры разума;WB;3240;129.6;6
2026-W34;Шёпот времени;Litres;2730;109.2;7
2026-W34;Тихий сад;Ozon;2792;111.68;8
2026-W34;Северный экспресс;WB;4041;161.64;9
2026-W34;Дом у маяка;Litres;2990;119.6;10
2026-W34;Игры разума;Ozon;2160;86.4;4
2026-W34;Шёпот времени;WB;1950;78;5
2026-W34;Тихий сад;Litres;2094;83.76;6
2026-W34;Северный экспресс;Ozon;3143;125.72;7
2026-W34;Дом у маяка;WB;2392;95.68;8
2026-W34;Игры разума;Litres;4860;194.4;9
2026-W34;Шёпот времени;Ozon;3900;156;10
2026-W34;Тихий сад;WB;1396;55.84;4
2026-W34;Северный экспресс;Litres;2245;89.8;5
2026-W34;Дом у маяка;Ozon;1794;71.76;6
2026-W34;Игры разума;WB;3780;151.2;7
2026-W34;Шёпот времени;Litres;3120;124.8;8
2026-W34;Тихий сад;Ozon;3141;125.64;9
2026-W34;Северный экспресс;WB;4490;179.6;10
2026-W34;Дом у маяка;Litres;1196;47.84;4
2026-W34;Игры разума;Ozon;2700;108;5
2026-W34;Шёпот времени;WB;2340;93.6;6
2026-W34;Тихий сад;Litres;2443;97.72;7
2026-W34;Северный экспресс;Ozon;3592;143.68;8
2026-W34;Дом у маяка;WB;2691;107.64;9
2026-W34;Игры разума;Litres;5400;216;10
2026-W34;Шёпот времени;Ozon;1560;62.4;4
2026-W34;Тихий сад;WB;1745;69.8;5
2026-W34;Северный экспресс;Litres;2694;107.76;6
2026-W34;Дом у маяка;Ozon;2093;83.72;7
2026-W34;Игры разума;WB;4320;172.8;8
2026-W34;Шёпот времени;Litres;3510;140.4;9
2026-W34;Тихий сад;Ozon;3490;139.6;10
2026-W34;Северный экспресс;WB;1796;71.84;4
2026-W34;Дом у маяка;Litres;1495;59.8;5
2026-W34;Игры разума;Ozon;3240;129.6;6
2026-W34;Шёпот времени;WB;2730;109.2;7
2026-W34;Тихий сад;Litres;2792;111.68;8
2026-W34;Северный экспресс;Ozon;4041;161.64;9
2026-W34;Дом у маяка;WB;2990;119.6;10
2026-W34;Игры разума;Litres;2160;86.4;4
2026-W34;Шёпот времени;Ozon;1950;78;5
2026-W34;Тихий сад;WB;2094;83.76;6
2026-W34;Северный экспресс;Litres;3143;125.72;7
2026-W34;Дом у маяка;Ozon;2392;95.68;8
2026-W34;Игры разума;WB;4860;194.4;9
2026-W34;Шёпот времени;Litres;3900;156;10
2026-W34;Тихий сад;Ozon;1396;55.84;4
2026-W34;Северный экспресс;WB;2245;89.8;5
2026-W34;Дом у маяка;Litres;1794;71.76;6
2026-W34;Игры разума;Ozon;3780;151.2;7
2026-W34;Шёпот времени;WB;3120;124.8;8
2026-W34;Тихий сад;Litres;3141;125.64;9
2026-W34;Северный экспресс;Ozon;4490;179.6;10
2026-W34;Дом у маяка;WB;1196;47.84;4
2026-W34;Игры разума;Litres;2700;108;5
2026-W34;Шёпот времени;Ozon;2340;93.6;6
2026-W34;Тихий сад;WB;2443;97.72;7
2026-W34;Северный экспресс;Litres;3592;143.68;8
2026-W34;Дом у маяка;Ozon;2691;107.64;9
2026-W34;Игры разума;WB;5400;216;10
2026-W34;Шёпот времени;Litres;1560;62.4;4
2026-W34;Тихий сад;Ozon;1745;69.8;5
2026-W34;Северный экспресс;WB;2694;107.76;6
2026-W34;Дом у маяка;Litres;2093;83.72;7
2026-W34;Игры разума;Ozon;4320;172.8;8
2026-W34;Шёпот времени;WB;3510;140.4;9
2026-W34;Тихий сад;Litres;3490;139.6;10
2026-W34;Северный экспресс;Ozon;1796;71.84;4
2026-W34;Дом у маяка;WB;1495;59.8;5
2026-W34;Игры разума;Litres;3240;129.6;6
2026-W34;Шёпот времени;Ozon;2730;109.2;7
2026-W34;Тихий сад;WB;2792;111.68;8
2026-W34;Северный экспресс;Litres;4041;161.64;9
2026-W34;Дом у маяка;Ozon;2990;119.6;10
2026-W34;Игры разума;WB;2160;86.4;4
2026-W34;Шёпот времени;Litres;1950;78;5
2026-W34;Тихий сад;Ozon;2094;83.76;6
2026-W34;Северный экспресс;WB;3143;125.72;7
2026-W34;Дом у маяка;Litres;2392;95.68;8
2026-W34;Игры разума;Ozon;4860;194.4;9
2026-W34;Шёпот времени;WB;3900;156;10
2026-W34;Тихий сад;Litres;1396;55.84;4
2026-W34;Северный экспресс;Ozon;2245;89.8;5
2026-W34;Дом у маяка;WB;1794;71.76;6
2026-W34;Игры разума;Litres;3780;151.2;7
2026-W34;Шёпот времени;Ozon;3120;124.8;8
2026-W34;Тихий сад;WB;3141;125.64;9
2026-W34;Северный экспресс;Litres;4490;179.6;10
2026-W34;Дом у маяка;Ozon;1196;47.84;4
2026-W34;Игры разума;WB;2700;108;5
2026-W34;Шёпот времени;Litres;2340;93.6;6
2026-W34;Тихий сад;Ozon;2443;97.72;7
2026-W34;Северный экспресс;WB;3592;143.68;8
2026-W34;Дом у маяка;Litres;2691;107.64;9
2026-W34;Игры разума;Ozon;5400;216;10
2026-W34;Шёпот времени;WB;1560;62.4;4
2026-W34;Тихий сад;Litres;1745;69.8;5
2026-W34;Северный экспресс;Ozon;2694;107.76;6
2026-W34;Дом у маяка;WB;2093;83.72;7
2026-W34;Игры разума;Litres;4320;172.8;8
2026-W34;Шёпот времени;Ozon;3510;140.4;9
2026-W34;Тихий сад;WB;3490;139.6;10
2026-W34;Северный экспресс;Litres;1796;71.84;4
2026-W34;Дом у маяка;Ozon;1495;59.8;5
2026-W34;Игры разума;WB;3240;129.6;6
2026-W34;Шёпот времени;Litres;2730;109.2;7
2026-W34;Тихий сад;Ozon;2792;111.68;8
2026-W34;Северный экспресс;WB;4041;161.64;9
2026-W34;Дом у маяка;Litres;2990;119.6;10
2026-W34;Игры разума;Ozon;2160;86.4;4
2026-W34;Шёпот времени;WB;1950;78;5
2026-W34;Тихий сад;Litres;2094;83.76;6
2026-W34;Северный экспресс;Ozon;3143;125.72;7
2026-W34;Дом у маяка;WB;2392;95.68;8
2026-W34;Игры разума;Litres;4860;194.4;9
2026-W34;Шёпот времени;Ozon;3900;156;10
2026-W34;Тихий сад;WB;1396;55.84;4
2026-W34;Северный экспресс;Litres;2245;89.8;5
2026-W34;Дом у маяка;Ozon;1794;71.76;6
2026-W34;Игры разума;WB;3780;151.2;7
2026-W34;Шёпот времени;Litres;3120;124.8;8
2026-W34;Тихий сад;Ozon;3141;125.64;9
2026-W34;Северный экспресс;WB;4490;179.6;10
2026-W34;Дом у маяка;Litres;1196;47.84;4
2026-W34;Игры разума;Ozon;2700;108;5
2026-W34;Шёпот времени;WB;2340;93.6;6
2026-W34;Тихий сад;Litres;2443;97.72;7
2026-W34;Северный экспресс;Ozon;3592;143.68;8
2026-W34;Дом у маяка;WB;2691;107.64;9
2026-W34;Игры разума;Litres;5400;216;10
2026-W34;Шёпот времени;Ozon;1560;62.4;4
2026-W34;Тихий сад;WB;1745;69.8;5
2026-W34;Северный экспресс;Litres;2694;107.76;6
2026-W34;Дом у маяка;Ozon;2093;83.72;7
2026-W34;Игры разума;WB;4320;172.8;8
2026-W34;Шёпот времени;Litres;3510;140.4;9
2026-W34;Тихий сад;Ozon;3490;139.6;10
2026-W34;Северный экспресс;WB;1796;71.84;4
2026-W34;Дом у маяка;Litres;1495;59.8;5
2026-W34;Игры разума;Ozon;3240;129.6;6
2026-W34;Шёпот времени;WB;2730;109.2;7
2026-W34;Тихий сад;Litres;2792;111.68;8
2026-W34;Северный экспресс;Ozon;4041;161.64;9
2026-W34;Дом у маяка;WB;2990;119.6;10
2026-W34;Игры разума;Litres;2160;86.4;4
2026-W34;Шёпот времени;Ozon;1950;78;5
2026-W34;Тихий сад;WB;2094;83.76;6
2026-W34;Северный экспресс;Litres;3143;125.72;7
2026-W34;Дом у маяка;Ozon;2392;95.68;8
2026-W34;Игры разума;WB;4860;194.4;9
2026-W34;Шёпот времени;Litres;3900;156;10
2026-W34;Тихий сад;Ozon;1396;55.84;4
2026-W34;Северный экспресс;WB;2245;89.8;5
2026-W34;Дом у маяка;Litres;1794;71.76;6
2026-W34;Игры разума;Ozon;3780;151.2;7
2026-W34;Шёпот времени;WB;3120;124.8;8
2026-W34;Тихий сад;Litres;3141;125.64;9
2026-W34;Северный экспресс;Ozon;4490;179.6;10
2026-W34;Дом у маяка;WB;1196;47.84;4
2026-W34;Игры разума;Litres;2700;108;5
2026-W34;Шёпот времени;Ozon;2340;93.6;6
2026-W34;Тихий сад;WB;2443;97.72;7
2026-W34;Северный экспресс;Litres;3592;143.68;8
2026-W34;Дом у маяка;Ozon;2691;107.64;9
2026-W34;Игры разума;WB;5400;216;10
2026-W34;Шёпот времени;Litres;1560;62.4;4
2026-W34;Тихий сад;Ozon;1745;69.8;5
2026-W34;Северный экспресс;WB;2694;107.76;6
2026-W34;Дом у маяка;Litres;2093;83.72;7
2026-W34;Игры разума;Ozon;4320;172.8;8
2026-W34;Шёпот времени;WB;3510;140.4;9
2026-W34;Тихий сад;Litres;3490;139.6;10
2026-W34;Северный экспресс;Ozon;1796;71.84;4
2026-W34;Дом у маяка;WB;1495;59.8;5
2026-W34;Игры разума;Litres;3240;129.6;6
2026-W34;Шёпот времени;Ozon;2730;109.2;7
2026-W34;Тихий сад;WB;2792;111.68;8
2026-W34;Северный экспресс;Litres;4041;161.64;9
2026-W34;Дом у маяка;Ozon;2990;119.6;10
2026-W34;Игры разума;WB;2160;86.4;4
2026-W34;Шёпот времени;Litres;1950;78;5
2026-W34;Тихий сад;Ozon;2094;83.76;6
2026-W34;Северный экспресс;WB;3143;125.72;7
2026-W34;Дом у маяка;Litres;2392;95.68;8
2026-W34;Игры разума;Ozon;4860;194.4;9
2026-W34;Шёпот времени;WB;3900;156;10
2026-W34;Тихий сад;Litres;1396;55.84;4
2026-W34;Северный экспресс;Ozon;2245;89.8;5
2026-W34;Дом у маяка;WB;1794;71.76;6
2026-W34;Игры разума;Litres;3780;151.2;7
2026-W34;Шёпот времени;Ozon;3120;124.8;8
2026-W34;Тихий сад;WB;3141;125.64;9
2026-W34;Северный экспресс;Litres;4490;179.6;10
2026-W34;Дом у маяка;Ozon;1196;47.84;4
2026-W34;Игры разума;WB;2700;108;5
2026-W34;Шёпот времени;Litres;2340;93.6;6
2026-W34;Тихий сад;Ozon;2443;97.72;7
2026-W34;Северный экспресс;WB;3592;143.68;8
2026-W34;Дом у маяка;Litres;2691;107.64;9
2026-W34;Игры разума;Ozon;5400;216;10
2026-W34;Шёпот времени;WB;1560;62.4;4
2026-W34;Тихий сад;Litres;1745;69.8;5
2026-W34;Северный экспресс;Ozon;2694;107.76;6
2026-W34;Дом у маяка;WB;2093;83.72;7
2026-W34;Игры разума;Litres;4320;172.8;8
2026-W34;Шёпот времени;Ozon;3510;140.4;9
2026-W34;Тихий сад;WB;3490;139.6;10
2026-W34;Северный экспресс;Litres;1796;71.84;4
2026-W34;Дом у маяка;Ozon;1495;59.8;5
2026-W34;Игры разума;WB;3240;129.6;6
2026-W34;Шёпот времени;Litres;2730;109.2;7
2026-W34;Тихий сад;Ozon;2792;111.68;8
2026-W34;Северный экспресс;WB;4041;161.64;9
2026-W34;Дом у маяка;Litres;2990;119.6;10
2026-W34;Игры разума;Ozon;2160;86.4;4
2026-W34;Шёпот времени;WB;1950;78;5
2026-W34;Тихий сад;Litres;2094;83.76;6
2026-W34;Северный экспресс;Ozon;3143;125.72;7
2026-W34;Дом у маяка;WB;2392;95.68;8
2026-W34;Игры разума;Litres;4860;194.4;9
2026-W34;Шёпот времени;Ozon;3900;156;10
2026-W34;Тихий сад;WB;1396;55.84;4
2026-W34;Северный экспресс;Litres;2245;89.8;5
2026-W34;Дом у маяка;Ozon;1794;71.76;6
2026-W34;Игры разума;WB;3780;151.2;7
2026-W34;Шёпот времени;Litres;3120;124.8;8
2026-W34;Тихий сад;Ozon;3141;125.64;9
2026-W34;Северный экспресс;WB;4490;179.6;10
2026-W34;Дом у маяка;Litres;1196;47.84;4
2026-W34;Игры разума;Ozon;2700;108;5
2026-W34;Шёпот времени;WB;2340;93.6;6
2026-W34;Тихий сад;Litres;2443;97.72;7
2026-W34;Северный экспресс;Ozon;3592;143.68;8
2026-W34;Дом у маяка;WB;2691;107.64;9
2026-W34;Игры разума;Litres;5400;216;10
2026-W34;Шёпот времени;Ozon;1560;62.4;4
2026-W34;Тихий сад;WB;1745;69.8;5
2026-W34;Северный экспресс;Litres;2694;107.76;6
2026-W34;Дом у маяка;Ozon;2093;83.72;7
2026-W34;Игры разума;WB;4320;172.8;8
2026-W34;Шёпот времени;Litres;3510;140.4;9
2026-W34;Тихий сад;Ozon;3490;139.6;10
2026-W34;Северный экспресс;WB;1796;71.84;4
2026-W34;Дом у маяка;Litres;1495;59.8;5
2026-W34;Игры разума;Ozon;3240;129.6;6
2026-W34;Шёпот времени;WB;2730;109.2;7
2026-W34;Тихий сад;Litres;2792;111.68;8
2026-W34;Северный экспресс;Ozon;4041;161.64;9
2026-W34;Дом у маяка;WB;2990;119.6;10
2026-W34;Игры разума;Litres;2160;86.4;4
2026-W34;Шёпот времени;Ozon;1950;78;5
2026-W34;Тихий сад;WB;2094;83.76;6
2026-W34;Северный экспресс;Litres;3143;125.72;7
2026-W34;Дом у маяка;Ozon;2392;95.68;8
2026-W34;Игры разума;WB;4860;194.4;9
2026-W34;Шёпот времени;Litres;3900;156;10
2026-W34;Тихий сад;Ozon;1396;55.84;4
2026-W34;Северный экспресс;WB;2245;89.8;5
2026-W34;Дом у маяка;Litres;1794;71.76;6
2026-W34;Игры разума;Ozon;3780;151.2;7
2026-W34;Шёпот времени;WB;3120;124.8;8
2026-W34;Тихий сад;Litres;3141;125.64;9
2026-W34;Северный экспресс;Ozon;4490;179.6;10
2026-W34;Дом у маяка;WB;1196;47.84;4
2026-W34;Игры разума;Litres;2700;108;5
2026-W34;Шёпот времени;Ozon;2340;93.6;6
2026-W34;Тихий сад;WB;2443;97.72;7
2026-W34;Северный экспресс;Litres;3592;143.68;8
2026-W34;Дом у маяка;Ozon;2691;107.64;9
2026-W34;Игры разума;WB;5400;216;10
2026-W34;Шёпот времени;Litres;1560;62.4;4
2026-W34;Тихий сад;Ozon;1745;69.8;5
2026-W34;Северный экспресс;WB;2694;107.76;6
2026-W34;Дом у маяка;Litres;2093;83.72;7
2026-W34;Игры разума;Ozon;4320;172.8;8
2026-W34;Шёпот времени;WB;3510;140.4;9
2026-W34;Тихий сад;Litres;3490;139.6;10
2026-W34;Северный экспресс;Ozon;1796;71.84;4
2026-W34;Дом у маяка;WB;1495;59.8;5
2026-W34;Игры разума;Litres;3240;129.6;6
2026-W34;Шёпот времени;Ozon;2730;109.2;7
2026-W34;Тихий сад;WB;2792;111.68;8
2026-W34;Северный экспресс;Litres;4041;161.64;9
2026-W34;Дом у маяка;Ozon;2990;119.6;10
2026-W34;Игры разума;WB;2160;86.4;4
2026-W34;Шёпот времени;Litres;1950;78;5
2026-W34;Тихий сад;Ozon;2094;83.76;6
2026-W34;Северный экспресс;WB;3143;125.72;7
2026-W34;Дом у маяка;Litres;2392;95.68;8
2026-W34;Игры разума;Ozon;4860;194.4;9
2026-W34;Шёпот времени;WB;3900;156;10
2026-W34;Тихий сад;Litres;1396;55.84;4
2026-W34;Северный экспресс;Ozon;2245;89.8;5
2026-W34;Дом у маяка;WB;1794;71.76;6
2026-W34;Игры разума;Litres;3780;151.2;7
2026-W34;Шёпот времени;Ozon;3120;124.8;8
2026-W34;Тихий сад;WB;3141;125.64;9
2026-W34;Северный экспресс;Litres;4490;179.6;10
2026-W34;Дом у маяка;Ozon;1196;47.84;4
2026-W34;Игры разума;WB;2700;108;5
2026-W34;Шёпот времени;Litres;2340;93.6;6
2026-W34;Тихий сад;Ozon;2443;97.72;7
2026-W34;Северный экспресс;WB;3592;143.68;8
2026-W34;Дом у маяка;Litres;2691;107.64;9
2026-W34;Игры разума;Ozon;5400;216;10
2026-W34;Шёпот времени;WB;1560;62.4;4
2026-W34;Тихий сад;Litres;1745;69.8;5
2026-W34;Северный экспресс;Ozon;2694;107.76;6
2026-W34;Дом у маяка;WB;2093;83.72;7
2026-W34;Игры разума;Litres;4320;172.8;8
2026-W34;Шёпот времени;Ozon;3510;140.4;9
2026-W34;Тихий сад;WB;3490;139.6;10
2026-W34;Северный экспресс;Litres;1796;71.84;4
2026-W34;Дом у маяка;Ozon;1495;59.8;5
2026-W34;Игры разума;WB;3240;129.6;6
2026-W34;Шёпот времени;Litres;2730;109.2;7
2026-W34;Тихий сад;Ozon;2792;111.68;8
2026-W34;Северный экспресс;WB;4041;161.64;9
2026-W34;Дом у маяка;Litres;2990;119.6;10
2026-W34;Игры разума;Ozon;2160;86.4;4
2026-W34;Шёпот времени;WB;1950;78;5
2026-W34;Тихий сад;Litres;2094;83.76;6
2026-W34;Северный экспресс;Ozon;3143;125.72;7
2026-W34;Дом у маяка;WB;2392;95.68;8
2026-W34;Игры разума;Litres;4860;194.4;9
2026-W34;Шёпот времени;Ozon;3900;156;10
2026-W34;Тихий сад;WB;1396;55.84;4
2026-W34;Северный экспресс;Litres;2245;89.8;5
2026-W34;Дом у маяка;Ozon;1794;71.76;6
2026-W34;Игры разума;WB;3780;151.2;7
2026-W34;Шёпот времени;Litres;3120;124.8;8
2026-W34;Тихий сад;Ozon;3141;125.64;9
2026-W34;Северный экспресс;WB;4490;179.6;10
2026-W34;Дом у маяка;Litres;1196;47.84;4
2026-W34;Игры разума;Ozon;2700;108;5
2026-W34;Шёпот времени;WB;2340;93.6;6
2026-W34;Тихий сад;Litres;2443;97.72;7
2026-W34;Северный экспресс;Ozon;3592;143.68;8
2026-W34;Дом у маяка;WB;2691;107.64;9
2026-W34;Игры разума;Litres;5400;216;10
2026-W34;Шёпот времени;Ozon;1560;62.4;4
2026-W34;Тихий сад;WB;1745;69.8;5
2026-W34;Северный экспресс;Litres;2694;107.76;6
2026-W34;Дом у маяка;Ozon;2093;83.72;7
2026-W34;Игры разума;WB;4320;172.8;8
2026-W34;Шёпот времени;Litres;3510;140.4;9
2026-W34;Тихий сад;Ozon;3490;139.6;10
2026-W34;Северный экспресс;WB;1796;71.84;4
2026-W34;Дом у маяка;Litres;1495;59.8;5
2026-W34;Игры разума;Ozon;3240;129.6;6
2026-W34;Шёпот времени;WB;2730;109.2;7
2026-W34;Тихий сад;Litres;2792;111.68;8
2026-W34;Северный экспресс;Ozon;4041;161.64;9
2026-W34;Дом у маяка;WB;2990;119.6;10
2026-W34;Игры разума;Litres;2160;86.4;4
2026-W34;Шёпот времени;Ozon;1950;78;5
2026-W34;Тихий сад;WB;2094;83.76;6
2026-W34;Северный экспресс;Litres;3143;125.72;7
2026-W34;Дом у маяка;Ozon;2392;95.68;8
2026-W34;Игры разума;WB;4860;194.4;9
2026-W34;Шёпот времени;Litres;3900;156;10
2026-W34;Тихий сад;Ozon;1396;55.84;4
2026-W34;Северный экспресс;WB;2245;89.8;5
2026-W34;Дом у маяка;Litres;1794;71.76;6
2026-W34;Игры разума;Ozon;3780;151.2;7
2026-W34;Шёпот времени;WB;3120;124.8;8
2026-W34;Тихий сад;Litres;3141;125.64;9
2026-W34;Северный экспресс;Ozon;4490;179.6;10
2026-W34;Дом у маяка;WB;1196;47.84;4
2026-W34;Игры разума;Litres;2700;108;5
2026-W34;Шёпот времени;Ozon;2340;93.6;6
2026-W34;Тихий сад;WB;2443;97.72;7
2026-W34;Северный экспресс;Litres;3592;143.68;8
2026-W34;Дом у маяка;Ozon;2691;107.64;9
2026-W34;Игры разума;WB;5400;216;10
2026-W34;Шёпот времени;Litres;1560;62.4;4
2026-W34;Тихий сад;Ozon;1745;69.8;5
2026-W34;Северный экспресс;WB;2694;107.76;6
2026-W34;Дом у маяка;Litres;2093;83.72;7
2026-W34;Игры разума;Ozon;4320;172.8;8
2026-W34;Шёпот времени;WB;3510;140.4;9
2026-W34;Тихий сад;Litres;3490;139.6;10
2026-W34;Северный экспресс;Ozon;1796;71.84;4
2026-W34;Дом у маяка;WB;1495;59.8;5
2026-W34;Игры разума;Litres;3240;129.6;6
2026-W34;Шёпот времени;Ozon;2730;109.2;7
2026-W34;Тихий сад;WB;2792;111.68;8
2026-W34;Северный экспресс;Litres;4041;161.64;9
2026-W34;Дом у маяка;Ozon;2990;119.6;10
2026-W34;Игры разума;WB;2160;86.4;4
2026-W34;Шёпот времени;Litres;1950;78;5
2026-W34;Тихий сад;Ozon;2094;83.76;6
2026-W34;Северный экспресс;WB;3143;125.72;7
2026-W34;Дом у маяка;Litres;2392;95.68;8
2026-W34;Игры разума;Ozon;4860;194.4;9
2026-W34;Шёпот времени;WB;3900;156;10
2026-W34;Тихий сад;Litres;1396;55.84;4
2026-W34;Северный экспресс;Ozon;2245;89.8;5
2026-W34;Дом у маяка;WB;1794;71.76;6
2026-W34;Игры разума;Litres;3780;151.2;7
2026-W34;Шёпот времени;Ozon;3120;124.8;8
2026-W34;Тихий сад;WB;3141;125.64;9
2026-W34;Северный экспресс;Litres;4490;179.6;10
2026-W34;Дом у маяка;Ozon;1196;47.84;4
2026-W34;Игры разума;WB;2700;108;5
2026-W34;Шёпот времени;Litres;2340;93.6;6
2026-W34;Тихий сад;Ozon;2443;97.72;7
2026-W34;Северный экспресс;WB;3592;143.68;8
2026-W34;Дом у маяка;Litres;2691;107.64;9
2026-W34;Игры разума;Ozon;5400;216;10
2026-W34;Шёпот времени;WB;1560;62.4;4
2026-W34;Тихий сад;Litres;1745;69.8;5
2026-W34;Северный экспресс;Ozon;2694;107.76;6
2026-W34;Дом у маяка;WB;2093;83.72;7
2026-W34;Игры разума;Litres;4320;172.8;8
2026-W34;Шёпот времени;Ozon;3510;140.4;9
2026-W34;Тихий сад;WB;3490;139.6;10
2026-W34;Северный экспресс;Litres;1796;71.84;4
2026-W34;Дом у маяка;Ozon;1495;59.8;5
2026-W34;Игры разума;WB;3240;129.6;6
2026-W34;Шёпот времени;Litres;2730;109.2;7
2026-W34;Тихий сад;Ozon;2792;111.68;8
2026-W34;Северный экспресс;WB;4041;161.64;9
2026-W34;Дом у маяка;Litres;2990;119.6;10
2026-W34;Игры разума;Ozon;2160;86.4;4
2026-W34;Шёпот времени;WB;1950;78;5
2026-W34;Тихий сад;Litres;2094;83.76;6
2026-W34;Северный экспресс;Ozon;3143;125.72;7
2026-W34;Дом у маяка;WB;2392;95.68;8
2026-W34;Игры разума;Litres;4860;194.4;9
2026-W34;Шёпот времени;Ozon;3900;156;10
2026-W34;Тихий сад;WB;1396;55.84;4
2026-W34;Северный экспресс;Litres;2245;89.8;5
2026-W34;Дом у маяка;Ozon;1794;71.76;6
2026-W34;Игры разума;WB;3780;151.2;7
2026-W34;Шёпот времени;Litres;3120;124.8;8
2026-W34;Тихий сад;Ozon;3141;125.64;9
2026-W34;Северный экспресс;WB;4490;179.6;10
2026-W34;Дом у маяка;Litres;1196;47.84;4
2026-W34;Игры разума;Ozon;2700;108;5
2026-W34;Шёпот времени;WB;2340;93.6;6
2026-W34;Тихий сад;Litres;2443;97.72;7
2026-W34;Северный экспресс;Ozon;3592;143.68;8
2026-W34;Дом у маяка;WB;2691;107.64;9
2026-W34;Игры разума;Litres;5400;216;10
2026-W34;Шёпот времени;Ozon;1560;62.4;4
2026-W34;Тихий сад;WB;1745;69.8;5
2026-W34;Северный экспресс;Litres;2694;107.76;6
2026-W34;Дом у маяка;Ozon;2093;83.72;7
2026-W34;Игры разума;WB;4320;172.8;8
2026-W34;Шёпот времени;Litres;3510;140.4;9
2026-W34;Тихий сад;Ozon;3490;139.6;10
2026-W34;Северный экспресс;WB;1796;71.84;4
2026-W34;Дом у маяка;Litres;1495;59.8;5
2026-W34;Игры разума;Ozon;3240;129.6;6
2026-W34;Шёпот времени;WB;2730;109.2;7
2026-W34;Тихий сад;Litres;2792;111.68;8
2026-W34;Северный экспресс;Ozon;4041;161.64;9
2026-W34;Дом у маяка;WB;2990;119.6;10
2026-W34;Игры разума;Litres;2160;86.4;4
2026-W34;Шёпот времени;Ozon;1950;78;5
2026-W34;Тихий сад;WB;2094;83.76;6
2026-W34;Северный экспресс;Litres;3143;125.72;7
2026-W34;Дом у маяка;Ozon;2392;95.68;8
2026-W34;Игры разума;WB;4860;194.4;9
2026-W34;Шёпот времени;Litres;3900;156;10
2026-W34;Тихий сад;Ozon;1396;55.84;4
2026-W34;Северный экспресс;WB;2245;89.8;5
2026-W34;Дом у маяка;Litres;1794;71.76;6
2026-W34;Игры разума;Ozon;3780;151.2;7
2026-W34;Шёпот времени;WB;3120;124.8;8
2026-W34;Тихий сад;Litres;3141;125.64;9
2026-W34;Северный экспресс;Ozon;4490;179.6;10
2026-W34;Дом у маяка;WB;1196;47.84;4
2026-W34;Игры разума;Litres;2700;108;5
2026-W34;Шёпот времени;Ozon;2340;93.6;6
2026-W34;Тихий сад;WB;2443;97.72;7
2026-W34;Северный экспресс;Litres;3592;143.68;8
2026-W34;Дом у маяка;Ozon;2691;107.64;9
2026-W34;Игры разума;WB;5400;216;10
2026-W34;Шёпот времени;Litres;1560;62.4;4
2026-W34;Тихий сад;Ozon;1745;69.8;5
2026-W34;Северный экспресс;WB;2694;107.76;6
2026-W34;Дом у маяка;Litres;2093;83.72;7
2026-W34;Игры разума;Ozon;4320;172.8;8
2026-W34;Шёпот времени;WB;3510;140.4;9
2026-W34;Тихий сад;Litres;3490;139.6;10
2026-W34;Северный экспресс;Ozon;1796;71.84;4
2026-W34;Дом у маяка;WB;1495;59.8;5
2026-W34;Игры разума;Litres;3240;129.6;6
2026-W34;Шёпот времени;Ozon;2730;109.2;7
2026-W34;Тихий сад;WB;2792;111.68;8
2026-W34;Северный экспресс;Litres;4041;161.64;9
2026-W34;Дом у маяка;Ozon;2990;119.6;10
2026-W34;Игры разума;WB;2160;86.4;4
2026-W34;Шёпот времени;Litres;1950;78;5
2026-W34;Тихий сад;Ozon;2094;83.76;6
2026-W34;Северный экспресс;WB;3143;125.72;7
2026-W34;Дом у маяка;Litres;2392;95.68;8
2026-W34;Игры разума;Ozon;4860;194.4;9
2026-W34;Шёпот времени;WB;3900;156;10
2026-W34;Тихий сад;Litres;1396;55.84;4
2026-W34;Северный экспресс;Ozon;2245;89.8;5
2026-W34;Дом у маяка;WB;1794;71.76;6
2026-W34;Игры разума;Litres;3780;151.2;7
2026-W34;Шёпот времени;Ozon;3120;124.8;8
2026-W34;Тихий сад;WB;3141;125.64;9
2026-W34;Северный экспресс;Litres;4490;179.6;10
2026-W34;Дом у маяка;Ozon;1196;47.84;4
2026-W34;Игры разума;WB;2700;108;5
2026-W34;Шёпот времени;Litres;2340;93.6;6
2026-W34;Тихий сад;Ozon;2443;97.72;7
2026-W34;Северный экспресс;WB;3592;143.68;8
2026-W34;Дом у маяка;Litres;2691;107.64;9
2026-W34;Игры разума;Ozon;5400;216;10
2026-W34;Шёпот времени;WB;1560;62.4;4
2026-W34;Тихий сад;Litres;1745;69.8;5
2026-W34;Северный экспресс;Ozon;2694;107.76;6
2026-W34;Дом у маяка;WB;2093;83.72;7
2026-W34;Игры разума;Litres;4320;172.8;8
2026-W34;Шёпот времени;Ozon;3510;140.4;9
2026-W34;Тихий сад;WB;3490;139.6;10
2026-W34;Северный экспресс;Litres;1796;71.84;4
2026-W34;Дом у маяка;Ozon;1495;59.8;5
2026-W34;Игры разума;WB;3240;129.6;6
2026-W34;Шёпот времени;Litres;2730;109.2;7
2026-W34;Тихий сад;Ozon;2792;111.68;8
2026-W34;Северный экспресс;WB;4041;161.64;9
2026-W34;Дом у маяка;Litres;2990;119.6;10
2026-W34;Игры разума;Ozon;2160;86.4;4
2026-W34;Шёпот времени;WB;1950;78;5
2026-W34;Тихий сад;Litres;2094;83.76;6
2026-W34;Северный экспресс;Ozon;3143;125.72;7
2026-W34;Дом у маяка;WB;2392;95.68;8
2026-W34;Игры разума;Litres;4860;194.4;9
2026-W34;Шёпот времени;Ozon;3900;156;10
2026-W34;Тихий сад;WB;1396;55.84;4
2026-W34;Северный экспресс;Litres;2245;89.8;5
2026-W34;Дом у маяка;Ozon;1794;71.76;6
2026-W34;Игры разума;WB;3780;151.2;7
2026-W34;Шёпот времени;Litres;3120;124.8;8
2026-W34;Тихий сад;Ozon;3141;125.64;9
2026-W34;Северный экспресс;WB;4490;179.6;10
2026-W34;Дом у маяка;Litres;1196;47.84;4
2026-W34;Игры разума;Ozon;2700;108;5
2026-W34;Шёпот времени;WB;2340;93.6;6
2026-W34;Тихий сад;Litres;2443;97.72;7
2026-W34;Северный экспресс;Ozon;3592;143.68;8
2026-W34;Дом у маяка;WB;2691;107.64;9
2026-W34;Игры разума;Litres;5400;216;10
2026-W34;Шёпот времени;Ozon;1560;62.4;4
2026-W34;Тихий сад;WB;1745;69.8;5
2026-W34;Северный экспресс;Litres;2694;107.76;6
2026-W34;Дом у маяка;Ozon;2093;83.72;7
2026-W34;Игры разума;WB;4320;172.8;8
2026-W34;Шёпот времени;Litres;3510;140.4;9
2026-W34;Тихий сад;Ozon;3490;139.6;10
2026-W34;Северный экспресс;WB;1796;71.84;4
2026-W34;Дом у маяка;Litres;1495;59.8;5
2026-W34;Игры разума;Ozon;3240;129.6;6
2026-W34;Шёпот времени;WB;2730;109.2;7
2026-W34;Тихий сад;Litres;2792;111.68;8
2026-W34;Северный экспресс;Ozon;4041;161.64;9
2026-W34;Дом у маяка;WB;2990;119.6;10
2026-W34;Игры разума;Litres;2160;86.4;4
2026-W34;Шёпот времени;Ozon;1950;78;5
2026-W34;Тихий сад;WB;2094;83.76;6
2026-W34;Северный экспресс;Litres;3143;125.72;7
2026-W34;Дом у маяка;Ozon;2392;95.68;8
2026-W34;Игры разума;WB;4860;194.4;9
2026-W34;Шёпот времени;Litres;3900;156;10
2026-W34;Тихий сад;Ozon;1396;55.84;4
2026-W34;Северный экспресс;WB;2245;89.8;5
2026-W34;Дом у маяка;Litres;1794;71.76;6
2026-W34;Игры разума;Ozon;3780;151.2;7
2026-W34;Шёпот времени;WB;3120;124.8;8
2026-W34;Тихий сад;Litres;3141;125.64;9
2026-W34;Северный экспресс;Ozon;4490;179.6;10
2026-W34;Дом у маяка;WB;1196;47.84;4
2026-W34;Игры разума;Litres;2700;108;5
2026-W34;Шёпот времени;Ozon;2340;93.6;6
2026-W34;Тихий сад;WB;2443;97.72;7
2026-W34;Северный экспресс;Litres;3592;143.68;8
2026-W34;Дом у маяка;Ozon;2691;107.64;9
2026-W34;Игры разума;WB;5400;216;10
2026-W34;Шёпот времени;Litres;1560;62.4;4
2026-W34;Тихий сад;Ozon;1745;69.8;5
2026-W34;Северный экспресс;WB;2694;107.76;6
2026-W34;Дом у маяка;Litres;2093;83.72;7
2026-W34;Игры разума;Ozon;4320;172.8;8
2026-W34;Шёпот времени;WB;3510;140.4;9
2026-W34;Тихий сад;Litres;3490;139.6;10
2026-W34;Северный экспресс;Ozon;1796;71.84;4
2026-W34;Дом у маяка;WB;1495;59.8;5
2026-W34;Игры разума;Litres;3240;129.6;6
2026-W34;Шёпот времени;Ozon;2730;109.2;7
2026-W34;Тихий сад;WB;2792;111.68;8
2026-W34;Северный экспресс;Litres;4041;161.64;9
2026-W34;Дом у маяка;Ozon;2990;119.6;10
2026-W34;Игры разума;WB;2160;86.4;4
2026-W34;Шёпот времени;Litres;1950;78;5
2026-W34;Тихий сад;Ozon;2094;83.76;6
2026-W34;Северный экспресс;WB;3143;125.72;7
2026-W34;Дом у маяка;Litres;2392;95.68;8
2026-W34;Игры разума;Ozon;4860;194.4;9
2026-W34;Шёпот времени;WB;3900;156;10
2026-W34;Тихий сад;Litres;1396;55.84;4
2026-W34;Северный экспресс;Ozon;2245;89.8;5
2026-W34;Дом у маяка;WB;1794;71.76;6
2026-W34;Игры разума;Litres;3780;151.2;7
2026-W34;Шёпот времени;Ozon;3120;124.8;8
2026-W34;Тихий сад;WB;3141;125.64;9
2026-W34;Северный экспресс;Litres;4490;179.6;10
2026-W34;Дом у маяка;Ozon;1196;47.84;4
2026-W34;Игры разума;WB;2700;108;5
2026-W34;Шёпот времени;Litres;2340;93.6;6
2026-W34;Тихий сад;Ozon;2443;97.72;7
2026-W34;Северный экспресс;WB;3592;143.68;8
2026-W34;Дом у маяка;Litres;2691;107.64;9
2026-W34;Игры разума;Ozon;5400;216;10
2026-W34;Шёпот времени;WB;1560;62.4;4
2026-W34;Тихий сад;Litres;1745;69.8;5
2026-W34;Северный экспресс;Ozon;2694;107.76;6
2026-W34;Дом у маяка;WB;2093;83.72;7
2026-W34;Игры разума;Litres;4320;172.8;8
2026-W34;Шёпот времени;Ozon;3510;140.4;9
2026-W34;Тихий сад;WB;3490;139.6;10
2026-W34;Северный экспресс;Litres;1796;71.84;4
2026-W34;Дом у маяка;Ozon;1495;59.8;5
2026-W34;Игры разума;WB;3240;129.6;6
2026-W34;Шёпот времени;Litres;2730;109.2;7
2026-W34;Тихий сад;Ozon;2792;111.68;8
2026-W34;Северный экспресс;WB;4041;161.64;9
2026-W34;Дом у маяка;Litres;2990;119.6;10
2026-W34;Игры разума;Ozon;2160;86.4;4
2026-W34;Шёпот времени;WB;1950;78;5
2026-W34;Тихий сад;Litres;2094;83.76;6
2026-W34;Северный экспресс;Ozon;3143;125.72;7
2026-W34;Дом у маяка;WB;2392;95.68;8
2026-W34;Игры разума;Litres;4860;194.4;9
2026-W34;Шёпот времени;Ozon;3900;156;10
2026-W34;Тихий сад;WB;1396;55.84;4
2026-W34;Северный экспресс;Litres;2245;89.8;5
2026-W34;Дом у маяка;Ozon;1794;71.76;6
2026-W34;Игры разума;WB;3780;151.2;7
2026-W34;Шёпот времени;Litres;3120;124.8;8
2026-W34;Тихий сад;Ozon;3141;125.64;9
2026-W34;Северный экспресс;WB;4490;179.6;10
2026-W34;Дом у маяка;Litres;1196;47.84;4
2026-W34;Игры разума;Ozon;2700;108;5
2026-W34;Шёпот времени;WB;2340;93.6;6
2026-W34;Тихий сад;Litres;2443;97.72;7
2026-W34;Северный экспресс;Ozon;3592;143.68;8
2026-W34;Дом у маяка;WB;2691;107.64;9
2026-W34;Игры разума;Litres;5400;216;10
2026-W34;Шёпот времени;Ozon;1560;62.4;4
2026-W34;Тихий сад;WB;1745;69.8;5
2026-W34;Северный экспресс;Litres;2694;107.76;6
2026-W34;Дом у маяка;Ozon;2093;83.72;7
2026-W34;Игры разума;WB;4320;172.8;8
2026-W34;Шёпот времени;Litres;3510;140.4;9
2026-W34;Тихий сад;Ozon;3490;139.6;10
2026-W34;Северный экспресс;WB;1796;71.84;4
2026-W34;Дом у маяка;Litres;1495;59.8;5
2026-W34;Игры разума;Ozon;3240;129.6;6
2026-W34;Шёпот времени;WB;2730;109.2;7
2026-W34;Тихий сад;Litres;2792;111.68;8
2026-W34;Северный экспресс;Ozon;4041;161.64;9
2026-W34;Дом у маяка;WB;2990;119.6;10
2026-W34;Игры разума;Litres;2160;86.4;4
2026-W34;Шёпот времени;Ozon;1950;78;5
2026-W34;Тихий сад;WB;2094;83.76;6
2026-W34;Северный экспресс;Litres;3143;125.72;7
2026-W34;Дом у маяка;Ozon;2392;95.68;8
2026-W34;Игры разума;WB;4860;194.4;9
2026-W34;Шёпот времени;Litres;3900;156;10
2026-W34;Тихий сад;Ozon;1396;55.84;4
2026-W34;Северный экспресс;WB;2245;89.8;5
2026-W34;Дом у маяка;Litres;1794;71.76;6
2026-W34;Игры разума;Ozon;3780;151.2;7
2026-W34;Шёпот времени;WB;3120;124.8;8
2026-W34;Тихий сад;Litres;3141;125.64;9
2026-W34;Северный экспресс;Ozon;4490;179.6;10
2026-W34;Дом у маяка;WB;1196;47.84;4
2026-W34;Игры разума;Litres;2700;108;5
2026-W34;Шёпот времени;Ozon;2340;93.6;6
2026-W34;Тихий сад;WB;2443;97.72;7
2026-W34;Северный экспресс;Litres;3592;143.68;8
2026-W34;Дом у маяка;Ozon;2691;107.64;9
2026-W34;Игры разума;WB;5400;216;10
2026-W34;Шёпот времени;Litres;1560;62.4;4
2026-W34;Тихий сад;Ozon;1745;69.8;5
2026-W34;Северный экспресс;WB;2694;107.76;6
2026-W34;Дом у маяка;Litres;2093;83.72;7
2026-W34;Игры разума;Ozon;4320;172.8;8
2026-W34;Шёпот времени;WB;3510;140.4;9
2026-W34;Тихий сад;Litres;3490;139.6;10
2026-W34;Северный экспресс;Ozon;1796;71.84;4
2026-W34;Дом у маяка;WB;1495;59.8;5
2026-W34;Игры разума;Litres;3240;129.6;6
2026-W34;Шёпот времени;Ozon;2730;109.2;7
2026-W34;Тихий сад;WB;2792;111.68;8
2026-W34;Северный экспресс;Litres;4041;161.64;9
2026-W34;Дом у маяка;Ozon;2990;119.6;10
2026-W34;Игры разума;WB;2160;86.4;4
2026-W34;Шёпот времени;Litres;1950;78;5
2026-W34;Тихий сад;Ozon;2094;83.76;6
2026-W34;Северный экспресс;WB;3143;125.72;7
2026-W34;Дом у маяка;Litres;2392;95.68;8
2026-W34;Игры разума;Ozon;4860;194.4;9
2026-W34;Шёпот времени;WB;3900;156;10
2026-W34;Тихий сад;Litres;1396;55.84;4
2026-W34;Северный экспресс;Ozon;2245;89.8;5
2026-W34;Дом у маяка;WB;1794;71.76;6
2026-W34;Игры разума;Litres;3780;151.2;7
2026-W34;Шёпот времени;Ozon;3120;124.8;8
2026-W34;Тихий сад;WB;3141;125.64;9
2026-W34;Северный экспресс;Litres;4490;179.6;10
2026-W34;Дом у маяка;Ozon;1196;47.84;4
2026-W34;Игры разума;WB;2700;108;5
2026-W34;Шёпот времени;Litres;2340;93.6;6
2026-W34;Тихий сад;Ozon;2443;97.72;7
2026-W34;Северный экспресс;WB;3592;143.68;8
2026-W34;Дом у маяка;Litres;2691;107.64;9
2026-W34;Игры разума;Ozon;5400;216;10
2026-W34;Шёпот времени;WB;1560;62.4;4
2026-W34;Тихий сад;Litres;1745;69.8;5
2026-W34;Северный экспресс;Ozon;2694;107.76;6
2026-W34;Дом у маяка;WB;2093;83.72;7
2026-W34;Игры разума;Litres;4320;172.8;8
2026-W34;Шёпот времени;Ozon;3510;140.4;9
2026-W34;Тихий сад;WB;3490;139.6;10
2026-W34;Северный экспресс;Litres;1796;71.84;4
2026-W34;Дом у маяка;Ozon;1495;59.8;5
2026-W34;Игры разума;WB;3240;129.6;6
2026-W34;Шёпот времени;Litres;2730;109.2;7
2026-W34;Тихий сад;Ozon;2792;111.68;8
2026-W34;Северный экспресс;WB;4041;161.64;9
2026-W34;Дом у маяка;Litres;2990;119.6;10
2026-W34;Игры разума;Ozon;2160;86.4;4
2026-W34;Шёпот времени;WB;1950;78;5
2026-W34;Тихий сад;Litres;2094;83.76;6
2026-W34;Северный экспресс;Ozon;3143;125.72;7
2026-W34;Дом у маяка;WB;2392;95.68;8
2026-W34;Игры разума;Litres;4860;194.4;9
2026-W34;Шёпот времени;Ozon;3900;156;10
2026-W34;Тихий сад;WB;1396;55.84;4
2026-W34;Северный экспресс;Litres;2245;89.8;5
2026-W34;Дом у маяка;Ozon;1794;71.76;6
2026-W34;Игры разума;WB;3780;151.2;7
2026-W34;Шёпот времени;Litres;3120;124.8;8
2026-W34;Тихий сад;Ozon;3141;125.64;9
2026-W34;Северный экспресс;WB;4490;179.6;10
2026-W34;Дом у маяка;Litres;1196;47.84;4
2026-W34;Игры разума;Ozon;2700;108;5
2026-W34;Шёпот времени;WB;2340;93.6;6
2026-W34;Тихий сад;Litres;2443;97.72;7
2026-W34;Северный экспресс;Ozon;3592;143.68;8
2026-W34;Дом у маяка;WB;2691;107.64;9
2026-W34;Игры разума;Litres;5400;216;10
2026-W34;Шёпот времени;Ozon;1560;62.4;4
2026-W34;Тихий сад;WB;1745;69.8;5
2026-W34;Северный экспресс;Litres;2694;107.76;6
2026-W34;Дом у маяка;Ozon;2093;83.72;7
2026-W34;Игры разума;WB;4320;172.8;8
2026-W34;Шёпот времени;Litres;3510;140.4;9
2026-W34;Тихий сад;Ozon;3490;139.6;10
2026-W34;Северный экспресс;WB;1796;71.84;4
2026-W34;Дом у маяка;Litres;1495;59.8;5
2026-W34;Игры разума;Ozon;3240;129.6;6
2026-W34;Шёпот времени;WB;2730;109.2;7
2026-W34;Тихий сад;Litres;2792;111.68;8
2026-W34;Северный экспресс;Ozon;4041;161.64;9
2026-W34;Дом у маяка;WB;2990;119.6;10
2026-W34;Игры разума;Litres;2160;86.4;4
2026-W34;Шёпот времени;Ozon;1950;78;5
2026-W34;Тихий сад;WB;2094;83.76;6
2026-W34;Северный экспресс;Litres;3143;125.72;7
2026-W34;Дом у маяка;Ozon;2392;95.68;8
2026-W34;Игры разума;WB;4860;194.4;9
2026-W34;Шёпот времени;Litres;3900;156;10
2026-W34;Тихий сад;Ozon;1396;55.84;4
2026-W34;Северный экспресс;WB;2245;89.8;5
2026-W34;Дом у маяка;Litres;1794;71.76;6
2026-W34;Игры разума;Ozon;3780;151.2;7
2026-W34;Шёпот времени;WB;3120;124.8;8
2026-W34;Тихий сад;Litres;3141;125.64;9
2026-W34;Северный экспресс;Ozon;4490;179.6;10
2026-W34;Дом у маяка;WB;1196;47.84;4
2026-W34;Игры разума;Litres;2700;108;5
2026-W34;Шёпот времени;Ozon;2340;93.6;6
2026-W34;Тихий сад;WB;2443;97.72;7
2026-W34;Северный экспресс;Litres;3592;143.68;8
2026-W34;Дом у маяка;Ozon;2691;107.64;9
2026-W34;Игры разума;WB;5400;216;10
2026-W34;Шёпот времени;Litres;1560;62.4;4
2026-W34;Тихий сад;Ozon;1745;69.8;5
2026-W34;Северный экспресс;WB;2694;107.76;6
2026-W34;Дом у маяка;Litres;2093;83.72;7
2026-W34;Игры разума;Ozon;4320;172.8;8
2026-W34;Шёпот времени;WB;3510;140.4;9
2026-W34;Тихий сад;Litres;3490;139.6;10
2026-W34;Северный экспресс;Ozon;1796;71.84;4
2026-W34;Дом у маяка;WB;1495;59.8;5
2026-W34;Игры разума;Litres;3240;129.6;6
2026-W34;Шёпот времени;Ozon;2730;109.2;7
2026-W34;Тихий сад;WB;2792;111.68;8
2026-W34;Северный экспресс;Litres;4041;161.64;9
2026-W34;Дом у маяка;Ozon;2990;119.6;10
2026-W34;Игры разума;WB;2160;86.4;4
2026-W34;Шёпот времени;Litres;1950;78;5
2026-W34;Тихий сад;Ozon;2094;83.76;6
2026-W34;Северный экспресс;WB;3143;125.72;7
2026-W34;Дом у маяка;Litres;2392;95.68;8
2026-W34;Игры разума;Ozon;4860;194.4;9
2026-W34;Шёпот времени;WB;3900;156;10
2026-W34;Тихий сад;Litres;1396;55.84;4
2026-W34;Северный экспресс;Ozon;2245;89.8;5
2026-W34;Дом у маяка;WB;1794;71.76;6
2026-W34;Игры разума;Litres;3780;151.2;7
2026-W34;Шёпот времени;Ozon;3120;124.8;8
2026-W34;Тихий сад;WB;3141;125.64;9
2026-W34;Северный экспресс;Litres;4490;179.6;10
2026-W34;Дом у маяка;Ozon;1196;47.84;4
2026-W34;Игры разума;WB;2700;108;5
2026-W34;Шёпот времени;Litres;2340;93.6;6
2026-W34;Тихий сад;Ozon;2443;97.72;7
2026-W34;Северный экспресс;WB;3592;143.68;8
2026-W34;Дом у маяка;Litres;2691;107.64;9
2026-W34;Игры разума;Ozon;5400;216;10
2026-W34;Шёпот времени;WB;1560;62.4;4
2026-W34;Тихий сад;Litres;1745;69.8;5
2026-W34;Северный экспресс;Ozon;2694;107.76;6
2026-W34;Дом у маяка;WB;2093;83.72;7
2026-W34;Игры разума;Litres;4320;172.8;8
2026-W34;Шёпот времени;Ozon;3510;140.4;9
2026-W34;Тихий сад;WB;3490;139.6;10
2026-W34;Северный экспресс;Litres;1796;71.84;4
2026-W34;Дом у маяка;Ozon;1495;59.8;5
2026-W34;Игры разума;WB;3240;129.6;6
2026-W34;Шёпот времени;Litres;2730;109.2;7
2026-W34;Тихий сад;Ozon;2792;111.68;8
2026-W34;Северный экспресс;WB;4041;161.64;9
2026-W34;Дом у маяка;Litres;2990;119.6;10
2026-W34;Игры разума;Ozon;2160;86.4;4
2026-W34;Шёпот времени;WB;1950;78;5
2026-W34;Тихий сад;Litres;2094;83.76;6
2026-W34;Северный экспресс;Ozon;3143;125.72;7
2026-W34;Дом у маяка;WB;2392;95.68;8
2026-W34;Игры разума;Litres;4860;194.4;9
2026-W34;Шёпот времени;Ozon;3900;156;10
2026-W34;Тихий сад;WB;1396;55.84;4
2026-W34;Северный экспресс;Litres;2245;89.8;5
2026-W34;Дом у маяка;Ozon;1794;71.76;6
2026-W34;Игры разума;WB;3780;151.2;7
2026-W34;Шёпот времени;Litres;3120;124.8;8
2026-W34;Тихий сад;Ozon;3141;125.64;9
2026-W34;Северный экспресс;WB;4490;179.6;10
2026-W34;Дом у маяка;Litres;1196;47.84;4
2026-W34;Игры разума;Ozon;2700;108;5
2026-W34;Шёпот времени;WB;2340;93.6;6
2026-W34;Тихий сад;Litres;2443;97.72;7
2026-W34;Северный экспресс;Ozon;3592;143.68;8
2026-W34;Дом у маяка;WB;2691;107.64;9
2026-W34;Игры разума;Litres;5400;216;10
2026-W34;Шёпот времени;Ozon;1560;62.4;4
2026-W34;Тихий сад;WB;1745;69.8;5
2026-W34;Северный экспресс;Litres;2694;107.76;6
2026-W34;Дом у маяка;Ozon;2093;83.72;7
2026-W34;Игры разума;WB;4320;172.8;8
2026-W34;Шёпот времени;Litres;3510;140.4;9
2026-W34;Тихий сад;Ozon;3490;139.6;10
2026-W34;Северный экспресс;WB;1796;71.84;4
2026-W34;Дом у маяка;Litres;1495;59.8;5
2026-W34;Игры разума;Ozon;3240;129.6;6
2026-W34;Шёпот времени;WB;2730;109.2;7
2026-W34;Тихий сад;Litres;2792;111.68;8
2026-W34;Северный экспресс;Ozon;4041;161.64;9
2026-W34;Дом у маяка;WB;2990;119.6;10
2026-W34;Игры разума;Litres;2160;86.4;4
2026-W34;Шёпот времени;Ozon;1950;78;5
2026-W34;Тихий сад;WB;2094;83.76;6
2026-W34;Северный экспресс;Litres;3143;125.72;7
2026-W34;Дом у маяка;Ozon;2392;95.68;8
2026-W34;Игры разума;WB;4860;194.4;9
2026-W34;Шёпот времени;Litres;3900;156;10
2026-W34;Тихий сад;Ozon;1396;55.84;4
2026-W34;Северный экспресс;WB;2245;89.8;5
2026-W34;Дом у маяка;Litres;1794;71.76;6
2026-W34;Игры разума;Ozon;3780;151.2;7
2026-W34;Шёпот времени;WB;3120;124.8;8
2026-W34;Тихий сад;Litres;3141;125.64;9
2026-W34;Северный экспресс;Ozon;4490;179.6;10
2026-W34;Дом у маяка;WB;1196;47.84;4
2026-W34;Игры разума;Litres;2700;108;5
2026-W34;Шёпот времени;Ozon;2340;93.6;6
2026-W34;Тихий сад;WB;2443;97.72;7
2026-W34;Северный экспресс;Litres;3592;143.68;8
2026-W34;Дом у маяка;Ozon;2691;107.64;9
2026-W34;Игры разума;WB;5400;216;10
2026-W34;Шёпот времени;Litres;1560;62.4;4
2026-W34;Тихий сад;Ozon;1745;69.8;5
2026-W34;Северный экспресс;WB;2694;107.76;6
2026-W34;Дом у маяка;Litres;2093;83.72;7
2026-W34;Игры разума;Ozon;4320;172.8;8
2026-W34;Шёпот времени;WB;3510;140.4;9
2026-W34;Тихий сад;Litres;3490;139.6;10
2026-W34;Северный экспресс;Ozon;1796;71.84;4
2026-W34;Дом у маяка;WB;1495;59.8;5
2026-W34;Игры разума;Litres;3240;129.6;6
2026-W34;Шёпот времени;Ozon;2730;109.2;7
2026-W34;Тихий сад;WB;2792;111.68;8
2026-W34;Северный экспресс;Litres;4041;161.64;9
2026-W34;Дом у маяка;Ozon;2990;119.6;10
2026-W34;Игры разума;WB;2160;86.4;4
2026-W34;Шёпот времени;Litres;1950;78;5
2026-W34;Тихий сад;Ozon;2094;83.76;6
2026-W34;Северный экспресс;WB;3143;125.72;7
2026-W34;Дом у маяка;Litres;2392;95.68;8
2026-W34;Игры разума;Ozon;4860;194.4;9
2026-W34;Шёпот времени;WB;3900;156;10
2026-W34;Тихий сад;Litres;1396;55.84;4
2026-W34;Северный экспресс;Ozon;2245;89.8;5
2026-W34;Дом у маяка;WB;1794;71.76;6
2026-W34;Игры разума;Litres;3780;151.2;7
2026-W34;Шёпот времени;Ozon;3120;124.8;8
2026-W34;Тихий сад;WB;3141;125.64;9
2026-W34;Северный экспресс;Litres;4490;179.6;10
2026-W34;Дом у маяка;Ozon;1196;47.84;4
2026-W34;Игры разума;WB;2700;108;5
2026-W34;Шёпот времени;Litres;2340;93.6;6
2026-W34;Тихий сад;Ozon;2443;97.72;7
2026-W34;Северный экспресс;WB;3592;143.68;8
2026-W34;Дом у маяка;Litres;2691;107.64;9
2026-W34;Игры разума;Ozon;5400;216;10
2026-W34;Шёпот времени;WB;1560;62.4;4
2026-W34;Тихий сад;Litres;1745;69.8;5
2026-W34;Северный экспресс;Ozon;2694;107.76;6
2026-W34;Дом у маяка;WB;2093;83.72;7
2026-W34;Игры разума;Litres;4320;172.8;8
2026-W34;Шёпот времени;Ozon;3510;140.4;9
2026-W34;Тихий сад;WB;3490;139.6;10
2026-W34;Северный экспресс;Litres;1796;71.84;4
2026-W34;Дом у маяка;Ozon;1495;59.8;5
2026-W34;Игры разума;WB;3240;129.6;6
2026-W34;Шёпот времени;Litres;2730;109.2;7
2026-W34;Тихий сад;Ozon;2792;111.68;8
2026-W34;Северный экспресс;WB;4041;161.64;9
2026-W34;Дом у маяка;Litres;2990;119.6;10
2026-W34;Игры разума;Ozon;2160;86.4;4
2026-W34;Шёпот времени;WB;1950;78;5
2026-W34;Тихий сад;Litres;2094;83.76;6
2026-W34;Северный экспресс;Ozon;3143;125.72;7
2026-W34;Дом у маяка;WB;2392;95.68;8
2026-W34;Игры разума;Litres;4860;194.4;9
2026-W34;Шёпот времени;Ozon;3900;156;10
2026-W34;Тихий сад;WB;1396;55.84;4
2026-W34;Северный экспресс;Litres;2245;89.8;5
2026-W34;Дом у маяка;Ozon;1794;71.76;6
2026-W34;Игры разума;WB;3780;151.2;7
2026-W34;Шёпот времени;Litres;3120;124.8;8
2026-W34;Тихий сад;Ozon;3141;125.64;9
2026-W34;Северный экспресс;WB;4490;179.6;10
2026-W34;Дом у маяка;Litres;1196;47.84;4
2026-W34;Игры разума;Ozon;2700;108;5
2026-W34;Шёпот времени;WB;2340;93.6;6
2026-W34;Тихий сад;Litres;2443;97.72;7
2026-W34;Северный экспресс;Ozon;3592;143.68;8
2026-W34;Дом у маяка;WB;2691;107.64;9
2026-W34;Игры разума;Litres;5400;216;10
2026-W34;Шёпот времени;Ozon;1560;62.4;4
2026-W34;Тихий сад;WB;1745;69.8;5
2026-W34;Северный экспресс;Litres;2694;107.76;6
2026-W34;Дом у маяка;Ozon;2093;83.72;7
2026-W34;Игры разума;WB;4320;172.8;8
2026-W34;Шёпот времени;Litres;3510;140.4;9
2026-W34;Тихий сад;Ozon;3490;139.6;10
2026-W34;Северный экспресс;WB;1796;71.84;4
2026-W34;Дом у маяка;Litres;1495;59.8;5
2026-W34;Игры разума;Ozon;3240;129.6;6
2026-W34;Шёпот времени;WB;2730;109.2;7
2026-W34;Тихий сад;Litres;2792;111.68;8
2026-W34;Северный экспресс;Ozon;4041;161.64;9
2026-W34;Дом у маяка;WB;2990;119.6;10
2026-W34;Игры разума;Litres;2160;86.4;4
2026-W34;Шёпот времени;Ozon;1950;78;5
2026-W34;Тихий сад;WB;2094;83.76;6
2026-W34;Северный экспресс;Litres;3143;125.72;7
2026-W34;Дом у маяка;Ozon;2392;95.68;8
2026-W34;Игры разума;WB;4860;194.4;9
2026-W34;Шёпот времени;Litres;3900;156;10
2026-W34;Тихий сад;Ozon;1396;55.84;4
2026-W34;Северный экспресс;WB;2245;89.8;5
2026-W34;Дом у маяка;Litres;1794;71.76;6
2026-W34;Игры разума;Ozon;3780;151.2;7
2026-W34;Шёпот времени;WB;3120;124.8;8
2026-W34;Тихий сад;Litres;3141;125.64;9
2026-W34;Северный экспресс;Ozon;4490;179.6;10
2026-W34;Дом у маяка;WB;1196;47.84;4
2026-W34;Игры разума;Litres;2700;108;5
2026-W34;Шёпот времени;Ozon;2340;93.6;6
2026-W34;Тихий сад;WB;2443;97.72;7
2026-W34;Северный экспресс;Litres;3592;143.68;8
2026-W34;Дом у маяка;Ozon;2691;107.64;9
2026-W34;Игры разума;WB;5400;216;10
2026-W34;Шёпот времени;Litres;1560;62.4;4
2026-W34;Тихий сад;Ozon;1745;69.8;5
2026-W34;Северный экспресс;WB;2694;107.76;6
2026-W34;Дом у маяка;Litres;2093;83.72;7
2026-W34;Игры разума;Ozon;4320;172.8;8
2026-W34;Шёпот времени;WB;3510;140.4;9
2026-W34;Тихий сад;Litres;3490;139.6;10
2026-W34;Северный экспресс;Ozon;1796;71.84;4
2026-W34;Дом у маяка;WB;1495;59.8;5
2026-W34;Игры разума;Litres;3240;129.6;6
2026-W34;Шёпот времени;Ozon;2730;109.2;7
2026-W34;Тихий сад;WB;2792;111.68;8
2026-W34;Северный экспресс;Litres;4041;161.64;9
2026-W34;Дом у маяка;Ozon;2990;119.6;10
2026-W34;Игры разума;WB;2160;86.4;4
2026-W34;Шёпот времени;Litres;1950;78;5
2026-W34;Тихий сад;Ozon;2094;83.76;6
2026-W34;Северный экспресс;WB;3143;125.72;7
2026-W34;Дом у маяка;Litres;2392;95.68;8
2026-W34;Игры разума;Ozon;4860;194.4;9
2026-W34;Шёпот времени;WB;3900;156;10
2026-W34;Тихий сад;Litres;1396;55.84;4
2026-W34;Северный экспресс;Ozon;2245;89.8;5
2026-W34;Дом у маяка;WB;1794;71.76;6
2026-W34;Игры разума;Litres;3780;151.2;7
2026-W34;Шёпот времени;Ozon;3120;124.8;8
2026-W34;Тихий сад;WB;3141;125.64;9
2026-W34;Северный экспресс;Litres;4490;179.6;10
2026-W34;Дом у маяка;Ozon;1196;47.84;4
2026-W34;Игры разума;WB;2700;108;5
2026-W34;Шёпот времени;Litres;2340;93.6;6
2026-W34;Тихий сад;Ozon;2443;97.72;7
2026-W34;Северный экспресс;WB;3592;143.68;8
2026-W34;Дом у маяка;Litres;2691;107.64;9
2026-W34;Игры разума;Ozon;5400;216;10
2026-W34;Шёпот времени;WB;1560;62.4;4
2026-W34;Тихий сад;Litres;1745;69.8;5
2026-W34;Северный экспресс;Ozon;2694;107.76;6
2026-W34;Дом у маяка;WB;2093;83.72;7
2026-W34;Игры разума;Litres;4320;172.8;8
2026-W34;Шёпот времени;Ozon;3510;140.4;9
2026-W34;Тихий сад;WB;3490;139.6;10
2026-W34;Северный экспресс;Litres;1796;71.84;4
2026-W34;Дом у маяка;Ozon;1495;59.8;5
2026-W34;Игры разума;WB;3240;129.6;6
2026-W34;Шёпот времени;Litres;2730;109.2;7
2026-W34;Тихий сад;Ozon;2792;111.68;8
2026-W34;Северный экспресс;WB;4041;161.64;9
2026-W34;Дом у маяка;Litres;2990;119.6;10
2026-W34;Игры разума;Ozon;2160;86.4;4
2026-W34;Шёпот времени;WB;1950;78;5
2026-W34;Тихий сад;Litres;2094;83.76;6
2026-W34;Северный экспресс;Ozon;3143;125.72;7
2026-W34;Дом у маяка;WB;2392;95.68;8
2026-W34;Игры разума;Litres;4860;194.4;9
2026-W34;Шёпот времени;Ozon;3900;156;10
2026-W34;Тихий сад;WB;1396;55.84;4
2026-W34;Северный экспресс;Litres;2245;89.8;5
2026-W34;Дом у маяка;Ozon;1794;71.76;6
2026-W34;Игры разума;WB;3780;151.2;7
2026-W34;Шёпот времени;Litres;3120;124.8;8
2026-W34;Тихий сад;Ozon;3141;125.64;9
2026-W34;Северный экспресс;WB;4490;179.6;10
2026-W34;Дом у маяка;Litres;1196;47.84;4
2026-W34;Игры разума;Ozon;2700;108;5
2026-W34;Шёпот времени;WB;2340;93.6;6
2026-W34;Тихий сад;Litres;2443;97.72;7
2026-W34;Северный экспресс;Ozon;3592;143.68;8
2026-W34;Дом у маяка;WB;2691;107.64;9
2026-W34;Игры разума;Litres;5400;216;10
2026-W34;Шёпот времени;Ozon;1560;62.4;4
2026-W34;Тихий сад;WB;1745;69.8;5
2026-W34;Северный экспресс;Litres;2694;107.76;6
2026-W34;Дом у маяка;Ozon;2093;83.72;7
2026-W34;Игры разума;WB;4320;172.8;8
2026-W34;Шёпот времени;Litres;3510;140.4;9
2026-W34;Тихий сад;Ozon;3490;139.6;10
2026-W34;Северный экспресс;WB;1796;71.84;4
2026-W34;Дом у маяка;Litres;1495;59.8;5
2026-W34;Игры разума;Ozon;3240;129.6;6
2026-W34;Шёпот времени;WB;2730;109.2;7
2026-W34;Тихий сад;Litres;2792;111.68;8
2026-W34;Северный экспресс;Ozon;4041;161.64;9
2026-W34;Дом у маяка;WB;2990;119.6;10
2026-W34;Игры разума;Litres;2160;86.4;4
2026-W34;Шёпот времени;Ozon;1950;78;5
2026-W34;Тихий сад;WB;2094;83.76;6
2026-W34;Северный экспресс;Litres;3143;125.72;7
2026-W34;Дом у маяка;Ozon;2392;95.68;8
2026-W34;Игры разума;WB;4860;194.4;9
2026-W34;Шёпот времени;Litres;3900;156;10
2026-W34;Тихий сад;Ozon;1396;55.84;4
2026-W34;Северный экспресс;WB;2245;89.8;5
2026-W34;Дом у маяка;Litres;1794;71.76;6
2026-W34;Игры разума;Ozon;3780;151.2;7
2026-W34;Шёпот времени;WB;3120;124.8;8
2026-W34;Тихий сад;Litres;3141;125.64;9
2026-W34;Северный экспресс;Ozon;4490;179.6;10
2026-W34;Дом у маяка;WB;1196;47.84;4
2026-W34;Игры разума;Litres;2700;108;5
2026-W34;Шёпот времени;Ozon;2340;93.6;6
2026-W34;Тихий сад;WB;2443;97.72;7
2026-W34;Северный экспресс;Litres;3592;143.68;8
2026-W34;Дом у маяка;Ozon;2691;107.64;9
2026-W34;Игры разума;WB;5400;216;10
2026-W34;Шёпот времени;Litres;1560;62.4;4
2026-W34;Тихий сад;Ozon;1745;69.8;5
2026-W34;Северный экспресс;WB;2694;107.76;6
2026-W34;Дом у маяка;Litres;2093;83.72;7
2026-W34;Игры разума;Ozon;4320;172.8;8
2026-W34;Шёпот времени;WB;3510;140.4;9
2026-W34;Тихий сад;Litres;3490;139.6;10
2026-W34;Северный экспресс;Ozon;1796;71.84;4
2026-W34;Дом у маяка;WB;1495;59.8;5
2026-W34;Игры разума;Litres;3240;129.6;6
2026-W34;Шёпот времени;Ozon;2730;109.2;7
2026-W34;Тихий сад;WB;2792;111.68;8
2026-W34;Северный экспресс;Litres;4041;161.64;9
2026-W34;Дом у маяка;Ozon;2990;119.6;10
2026-W34;Игры разума;WB;2160;86.4;4
2026-W34;Шёпот времени;Litres;1950;78;5
2026-W34;Тихий сад;Ozon;2094;83.76;6
2026-W34;Северный экспресс;WB;3143;125.72;7
2026-W34;Дом у маяка;Litres;2392;95.68;8
2026-W34;Игры разума;Ozon;4860;194.4;9
2026-W34;Шёпот времени;WB;3900;156;10
2026-W34;Тихий сад;Litres;1396;55.84;4
2026-W34;Северный экспресс;Ozon;2245;89.8;5
2026-W34;Дом у маяка;WB;1794;71.76;6
2026-W34;Игры разума;Litres;3780;151.2;7
2026-W34;Шёпот времени;Ozon;3120;124.8;8
2026-W34;Тихий сад;WB;3141;125.64;9
2026-W34;Северный экспресс;Litres;4490;179.6;10
2026-W34;Дом у маяка;Ozon;1196;47.84;4
2026-W34;Игры разума;WB;2700;108;5
2026-W34;Шёпот времени;Litres;2340;93.6;6
2026-W34;Тихий сад;Ozon;2443;97.72;7
2026-W34;Северный экспресс;WB;3592;143.68;8
2026-W34;Дом у маяка;Litres;2691;107.64;9
2026-W34;Игры разума;Ozon;5400;216;10
2026-W34;Шёпот времени;WB;1560;62.4;4
2026-W34;Тихий сад;Litres;1745;69.8;5
2026-W34;Северный экспресс;Ozon;2694;107.76;6
2026-W34;Дом у маяка;WB;2093;83.72;7
2026-W34;Игры разума;Litres;4320;172.8;8
2026-W34;Шёпот времени;Ozon;3510;140.4;9
2026-W34;Тихий сад;WB;3490;139.6;10
2026-W34;Северный экспресс;Litres;1796;71.84;4
2026-W34;Дом у маяка;Ozon;1495;59.8;5
2026-W34;Игры разума;WB;3240;129.6;6
2026-W34;Шёпот времени;Litres;2730;109.2;7
2026-W34;Тихий сад;Ozon;2792;111.68;8
2026-W34;Северный экспресс;WB;4041;161.64;9
2026-W34;Дом у маяка;Litres;2990;119.6;10
2026-W34;Игры разума;Ozon;2160;86.4;4
2026-W34;Шёпот времени;WB;1950;78;5
2026-W34;Тихий сад;Litres;2094;83.76;6
2026-W34;Северный экспресс;Ozon;3143;125.72;7
2026-W34;Дом у маяка;WB;2392;95.68;8
2026-W34;Игры разума;Litres;4860;194.4;9
2026-W34;Шёпот времени;Ozon;3900;156;10
2026-W34;Тихий сад;WB;1396;55.84;4
2026-W34;Северный экспресс;Litres;2245;89.8;5
2026-W34;Дом у маяка;Ozon;1794;71.76;6
2026-W34;Игры разума;WB;3780;151.2;7
2026-W34;Шёпот времени;Litres;3120;124.8;8
2026-W34;Тихий сад;Ozon;3141;125.64;9
2026-W34;Северный экспресс;WB;4490;179.6;10
2026-W34;Дом у маяка;Litres;1196;47.84;4
2026-W34;Игры разума;Ozon;2700;108;5
2026-W34;Шёпот времени;WB;2340;93.6;6
2026-W34;Тихий сад;Litres;2443;97.72;7
2026-W34;Северный экспресс;Ozon;3592;143.68;8
2026-W34;Дом у маяка;WB;2691;107.64;9
2026-W34;Игры разума;Litres;5400;216;10
2026-W34;Шёпот времени;Ozon;1560;62.4;4
2026-W34;Тихий сад;WB;1745;69.8;5
2026-W34;Северный экспресс;Litres;2694;107.76;6
2026-W34;Дом у маяка;Ozon;2093;83.72;7
2026-W34;Игры разума;WB;4320;172.8;8
2026-W34;Шёпот времени;Litres;3510;140.4;9
2026-W34;Тихий сад;Ozon;3490;139.6;10
2026-W34;Северный экспресс;WB;1796;71.84;4
2026-W34;Дом у маяка;Litres;1495;59.8;5
2026-W34;Игры разума;Ozon;3240;129.6;6
2026-W34;Шёпот времени;WB;2730;109.2;7
2026-W34;Тихий сад;Litres;2792;111.68;8
2026-W34;Северный экспресс;Ozon;4041;161.64;9
2026-W34;Дом у маяка;WB;2990;119.6;10
2026-W34;Игры разума;Litres;2160;86.4;4
2026-W34;Шёпот времени;Ozon;1950;78;5
2026-W34;Тихий сад;WB;2094;83.76;6
2026-W34;Северный экспресс;Litres;3143;125.72;7
2026-W34;Дом у маяка;Ozon;2392;95.68;8
2026-W34;Игры разума;WB;4860;194.4;9
2026-W34;Шёпот времени;Litres;3900;156;10
2026-W34;Тихий сад;Ozon;1396;55.84;4
2026-W34;Северный экспресс;WB;2245;89.8;5
2026-W34;Дом у маяка;Litres;1794;71.76;6
2026-W34;Игры разума;Ozon;3780;151.2;7
2026-W34;Шёпот времени;WB;3120;124.8;8
2026-W34;Тихий сад;Litres;3141;125.64;9
2026-W34;Северный экспресс;Ozon;4490;179.6;10
2026-W34;Дом у маяка;WB;1196;47.84;4
2026-W34;Игры разума;Litres;2700;108;5
2026-W34;Шёпот времени;Ozon;2340;93.6;6
2026-W34;Тихий сад;WB;2443;97.72;7
2026-W34;Северный экспресс;Litres;3592;143.68;8
2026-W34;Дом у маяка;Ozon;2691;107.64;9
2026-W34;Игры разума;WB;5400;216;10
2026-W34;Шёпот времени;Litres;1560;62.4;4
2026-W34;Тихий сад;Ozon;1745;69.8;5
2026-W34;Северный экспресс;WB;2694;107.76;6
2026-W34;Дом у маяка;Litres;2093;83.72;7
2026-W34;Игры разума;Ozon;4320;172.8;8
2026-W34;Шёпот времени;WB;3510;140.4;9
2026-W34;Тихий сад;Litres;3490;139.6;10
2026-W34;Северный экспресс;Ozon;1796;71.84;4
2026-W34;Дом у маяка;WB;1495;59.8;5
2026-W34;Игры разума;Litres;3240;129.6;6
2026-W34;Шёпот времени;Ozon;2730;109.2;7
2026-W34;Тихий сад;WB;2792;111.68;8
2026-W34;Северный экспресс;Litres;4041;161.64;9
2026-W34;Дом у маяка;Ozon;2990;119.6;10
2026-W34;Игры разума;WB;2160;86.4;4
2026-W34;Шёпот времени;Litres;1950;78;5
2026-W34;Тихий сад;Ozon;2094;83.76;6
2026-W34;Северный экспресс;WB;3143;125.72;7
2026-W34;Дом у маяка;Litres;2392;95.68;8
2026-W34;Игры разума;Ozon;4860;194.4;9
2026-W34;Шёпот времени;WB;3900;156;10
2026-W34;Тихий сад;Litres;1396;55.84;4
2026-W34;Северный экспресс;Ozon;2245;89.8;5
2026-W34;Дом у маяка;WB;1794;71.76;6
2026-W34;Игры разума;Litres;3780;151.2;7
2026-W34;Шёпот времени;Ozon;3120;124.8;8
2026-W34;Тихий сад;WB;3141;125.64;9
2026-W34;Северный экспресс;Litres;4490;179.6;10
2026-W34;Дом у маяка;Ozon;1196;47.84;4
2026-W34;Игры разума;WB;2700;108;5
2026-W34;Шёпот времени;Litres;2340;93.6;6
2026-W34;Тихий сад;Ozon;2443;97.72;7
2026-W34;Северный экспресс;WB;3592;143.68;8
2026-W34;Дом у маяка;Litres;2691;107.64;9
2026-W34;Игры разума;Ozon;5400;216;10
2026-W34;Шёпот времени;WB;1560;62.4;4
2026-W34;Тихий сад;Litres;1745;69.8;5
2026-W34;Северный экспресс;Ozon;2694;107.76;6
2026-W34;Дом у маяка;WB;2093;83.72;7
2026-W34;Игры разума;Litres;4320;172.8;8
2026-W34;Шёпот времени;Ozon;3510;140.4;9
2026-W34;Тихий сад;WB;3490;139.6;10
2026-W34;Северный экспресс;Litres;1796;71.84;4
2026-W34;Дом у маяка;Ozon;1495;59.8;5
2026-W34;Игры разума;WB;3240;129.6;6
2026-W34;Шёпот времени;Litres;2730;109.2;7
2026-W34;Тихий сад;Ozon;2792;111.68;8
2026-W34;Северный экспресс;WB;4041;161.64;9
2026-W34;Дом у маяка;Litres;2990;119.6;10
2026-W34;Игры разума;Ozon;2160;86.4;4
2026-W34;Шёпот времени;WB;1950;78;5
2026-W34;Тихий сад;Litres;2094;83.76;6
2026-W34;Северный экспресс;Ozon;3143;125.72;7
2026-W34;Дом у маяка;WB;2392;95.68;8
2026-W34;Игры разума;Litres;4860;194.4;9
2026-W34;Шёпот времени;Ozon;3900;156;10
2026-W34;Тихий сад;WB;1396;55.84;4
2026-W34;Северный экспресс;Litres;2245;89.8;5
2026-W34;Дом у маяка;Ozon;1794;71.76;6
2026-W34;Игры разума;WB;3780;151.2;7
2026-W34;Шёпот времени;Litres;3120;124.8;8
2026-W34;Тихий сад;Ozon;3141;125.64;9
2026-W34;Северный экспресс;WB;4490;179.6;10
2026-W34;Дом у маяка;Litres;1196;47.84;4
2026-W34;Игры разума;Ozon;2700;108;5
2026-W34;Шёпот времени;WB;2340;93.6;6
2026-W34;Тихий сад;Litres;2443;97.72;7
2026-W34;Северный экспресс;Ozon;3592;143.68;8
2026-W34;Дом у маяка;WB;2691;107.64;9
2026-W34;Игры разума;Litres;5400;216;10
2026-W34;Шёпот времени;Ozon;1560;62.4;4
2026-W34;Тихий сад;WB;1745;69.8;5
2026-W34;Северный экспресс;Litres;2694;107.76;6
2026-W34;Дом у маяка;Ozon;2093;83.72;7
2026-W34;Игры разума;WB;4320;172.8;8
2026-W34;Шёпот времени;Litres;3510;140.4;9
2026-W34;Тихий сад;Ozon;3490;139.6;10
2026-W34;Северный экспресс;WB;1796;71.84;4
2026-W34;Дом у маяка;Litres;1495;59.8;5
2026-W34;Игры разума;Ozon;3240;129.6;6
2026-W34;Шёпот времени;WB;2730;109.2;7
2026-W34;Тихий сад;Litres;2792;111.68;8
2026-W34;Северный экспресс;Ozon;4041;161.64;9
2026-W34;Дом у маяка;WB;2990;119.6;10
2026-W34;Игры разума;Litres;2160;86.4;4
2026-W34;Шёпот времени;Ozon;1950;78;5
2026-W34;Тихий сад;WB;2094;83.76;6
2026-W34;Северный экспресс;Litres;3143;125.72;7
2026-W34;Дом у маяка;Ozon;2392;95.68;8
2026-W34;Игры разума;WB;4860;194.4;9
2026-W34;Шёпот времени;Litres;3900;156;10
2026-W34;Тихий сад;Ozon;1396;55.84;4
2026-W34;Северный экспресс;WB;2245;89.8;5
2026-W34;Дом у маяка;Litres;1794;71.76;6
2026-W34;Игры разума;Ozon;3780;151.2;7
2026-W34;Шёпот времени;WB;3120;124.8;8
2026-W34;Тихий сад;Litres;3141;125.64;9
2026-W34;Северный экспресс;Ozon;4490;179.6;10
2026-W34;Дом у маяка;WB;1196;47.84;4
2026-W34;Игры разума;Litres;2700;108;5
2026-W34;Шёпот времени;Ozon;2340;93.6;6
2026-W34;Тихий сад;WB;2443;97.72;7
2026-W34;Северный экспресс;Litres;3592;143.68;8
2026-W34;Дом у маяка;Ozon;2691;107.64;9
2026-W34;Игры разума;WB;5400;216;10
2026-W34;Шёпот времени;Litres;1560;62.4;4
2026-W34;Тихий сад;Ozon;1745;69.8;5
2026-W34;Северный экспресс;WB;2694;107.76;6
2026-W34;Дом у маяка;Litres;2093;83.72;7
2026-W34;Игры разума;Ozon;4320;172.8;8
2026-W34;Шёпот времени;WB;3510;140.4;9
2026-W34;Тихий сад;Litres;3490;139.6;10
2026-W34;Северный экспресс;Ozon;1796;71.84;4
2026-W34;Дом у маяка;WB;1495;59.8;5
2026-W34;Игры разума;Litres;3240;129.6;6
2026-W34;Шёпот времени;Ozon;2730;109.2;7
2026-W34;Тихий сад;WB;2792;111.68;8
2026-W34;Северный экспресс;Litres;4041;161.64;9
2026-W34;Дом у маяка;Ozon;2990;119.6;10
2026-W34;Игры разума;WB;2160;86.4;4
2026-W34;Шёпот времени;Litres;1950;78;5
2026-W34;Тихий сад;Ozon;2094;83.76;6
2026-W34;Северный экспресс;WB;3143;125.72;7
2026-W34;Дом у маяка;Litres;2392;95.68;8
2026-W34;Игры разума;Ozon;4860;194.4;9
2026-W34;Шёпот времени;WB;3900;156;10
2026-W34;Тихий сад;Litres;1396;55.84;4
2026-W34;Северный экспресс;Ozon;2245;89.8;5
2026-W34;Дом у маяка;WB;1794;71.76;6
2026-W34;Игры разума;Litres;3780;151.2;7
2026-W34;Шёпот времени;Ozon;3120;124.8;8
2026-W34;Тихий сад;WB;3141;125.64;9
2026-W34;Северный экспресс;Litres;4490;179.6;10
2026-W34;Дом у маяка;Ozon;1196;47.84;4
2026-W34;Игры разума;WB;2700;108;5
2026-W34;Шёпот времени;Litres;2340;93.6;6
2026-W34;Тихий сад;Ozon;2443;97.72;7
2026-W34;Северный экспресс;WB;3592;143.68;8
2026-W34;Дом у маяка;Litres;2691;107.64;9
2026-W34;Игры разума;Ozon;5400;216;10
2026-W34;Шёпот времени;WB;1560;62.4;4
2026-W34;Тихий сад;Litres;1745;69.8;5
2026-W34;Северный экспресс;Ozon;2694;107.76;6
2026-W34;Дом у маяка;WB;2093;83.72;7
2026-W34;Игры разума;Litres;4320;172.8;8
2026-W34;Шёпот времени;Ozon;3510;140.4;9
2026-W34;Тихий сад;WB;3490;139.6;10
2026-W34;Северный экспресс;Litres;1796;71.84;4
2026-W34;Дом у маяка;Ozon;1495;59.8;5
2026-W34;Игры разума;WB;3240;129.6;6
2026-W34;Шёпот времени;Litres;2730;109.2;7
2026-W34;Тихий сад;Ozon;2792;111.68;8
2026-W34;Северный экспресс;WB;4041;161.64;9
2026-W34;Дом у маяка;Litres;2990;119.6;10
2026-W34;Игры разума;Ozon;2160;86.4;4
2026-W34;Шёпот времени;WB;1950;78;5
2026-W34;Тихий сад;Litres;2094;83.76;6
2026-W34;Северный экспресс;Ozon;3143;125.72;7
2026-W34;Дом у маяка;WB;2392;95.68;8
2026-W34;Игры разума;Litres;4860;194.4;9
2026-W34;Шёпот времени;Ozon;3900;156;10
2026-W34;Тихий сад;WB;1396;55.84;4
2026-W34;Северный экспресс;Litres;2245;89.8;5
2026-W34;Дом у маяка;Ozon;1794;71.76;6
2026-W34;Игры разума;WB;3780;151.2;7
2026-W34;Шёпот времени;Litres;3120;124.8;8
2026-W34;Тихий сад;Ozon;3141;125.64;9
2026-W34;Северный экспресс;WB;4490;179.6;10
2026-W34;Дом у маяка;Litres;1196;47.84;4
2026-W34;Игры разума;Ozon;2700;108;5
2026-W34;Шёпот времени;WB;2340;93.6;6
2026-W34;Тихий сад;Litres;2443;97.72;7
2026-W34;Северный экспресс;Ozon;3592;143.68;8
2026-W34;Дом у маяка;WB;2691;107.64;9
2026-W34;Игры разума;Litres;5400;216;10
2026-W34;Шёпот времени;Ozon;1560;62.4;4
2026-W34;Тихий сад;WB;1745;69.8;5
2026-W34;Северный экспресс;Litres;2694;107.76;6
2026-W34;Дом у маяка;Ozon;2093;83.72;7
2026-W34;Игры разума;WB;4320;172.8;8
2026-W34;Шёпот времени;Litres;3510;140.4;9
2026-W34;Тихий сад;Ozon;3490;139.6;10
2026-W34;Северный экспресс;WB;1796;71.84;4
2026-W34;Дом у маяка;Litres;1495;59.8;5
2026-W34;Игры разума;Ozon;3240;129.6;6
2026-W34;Шёпот времени;WB;2730;109.2;7
2026-W34;Тихий сад;Litres;2792;111.68;8
2026-W34;Северный экспресс;Ozon;4041;161.64;9
2026-W34;Дом у маяка;WB;2990;119.6;10
2026-W34;Игры разума;Litres;2160;86.4;4
2026-W34;Шёпот времени;Ozon;1950;78;5
2026-W34;Тихий сад;WB;2094;83.76;6
2026-W34;Северный экспресс;Litres;3143;125.72;7
2026-W34;Дом у маяка;Ozon;2392;95.68;8
2026-W34;Игры разума;WB;4860;194.4;9
2026-W34;Шёпот времени;Litres;3900;156;10
2026-W34;Тихий сад;Ozon;1396;55.84;4
2026-W34;Северный экспресс;WB;2245;89.8;5
2026-W34;Дом у маяка;Litres;1794;71.76;6
2026-W34;Игры разума;Ozon;3780;151.2;7
2026-W34;Шёпот времени;WB;3120;124.8;8
2026-W34;Тихий сад;Litres;3141;125.64;9
2026-W34;Северный экспресс;Ozon;4490;179.6;10
2026-W34;Дом у маяка;WB;1196;47.84;4
2026-W34;Игры разума;Litres;2700;108;5
2026-W34;Шёпот времени;Ozon;2340;93.6;6
2026-W34;Тихий сад;WB;2443;97.72;7
2026-W34;Северный экспресс;Litres;3592;143.68;8
2026-W34;Дом у маяка;Ozon;2691;107.64;9
2026-W34;Игры разума;WB;5400;216;10
2026-W34;Шёпот времени;Litres;1560;62.4;4
2026-W34;Тихий сад;Ozon;1745;69.8;5
2026-W34;Северный экспресс;WB;2694;107.76;6
2026-W34;Дом у маяка;Litres;2093;83.72;7
2026-W34;Игры разума;Ozon;4320;172.8;8
2026-W34;Шёпот времени;WB;3510;140.4;9
2026-W34;Тихий сад;Litres;3490;139.6;10
2026-W34;Северный экспресс;Ozon;1796;71.84;4
2026-W34;Дом у маяка;WB;1495;59.8;5
2026-W34;Игры разума;Litres;3240;129.6;6
2026-W34;Шёпот времени;Ozon;2730;109.2;7
2026-W34;Тихий сад;WB;2792;111.68;8
2026-W34;Северный экспресс;Litres;4041;161.64;9
2026-W34;Дом у маяка;Ozon;2990;119.6;10
2026-W34;Игры разума;WB;2160;86.4;4
2026-W34;Шёпот времени;Litres;1950;78;5
2026-W34;Тихий сад;Ozon;2094;83.76;6
2026-W34;Северный экспресс;WB;3143;125.72;7
2026-W34;Дом у маяка;Litres;2392;95.68;8
2026-W34;Игры разума;Ozon;4860;194.4;9
2026-W34;Шёпот времени;WB;3900;156;10
2026-W34;Тихий сад;Litres;1396;55.84;4
2026-W34;Северный экспресс;Ozon;2245;89.8;5
2026-W34;Дом у маяка;WB;1794;71.76;6
2026-W34;Игры разума;Litres;3780;151.2;7
2026-W34;Шёпот времени;Ozon;3120;124.8;8
2026-W34;Тихий сад;WB;3141;125.64;9
2026-W34;Северный экспресс;Litres;4490;179.6;10
2026-W34;Дом у маяка;Ozon;1196;47.84;4
2026-W34;Игры разума;WB;2700;108;5
2026-W34;Шёпот времени;Litres;2340;93.6;6
2026-W34;Тихий сад;Ozon;2443;97.72;7
2026-W34;Северный экспресс;WB;3592;143.68;8
2026-W34;Дом у маяка;Litres;2691;107.64;9
2026-W34;Игры разума;Ozon;5400;216;10
2026-W34;Шёпот времени;WB;1560;62.4;4
2026-W34;Тихий сад;Litres;1745;69.8;5
2026-W34;Северный экспресс;Ozon;2694;107.76;6
2026-W34;Дом у маяка;WB;2093;83.72;7
2026-W34;Игры разума;Litres;4320;172.8;8
2026-W34;Шёпот времени;Ozon;3510;140.4;9
2026-W34;Тихий сад;WB;3490;139.6;10
2026-W34;Северный экспресс;Litres;1796;71.84;4
2026-W34;Дом у маяка;Ozon;1495;59.8;5
2026-W34;Игры разума;WB;3240;129.6;6
2026-W34;Шёпот времени;Litres;2730;109.2;7
2026-W34;Тихий сад;Ozon;2792;111.68;8
2026-W34;Северный экспресс;WB;4041;161.64;9
2026-W34;Дом у маяка;Litres;2990;119.6;10
2026-W34;Игры разума;Ozon;2160;86.4;4
2026-W34;Шёпот времени;WB;1950;78;5
2026-W34;Тихий сад;Litres;2094;83.76;6
2026-W34;Северный экспресс;Ozon;3143;125.72;7
2026-W34;Дом у маяка;WB;2392;95.68;8
2026-W34;Игры разума;Litres;4860;194.4;9
2026-W34;Шёпот времени;Ozon;3900;156;10
2026-W34;Тихий сад;WB;1396;55.84;4
2026-W34;Северный экспресс;Litres;2245;89.8;5
2026-W34;Дом у маяка;Ozon;1794;71.76;6
2026-W34;Игры разума;WB;3780;151.2;7
2026-W34;Шёпот времени;Litres;3120;124.8;8
2026-W34;Тихий сад;Ozon;3141;125.64;9
2026-W34;Северный экспресс;WB;4490;179.6;10
2026-W34;Дом у маяка;Litres;1196;47.84;4
2026-W34;Игры разума;Ozon;2700;108;5
2026-W34;Шёпот времени;WB;2340;93.6;6
2026-W34;Тихий сад;Litres;2443;97.72;7
2026-W34;Северный экспресс;Ozon;3592;143.68;8
2026-W34;Дом у маяка;WB;2691;107.64;9
2026-W34;Игры разума;Litres;5400;216;10
2026-W34;Шёпот времени;Ozon;1560;62.4;4
2026-W34;Тихий сад;WB;1745;69.8;5
2026-W34;Северный экспресс;Litres;2694;107.76;6
2026-W34;Дом у маяка;Ozon;2093;83.72;7
2026-W34;Игры разума;WB;4320;172.8;8
2026-W34;Шёпот времени;Litres;3510;140.4;9
2026-W34;Тихий сад;Ozon;3490;139.6;10
2026-W34;Северный экспресс;WB;1796;71.84;4
2026-W34;Дом у маяка;Litres;1495;59.8;5
2026-W34;Игры разума;Ozon;3240;129.6;6
2026-W34;Шёпот времени;WB;2730;109.2;7
2026-W34;Тихий сад;Litres;2792;111.68;8
2026-W34;Северный экспресс;Ozon;4041;161.64;9
2026-W34;Дом у маяка;WB;2990;119.6;10
2026-W34;Игры разума;Litres;2160;86.4;4
2026-W34;Шёпот времени;Ozon;1950;78;5
2026-W34;Тихий сад;WB;2094;83.76;6
2026-W34;Северный экспресс;Litres;3143;125.72;7
2026-W34;Дом у маяка;Ozon;2392;95.68;8
2026-W34;Игры разума;WB;4860;194.4;9
2026-W34;Шёпот времени;Litres;3900;156;10
2026-W34;Тихий сад;Ozon;1396;55.84;4
2026-W34;Северный экспресс;WB;2245;89.8;5
2026-W34;Дом у маяка;Litres;1794;71.76;6
2026-W34;Игры разума;Ozon;3780;151.2;7
2026-W34;Шёпот времени;WB;3120;124.8;8
2026-W34;Тихий сад;Litres;3141;125.64;9
2026-W34;Северный экспресс;Ozon;4490;179.6;10
2026-W34;Дом у маяка;WB;1196;47.84;4
2026-W34;Игры разума;Litres;2700;108;5
2026-W34;Шёпот времени;Ozon;2340;93.6;6
2026-W34;Тихий сад;WB;2443;97.72;7
2026-W34;Северный экспресс;Litres;3592;143.68;8
2026-W34;Дом у маяка;Ozon;2691;107.64;9
2026-W34;Игры разума;WB;5400;216;10
2026-W34;Шёпот времени;Litres;1560;62.4;4
2026-W34;Тихий сад;Ozon;1745;69.8;5
2026-W34;Северный экспресс;WB;2694;107.76;6
2026-W34;Дом у маяка;Litres;2093;83.72;7
2026-W34;Игры разума;Ozon;4320;172.8;8
2026-W34;Шёпот времени;WB;3510;140.4;9
2026-W34;Тихий сад;Litres;3490;139.6;10
2026-W34;Северный экспресс;Ozon;1796;71.84;4
2026-W34;Дом у маяка;WB;1495;59.8;5
2026-W34;Игры разума;Litres;3240;129.6;6
2026-W34;Шёпот времени;Ozon;2730;109.2;7
2026-W34;Тихий сад;WB;2792;111.68;8
2026-W34;Северный экспресс;Litres;4041;161.64;9
2026-W34;Дом у маяка;Ozon;2990;119.6;10
2026-W34;Игры разума;WB;2160;86.4;4
2026-W34;Шёпот времени;Litres;1950;78;5
2026-W34;Тихий сад;Ozon;2094;83.76;6
2026-W34;Северный экспресс;WB;3143;125.72;7
2026-W34;Дом у маяка;Litres;2392;95.68;8
2026-W34;Игры разума;Ozon;4860;194.4;9
2026-W34;Шёпот времени;WB;3900;156;10
2026-W34;Тихий сад;Litres;1396;55.84;4
2026-W34;Северный экспресс;Ozon;2245;89.8;5
2026-W34;Дом у маяка;WB;1794;71.76;6
2026-W34;Игры разума;Litres;3780;151.2;7
2026-W34;Шёпот времени;Ozon;3120;124.8;8
2026-W34;Тихий сад;WB;3141;125.64;9
2026-W34;Северный экспресс;Litres;4490;179.6;10
2026-W34;Дом у маяка;Ozon;1196;47.84;4
2026-W34;Игры разума;WB;2700;108;5
2026-W34;Шёпот времени;Litres;2340;93.6;6
2026-W34;Тихий сад;Ozon;2443;97.72;7
2026-W34;Северный экспресс;WB;3592;143.68;8
2026-W34;Дом у маяка;Litres;2691;107.64;9
2026-W34;Игры разума;Ozon;5400;216;10
2026-W34;Шёпот времени;WB;1560;62.4;4
2026-W34;Тихий сад;Litres;1745;69.8;5
2026-W34;Северный экспресс;Ozon;2694;107.76;6
2026-W34;Дом у маяка;WB;2093;83.72;7
2026-W34;Игры разума;Litres;4320;172.8;8
2026-W34;Шёпот времени;Ozon;3510;140.4;9
2026-W34;Тихий сад;WB;3490;139.6;10
2026-W34;Северный экспресс;Litres;1796;71.84;4
2026-W34;Дом у маяка;Ozon;1495;59.8;5
2026-W34;Игры разума;WB;3240;129.6;6
2026-W34;Шёпот времени;Litres;2730;109.2;7
2026-W34;Тихий сад;Ozon;2792;111.68;8
2026-W34;Северный экспресс;WB;4041;161.64;9
2026-W34;Дом у маяка;Litres;2990;119.6;10
2026-W34;Игры разума;Ozon;2160;86.4;4
2026-W34;Шёпот времени;WB;1950;78;5
2026-W34;Тихий сад;Litres;2094;83.76;6
2026-W34;Северный экспресс;Ozon;3143;125.72;7
2026-W34;Дом у маяка;WB;2392;95.68;8
2026-W34;Игры разума;Litres;4860;194.4;9
2026-W34;Шёпот времени;Ozon;3900;156;10
2026-W34;Тихий сад;WB;1396;55.84;4
2026-W34;Северный экспресс;Litres;2245;89.8;5
2026-W34;Дом у маяка;Ozon;1794;71.76;6
2026-W34;Игры разума;WB;3780;151.2;7
2026-W34;Шёпот времени;Litres;3120;124.8;8
2026-W34;Тихий сад;Ozon;3141;125.64;9
2026-W34;Северный экспресс;WB;4490;179.6;10
2026-W34;Дом у маяка;Litres;1196;47.84;4
2026-W34;Игры разума;Ozon;2700;108;5
2026-W34;Шёпот времени;WB;2340;93.6;6
2026-W34;Тихий сад;Litres;2443;97.72;7
2026-W34;Северный экспресс;Ozon;3592;143.68;8
2026-W34;Дом у маяка;WB;2691;107.64;9
2026-W34;Игры разума;Litres;5400;216;10
2026-W34;Шёпот времени;Ozon;1560;62.4;4
2026-W34;Тихий сад;WB;1745;69.8;5
2026-W34;Северный экспресс;Litres;2694;107.76;6
2026-W34;Дом у маяка;Ozon;2093;83.72;7
2026-W34;Игры разума;WB;4320;172.8;8
2026-W34;Шёпот времени;Litres;3510;140.4;9
2026-W34;Тихий сад;Ozon;3490;139.6;10
2026-W34;Северный экспресс;WB;1796;71.84;4
2026-W34;Дом у маяка;Litres;1495;59.8;5
2026-W34;Игры разума;Ozon;3240;129.6;6
2026-W34;Шёпот времени;WB;2730;109.2;7
2026-W34;Тихий сад;Litres;2792;111.68;8
2026-W34;Северный экспресс;Ozon;4041;161.64;9
2026-W34;Дом у маяка;WB;2990;119.6;10
2026-W34;Игры разума;Litres;2160;86.4;4
2026-W34;Шёпот времени;Ozon;1950;78;5
2026-W34;Тихий сад;WB;2094;83.76;6
2026-W34;Северный экспресс;Litres;3143;125.72;7
2026-W34;Дом у маяка;Ozon;2392;95.68;8
2026-W34;Игры разума;WB;4860;194.4;9
2026-W34;Шёпот времени;Litres;3900;156;10
2026-W34;Тихий сад;Ozon;1396;55.84;4
2026-W34;Северный экспресс;WB;2245;89.8;5
2026-W34;Дом у маяка;Litres;1794;71.76;6
2026-W34;Игры разума;Ozon;3780;151.2;7
2026-W34;Шёпот времени;WB;3120;124.8;8
2026-W34;Тихий сад;Litres;3141;125.64;9
2026-W34;Северный экспресс;Ozon;4490;179.6;10
2026-W34;Дом у маяка;WB;1196;47.84;4
2026-W34;Игры разума;Litres;2700;108;5
2026-W34;Шёпот времени;Ozon;2340;93.6;6
2026-W34;Тихий сад;WB;2443;97.72;7
2026-W34;Северный экспресс;Litres;3592;143.68;8
2026-W34;Дом у маяка;Ozon;2691;107.64;9
2026-W34;Игры разума;WB;5400;216;10
2026-W34;Шёпот времени;Litres;1560;62.4;4
2026-W34;Тихий сад;Ozon;1745;69.8;5
2026-W34;Северный экспресс;WB;2694;107.76;6
2026-W34;Дом у маяка;Litres;2093;83.72;7
2026-W34;Игры разума;Ozon;4320;172.8;8
2026-W34;Шёпот времени;WB;3510;140.4;9
2026-W34;Тихий сад;Litres;3490;139.6;10
2026-W34;Северный экспресс;Ozon;1796;71.84;4
2026-W34;Дом у маяка;WB;1495;59.8;5
2026-W34;Игры разума;Litres;3240;129.6;6
2026-W34;Шёпот времени;Ozon;2730;109.2;7
2026-W34;Тихий сад;WB;2792;111.68;8
2026-W34;Северный экспресс;Litres;4041;161.64;9
2026-W34;Дом у маяка;Ozon;2990;119.6;10
2026-W34;Игры разума;WB;2160;86.4;4
2026-W34;Шёпот времени;Litres;1950;78;5
2026-W34;Тихий сад;Ozon;2094;83.76;6
2026-W34;Северный экспресс;WB;3143;125.72;7
2026-W34;Дом у маяка;Litres;2392;95.68;8
2026-W34;Игры разума;Ozon;4860;194.4;9
2026-W34;Шёпот времени;WB;3900;156;10
2026-W34;Тихий сад;Litres;1396;55.84;4
2026-W34;Северный экспресс;Ozon;2245;89.8;5
2026-W34;Дом у маяка;WB;1794;71.76;6
2026-W34;Игры разума;Litres;3780;151.2;7
2026-W34;Шёпот времени;Ozon;3120;124.8;8
2026-W34;Тихий сад;WB;3141;125.64;9
2026-W34;Северный экспресс;Litres;4490;179.6;10
2026-W34;Дом у маяка;Ozon;1196;47.84;4
2026-W34;Игры разума;WB;2700;108;5
2026-W34;Шёпот времени;Litres;2340;93.6;6
2026-W34;Тихий сад;Ozon;2443;97.72;7
2026-W34;Северный экспресс;WB;3592;143.68;8
2026-W34;Дом у маяка;Litres;2691;107.64;9
2026-W34;Игры разума;Ozon;5400;216;10
2026-W34;Шёпот времени;WB;1560;62.4;4
2026-W34;Тихий сад;Litres;1745;69.8;5
2026-W34;Северный экспресс;Ozon;2694;107.76;6
2026-W34;Дом у маяка;WB;2093;83.72;7
2026-W34;Игры разума;Litres;4320;172.8;8
2026-W34;Шёпот времени;Ozon;3510;140.4;9
2026-W34;Тихий сад;WB;3490;139.6;10
2026-W34;Северный экспресс;Litres;1796;71.84;4
2026-W34;Дом у маяка;Ozon;1495;59.8;5
2026-W34;Игры разума;WB;3240;129.6;6
2026-W34;Шёпот времени;Litres;2730;109.2;7
2026-W34;Тихий сад;Ozon;2792;111.68;8
2026-W34;Северный экспресс;WB;4041;161.64;9
2026-W34;Дом у маяка;Litres;2990;119.6;10
2026-W34;Игры разума;Ozon;2160;86.4;4
2026-W34;Шёпот времени;WB;1950;78;5
2026-W34;Тихий сад;Litres;2094;83.76;6
2026-W34;Северный экспресс;Ozon;3143;125.72;7
2026-W34;Дом у маяка;WB;2392;95.68;8
2026-W34;Игры разума;Litres;4860;194.4;9
2026-W34;Шёпот времени;Ozon;3900;156;10
2026-W34;Тихий сад;WB;1396;55.84;4
2026-W34;Северный экспресс;Litres;2245;89.8;5
2026-W34;Дом у маяка;Ozon;1794;71.76;6
2026-W34;Игры разума;WB;3780;151.2;7
2026-W34;Шёпот времени;Litres;3120;124.8;8
2026-W34;Тихий сад;Ozon;3141;125.64;9
2026-W34;Северный экспресс;WB;4490;179.6;10
2026-W34;Дом у маяка;Litres;1196;47.84;4
2026-W34;Игры разума;Ozon;2700;108;5
2026-W34;Шёпот времени;WB;2340;93.6;6
2026-W34;Тихий сад;Litres;2443;97.72;7
2026-W34;Северный экспресс;Ozon;3592;143.68;8
2026-W34;Дом у маяка;WB;2691;107.64;9
2026-W34;Игры разума;Litres;5400;216;10
2026-W34;Шёпот времени;Ozon;1560;62.4;4
2026-W34;Тихий сад;WB;1745;69.8;5
2026-W34;Северный экспресс;Litres;2694;107.76;6
2026-W34;Дом у маяка;Ozon;2093;83.72;7
2026-W34;Игры разума;WB;4320;172.8;8
2026-W34;Шёпот времени;Litres;3510;140.4;9
2026-W34;Тихий сад;Ozon;3490;139.6;10
2026-W34;Северный экспресс;WB;1796;71.84;4
2026-W34;Дом у маяка;Litres;1495;59.8;5
2026-W34;Игры разума;Ozon;3240;129.6;6
2026-W34;Шёпот времени;WB;2730;109.2;7
2026-W34;Тихий сад;Litres;2792;111.68;8
2026-W34;Северный экспресс;Ozon;4041;161.64;9
2026-W34;Дом у маяка;WB;2990;119.6;10
2026-W34;Игры разума;Litres;2160;86.4;4
2026-W34;Шёпот времени;Ozon;1950;78;5
2026-W34;Тихий сад;WB;2094;83.76;6
2026-W34;Северный экспресс;Litres;3143;125.72;7
2026-W34;Дом у маяка;Ozon;2392;95.68;8
2026-W34;Игры разума;WB;4860;194.4;9
2026-W34;Шёпот времени;Litres;3900;156;10
2026-W34;Тихий сад;Ozon;1396;55.84;4
2026-W34;Северный экспресс;WB;2245;89.8;5
2026-W34;Дом у маяка;Litres;1794;71.76;6
2026-W34;Игры разума;Ozon;3780;151.2;7
2026-W34;Шёпот времени;WB;3120;124.8;8
2026-W34;Тихий сад;Litres;3141;125.64;9
2026-W34;Северный экспресс;Ozon;4490;179.6;10
2026-W34;Дом у маяка;WB;1196;47.84;4
2026-W34;Игры разума;Litres;2700;108;5
2026-W34;Шёпот времени;Ozon;2340;93.6;6
2026-W34;Тихий сад;WB;2443;97.72;7
2026-W34;Северный экспресс;Litres;3592;143.68;8
2026-W34;Дом у маяка;Ozon;2691;107.64;9
2026-W34;Игры разума;WB;5400;216;10
2026-W34;Шёпот времени;Litres;1560;62.4;4
2026-W34;Тихий сад;Ozon;1745;69.8;5
2026-W34;Северный экспресс;WB;2694;107.76;6
2026-W34;Дом у маяка;Litres;2093;83.72;7
2026-W34;Игры разума;Ozon;4320;172.8;8
2026-W34;Шёпот времени;WB;3510;140.4;9
2026-W34;Тихий сад;Litres;3490;139.6;10
2026-W34;Северный экспресс;Ozon;1796;71.84;4
2026-W34;Дом у маяка;WB;1495;59.8;5
2026-W34;Игры разума;Litres;3240;129.6;6
2026-W34;Шёпот времени;Ozon;2730;109.2;7
2026-W34;Тихий сад;WB;2792;111.68;8
2026-W34;Северный экспресс;Litres;4041;161.64;9
2026-W34;Дом у маяка;Ozon;2990;119.6;10
2026-W34;Игры разума;WB;2160;86.4;4
2026-W34;Шёпот времени;Litres;1950;78;5
2026-W34;Тихий сад;Ozon;2094;83.76;6
2026-W34;Северный экспресс;WB;3143;125.72;7
2026-W34;Дом у маяка;Litres;2392;95.68;8
2026-W34;Игры разума;Ozon;4860;194.4;9
2026-W34;Шёпот времени;WB;3900;156;10
2026-W34;Тихий сад;Litres;1396;55.84;4
2026-W34;Северный экспресс;Ozon;2245;89.8;5
2026-W34;Дом у маяка;WB;1794;71.76;6
2026-W34;Игры разума;Litres;3780;151.2;7
2026-W34;Шёпот времени;Ozon;3120;124.8;8
2026-W34;Тихий сад;WB;3141;125.64;9
2026-W34;Северный экспресс;Litres;4490;179.6;10
2026-W34;Дом у маяка;Ozon;1196;47.84;4
2026-W34;Игры разума;WB;2700;108;5
2026-W34;Шёпот времени;Litres;2340;93.6;6
2026-W34;Тихий сад;Ozon;2443;97.72;7
2026-W34;Северный экспресс;WB;3592;143.68;8
2026-W34;Дом у маяка;Litres;2691;107.64;9
2026-W34;Игры разума;Ozon;5400;216;10
2026-W34;Шёпот времени;WB;1560;62.4;4
2026-W34;Тихий сад;Litres;1745;69.8;5
2026-W34;Северный экспресс;Ozon;2694;107.76;6
2026-W34;Дом у маяка;WB;2093;83.72;7
2026-W34;Игры разума;Litres;4320;172.8;8
2026-W34;Шёпот времени;Ozon;3510;140.4;9
2026-W34;Тихий сад;WB;3490;139.6;10
2026-W34;Северный экспресс;Litres;1796;71.84;4
2026-W34;Дом у маяка;Ozon;1495;59.8;5
2026-W34;Игры разума;WB;3240;129.6;6
2026-W34;Шёпот времени;Litres;2730;109.2;7
2026-W34;Тихий сад;Ozon;2792;111.68;8
2026-W34;Северный экспресс;WB;4041;161.64;9
2026-W34;Дом у маяка;Litres;2990;119.6;10
2026-W34;Игры разума;Ozon;2160;86.4;4
2026-W34;Шёпот времени;WB;1950;78;5
2026-W34;Тихий сад;Litres;2094;83.76;6
2026-W34;Северный экспресс;Ozon;3143;125.72;7
2026-W34;Дом у маяка;WB;2392;95.68;8
2026-W34;Игры разума;Litres;4860;194.4;9
2026-W34;Шёпот времени;Ozon;3900;156;10
2026-W34;Тихий сад;WB;1396;55.84;4
2026-W34;Северный экспресс;Litres;2245;89.8;5
2026-W34;Дом у маяка;Ozon;1794;71.76;6
2026-W34;Игры разума;WB;3780;151.2;7
2026-W34;Шёпот времени;Litres;3120;124.8;8
2026-W34;Тихий сад;Ozon;3141;125.64;9
2026-W34;Северный экспресс;WB;4490;179.6;10
2026-W34;Дом у маяка;Litres;1196;47.84;4
2026-W34;Игры разума;Ozon;2700;108;5
2026-W34;Шёпот времени;WB;2340;93.6;6
2026-W34;Тихий сад;Litres;2443;97.72;7
2026-W34;Северный экспресс;Ozon;3592;143.68;8
2026-W34;Дом у маяка;WB;2691;107.64;9
2026-W34;Игры разума;Litres;5400;216;10
2026-W34;Шёпот времени;Ozon;1560;62.4;4
2026-W34;Тихий сад;WB;1745;69.8;5
2026-W34;Северный экспресс;Litres;2694;107.76;6
2026-W34;Дом у маяка;Ozon;2093;83.72;7
2026-W34;Игры разума;WB;4320;172.8;8
2026-W34;Шёпот времени;Litres;3510;140.4;9
2026-W34;Тихий сад;Ozon;3490;139.6;10
2026-W34;Северный экспресс;WB;1796;71.84;4
2026-W34;Дом у маяка;Litres;1495;59.8;5
2026-W34;Игры разума;Ozon;3240;129.6;6
2026-W34;Шёпот времени;WB;2730;109.2;7
2026-W34;Тихий сад;Litres;2792;111.68;8
2026-W34;Северный экспресс;Ozon;4041;161.64;9
2026-W34;Дом у маяка;WB;2990;119.6;10
2026-W34;Игры разума;Litres;2160;86.4;4
2026-W34;Шёпот времени;Ozon;1950;78;5
2026-W34;Тихий сад;WB;2094;83.76;6
2026-W34;Северный экспресс;Litres;3143;125.72;7
2026-W34;Дом у маяка;Ozon;2392;95.68;8
2026-W34;Игры разума;WB;4860;194.4;9
2026-W34;Шёпот времени;Litres;3900;156;10
2026-W34;Тихий сад;Ozon;1396;55.84;4
2026-W34;Северный экспресс;WB;2245;89.8;5
2026-W34;Дом у маяка;Litres;1794;71.76;6
2026-W34;Игры разума;Ozon;3780;151.2;7
2026-W34;Шёпот времени;WB;3120;124.8;8
2026-W34;Тихий сад;Litres;3141;125.64;9
2026-W34;Северный экспресс;Ozon;4490;179.6;10
2026-W34;Дом у маяка;WB;1196;47.84;4
2026-W34;Игры разума;Litres;2700;108;5
2026-W34;Шёпот времени;Ozon;2340;93.6;6
2026-W34;Тихий сад;WB;2443;97.72;7
2026-W34;Северный экспресс;Litres;3592;143.68;8
2026-W34;Дом у маяка;Ozon;2691;107.64;9
2026-W34;Игры разума;WB;5400;216;10
2026-W34;Шёпот времени;Litres;1560;62.4;4
2026-W34;Тихий сад;Ozon;1745;69.8;5
2026-W34;Северный экспресс;WB;2694;107.76;6
2026-W34;Дом у маяка;Litres;2093;83.72;7
2026-W34;Игры разума;Ozon;4320;172.8;8
2026-W34;Шёпот времени;WB;3510;140.4;9
2026-W34;Тихий сад;Litres;3490;139.6;10
2026-W34;Северный экспресс;Ozon;1796;71.84;4
2026-W34;Дом у маяка;WB;1495;59.8;5
2026-W34;Игры разума;Litres;3240;129.6;6
2026-W34;Шёпот времени;Ozon;2730;109.2;7
2026-W34;Тихий сад;WB;2792;111.68;8
2026-W34;Северный экспресс;Litres;4041;161.64;9
2026-W34;Дом у маяка;Ozon;2990;119.6;10
2026-W34;Игры разума;WB;2160;86.4;4
2026-W34;Шёпот времени;Litres;1950;78;5
2026-W34;Тихий сад;Ozon;2094;83.76;6
2026-W34;Северный экспресс;WB;3143;125.72;7
2026-W34;Дом у маяка;Litres;2392;95.68;8
2026-W34;Игры разума;Ozon;4860;194.4;9
2026-W34;Шёпот времени;WB;3900;156;10
2026-W34;Тихий сад;Litres;1396;55.84;4
2026-W34;Северный экспресс;Ozon;2245;89.8;5
2026-W34;Дом у маяка;WB;1794;71.76;6
2026-W34;Игры разума;Litres;3780;151.2;7
2026-W34;Шёпот времени;Ozon;3120;124.8;8
2026-W34;Тихий сад;WB;3141;125.64;9
2026-W34;Северный экспресс;Litres;4490;179.6;10
2026-W34;Дом у маяка;Ozon;1196;47.84;4
2026-W34;Игры разума;WB;2700;108;5
2026-W34;Шёпот времени;Litres;2340;93.6;6
2026-W34;Тихий сад;Ozon;2443;97.72;7
2026-W34;Северный экспресс;WB;3592;143.68;8
2026-W34;Дом у маяка;Litres;2691;107.64;9
2026-W34;Игры разума;Ozon;5400;216;10
2026-W34;Шёпот времени;WB;1560;62.4;4
2026-W34;Тихий сад;Litres;1745;69.8;5
2026-W34;Северный экспресс;Ozon;2694;107.76;6
2026-W34;Дом у маяка;WB;2093;83.72;7
2026-W34;Игры разума;Litres;4320;172.8;8
2026-W34;Шёпот времени;Ozon;3510;140.4;9
2026-W34;Тихий сад;WB;3490;139.6;10
2026-W34;Северный экспресс;Litres;1796;71.84;4
2026-W34;Дом у маяка;Ozon;1495;59.8;5
2026-W34;Игры разума;WB;3240;129.6;6
2026-W34;Шёпот времени;Litres;2730;109.2;7
2026-W34;Тихий сад;Ozon;2792;111.68;8
2026-W34;Северный экспресс;WB;4041;161.64;9
2026-W34;Дом у маяка;Litres;2990;119.6;10
2026-W34;Игры разума;Ozon;2160;86.4;4
2026-W34;Шёпот времени;WB;1950;78;5
2026-W34;Тихий сад;Litres;2094;83.76;6
2026-W34;Северный экспресс;Ozon;3143;125.72;7
2026-W34;Дом у маяка;WB;2392;95.68;8
2026-W34;Игры разума;Litres;4860;194.4;9
2026-W34;Шёпот времени;Ozon;3900;156;10
2026-W34;Тихий сад;WB;1396;55.84;4
2026-W34;Северный экспресс;Litres;2245;89.8;5
2026-W34;Дом у маяка;Ozon;1794;71.76;6
2026-W34;Игры разума;WB;3780;151.2;7
2026-W34;Шёпот времени;Litres;3120;124.8;8
2026-W34;Тихий сад;Ozon;3141;125.64;9
2026-W34;Северный экспресс;WB;4490;179.6;10
2026-W34;Дом у маяка;Litres;1196;47.84;4
2026-W34;Игры разума;Ozon;2700;108;5
2026-W34;Шёпот времени;WB;2340;93.6;6
2026-W34;Тихий сад;Litres;2443;97.72;7
2026-W34;Северный экспресс;Ozon;3592;143.68;8
2026-W34;Дом у маяка;WB;2691;107.64;9
2026-W34;Игры разума;Litres;5400;216;10
2026-W34;Шёпот времени;Ozon;1560;62.4;4
2026-W34;Тихий сад;WB;1745;69.8;5
2026-W34;Северный экспресс;Litres;2694;107.76;6
2026-W34;Дом у маяка;Ozon;2093;83.72;7
2026-W34;Игры разума;WB;4320;172.8;8
2026-W34;Шёпот времени;Litres;3510;140.4;9
2026-W34;Тихий сад;Ozon;3490;139.6;10
2026-W34;Северный экспресс;WB;1796;71.84;4
2026-W34;Дом у маяка;Litres;1495;59.8;5
2026-W34;Игры разума;Ozon;3240;129.6;6
2026-W34;Шёпот времени;WB;2730;109.2;7
2026-W34;Тихий сад;Litres;2792;111.68;8
2026-W34;Северный экспресс;Ozon;4041;161.64;9
2026-W34;Дом у маяка;WB;2990;119.6;10
2026-W34;Игры разума;Litres;2160;86.4;4
2026-W34;Шёпот времени;Ozon;1950;78;5
2026-W34;Тихий сад;WB;2094;83.76;6
2026-W34;Северный экспресс;Litres;3143;125.72;7
2026-W34;Дом у маяка;Ozon;2392;95.68;8
2026-W34;Игры разума;WB;4860;194.4;9
2026-W34;Шёпот времени;Litres;3900;156;10
2026-W34;Тихий сад;Ozon;1396;55.84;4
2026-W34;Северный экспресс;WB;2245;89.8;5
2026-W34;Дом у маяка;Litres;1794;71.76;6
2026-W34;Игры разума;Ozon;3780;151.2;7
2026-W34;Шёпот времени;WB;3120;124.8;8
2026-W34;Тихий сад;Litres;3141;125.64;9
2026-W34;Северный экспресс;Ozon;4490;179.6;10
2026-W34;Дом у маяка;WB;1196;47.84;4
2026-W34;Игры разума;Litres;2700;108;5
2026-W34;Шёпот времени;Ozon;2340;93.6;6
2026-W34;Тихий сад;WB;2443;97.72;7
2026-W34;Северный экспресс;Litres;3592;143.68;8
2026-W34;Дом у маяка;Ozon;2691;107.64;9
2026-W34;Игры разума;WB;5400;216;10
2026-W34;Шёпот времени;Litres;1560;62.4;4
2026-W34;Тихий сад;Ozon;1745;69.8;5
2026-W34;Северный экспресс;WB;2694;107.76;6
2026-W34;Дом у маяка;Litres;2093;83.72;7
2026-W34;Игры разума;Ozon;4320;172.8;8
2026-W34;Шёпот времени;WB;3510;140.4;9
2026-W34;Тихий сад;Litres;3490;139.6;10
2026-W34;Северный экспресс;Ozon;1796;71.84;4
2026-W34;Дом у маяка;WB;1495;59.8;5
2026-W34;Игры разума;Litres;3240;129.6;6
2026-W34;Шёпот времени;Ozon;2730;109.2;7
2026-W34;Тихий сад;WB;2792;111.68;8
2026-W34;Северный экспресс;Litres;4041;161.64;9
2026-W34;Дом у маяка;Ozon;2990;119.6;10
2026-W34;Игры разума;WB;2160;86.4;4
2026-W34;Шёпот времени;Litres;1950;78;5
2026-W34;Тихий сад;Ozon;2094;83.76;6
2026-W34;Северный экспресс;WB;3143;125.72;7
2026-W34;Дом у маяка;Litres;2392;95.68;8
2026-W34;Игры разума;Ozon;4860;194.4;9
2026-W34;Шёпот времени;WB;3900;156;10
2026-W34;Тихий сад;Litres;1396;55.84;4
2026-W34;Северный экспресс;Ozon;2245;89.8;5
2026-W34;Дом у маяка;WB;1794;71.76;6
2026-W34;Игры разума;Litres;3780;151.2;7
2026-W34;Шёпот времени;Ozon;3120;124.8;8
2026-W34;Тихий сад;WB;3141;125.64;9
2026-W34;Северный экспресс;Litres;4490;179.6;10
2026-W34;Дом у маяка;Ozon;1196;47.84;4
2026-W34;Игры разума;WB;2700;108;5
2026-W34;Шёпот времени;Litres;2340;93.6;6
2026-W34;Тихий сад;Ozon;2443;97.72;7
2026-W34;Северный экспресс;WB;3592;143.68;8
2026-W34;Дом у маяка;Litres;2691;107.64;9
2026-W34;Игры разума;Ozon;5400;216;10
2026-W34;Шёпот времени;WB;1560;62.4;4
2026-W34;Тихий сад;Litres;1745;69.8;5
2026-W34;Северный экспресс;Ozon;2694;107.76;6
2026-W34;Дом у маяка;WB;2093;83.72;7
2026-W34;Игры разума;Litres;4320;172.8;8
2026-W34;Шёпот времени;Ozon;3510;140.4;9
2026-W34;Тихий сад;WB;3490;139.6;10
2026-W34;Северный экспресс;Litres;1796;71.84;4
2026-W34;Дом у маяка;Ozon;1495;59.8;5
2026-W34;Игры разума;WB;3240;129.6;6
2026-W34;Шёпот времени;Litres;2730;109.2;7
2026-W34;Тихий сад;Ozon;2792;111.68;8
2026-W34;Северный экспресс;WB;4041;161.64;9
2026-W34;Дом у маяка;Litres;2990;119.6;10
2026-W34;Игры разума;Ozon;2160;86.4;4
2026-W34;Шёпот времени;WB;1950;78;5
2026-W34;Тихий сад;Litres;2094;83.76;6
2026-W34;Северный экспресс;Ozon;3143;125.72;7
2026-W34;Дом у маяка;WB;2392;95.68;8
2026-W34;Игры разума;Litres;4860;194.4;9
2026-W34;Шёпот времени;Ozon;3900;156;10
2026-W34;Тихий сад;WB;1396;55.84;4
2026-W34;Северный экспресс;Litres;2245;89.8;5
2026-W34;Дом у маяка;Ozon;1794;71.76;6
2026-W34;Игры разума;WB;3780;151.2;7
2026-W34;Шёпот времени;Litres;3120;124.8;8
2026-W34;Тихий сад;Ozon;3141;125.64;9
2026-W34;Северный экспресс;WB;4490;179.6;10
2026-W34;Дом у маяка;Litres;1196;47.84;4
2026-W34;Игры разума;Ozon;2700;108;5
2026-W34;Шёпот времени;WB;2340;93.6;6
2026-W34;Тихий сад;Litres;2443;97.72;7
2026-W34;Северный экспресс;Ozon;3592;143.68;8
2026-W34;Дом у маяка;WB;2691;107.64;9
2026-W34;Игры разума;Litres;5400;216;10
2026-W34;Шёпот времени;Ozon;1560;62.4;4
2026-W34;Тихий сад;WB;1745;69.8;5
2026-W34;Северный экспресс;Litres;2694;107.76;6
2026-W34;Дом у маяка;Ozon;2093;83.72;7
2026-W34;Игры разума;WB;4320;172.8;8
2026-W34;Шёпот времени;Litres;3510;140.4;9
2026-W34;Тихий сад;Ozon;3490;139.6;10
2026-W34;Северный экспресс;WB;1796;71.84;4
2026-W34;Дом у маяка;Litres;1495;59.8;5
2026-W34;Игры разума;Ozon;3240;129.6;6
2026-W34;Шёпот времени;WB;2730;109.2;7
2026-W34;Тихий сад;Litres;2792;111.68;8
2026-W34;Северный экспресс;Ozon;4041;161.64;9
2026-W34;Дом у маяка;WB;2990;119.6;10
2026-W34;Игры разума;Litres;2160;86.4;4
2026-W34;Шёпот времени;Ozon;1950;78;5
2026-W34;Тихий сад;WB;2094;83.76;6
2026-W34;Северный экспресс;Litres;3143;125.72;7
2026-W34;Дом у маяка;Ozon;2392;95.68;8
2026-W34;Игры разума;WB;4860;194.4;9
2026-W34;Шёпот времени;Litres;3900;156;10
2026-W34;Тихий сад;Ozon;1396;55.84;4
2026-W34;Северный экспресс;WB;2245;89.8;5
2026-W34;Дом у маяка;Litres;1794;71.76;6
2026-W34;Игры разума;Ozon;3780;151.2;7
2026-W34;Шёпот времени;WB;3120;124.8;8
2026-W34;Тихий сад;Litres;3141;125.64;9
2026-W34;Северный экспресс;Ozon;4490;179.6;10
2026-W34;Дом у маяка;WB;1196;47.84;4
2026-W34;Игры разума;Litres;2700;108;5
2026-W34;Шёпот времени;Ozon;2340;93.6;6
2026-W34;Тихий сад;WB;2443;97.72;7
2026-W34;Северный экспресс;Litres;3592;143.68;8
2026-W34;Дом у маяка;Ozon;2691;107.64;9
2026-W34;Игры разума;WB;5400;216;10
2026-W34;Шёпот времени;Litres;1560;62.4;4
2026-W34;Тихий сад;Ozon;1745;69.8;5
2026-W34;Северный экспресс;WB;2694;107.76;6
2026-W34;Дом у маяка;Litres;2093;83.72;7
2026-W34;Игры разума;Ozon;4320;172.8;8
2026-W34;Шёпот времени;WB;3510;140.4;9
2026-W34;Тихий сад;Litres;3490;139.6;10
2026-W34;Северный экспресс;Ozon;1796;71.84;4
2026-W34;Дом у маяка;WB;1495;59.8;5
2026-W34;Игры разума;Litres;3240;129.6;6
2026-W34;Шёпот времени;Ozon;2730;109.2;7
2026-W34;Тихий сад;WB;2792;111.68;8
2026-W34;Северный экспресс;Litres;4041;161.64;9
2026-W34;Дом у маяка;Ozon;2990;119.6;10
2026-W34;Игры разума;WB;2160;86.4;4
2026-W34;Шёпот времени;Litres;1950;78;5
2026-W34;Тихий сад;Ozon;2094;83.76;6
2026-W34;Северный экспресс;WB;3143;125.72;7
2026-W34;Дом у маяка;Litres;2392;95.68;8
2026-W34;Игры разума;Ozon;4860;194.4;9
2026-W34;Шёпот времени;WB;3900;156;10
2026-W34;Тихий сад;Litres;1396;55.84;4
2026-W34;Северный экспресс;Ozon;2245;89.8;5
2026-W34;Дом у маяка;WB;1794;71.76;6
2026-W34;Игры разума;Litres;3780;151.2;7
2026-W34;Шёпот времени;Ozon;3120;124.8;8
2026-W34;Тихий сад;WB;3141;125.64;9
2026-W34;Северный экспресс;Litres;4490;179.6;10
2026-W34;Дом у маяка;Ozon;1196;47.84;4
2026-W34;Игры разума;WB;2700;108;5
2026-W34;Шёпот времени;Litres;2340;93.6;6
2026-W34;Тихий сад;Ozon;2443;97.72;7
2026-W34;Северный экспресс;WB;3592;143.68;8
2026-W34;Дом у маяка;Litres;2691;107.64;9
2026-W34;Игры разума;Ozon;5400;216;10
2026-W34;Шёпот времени;WB;1560;62.4;4
2026-W34;Тихий сад;Litres;1745;69.8;5
2026-W34;Северный экспресс;Ozon;2694;107.76;6
2026-W34;Дом у маяка;WB;2093;83.72;7
2026-W34;Игры разума;Litres;4320;172.8;8
2026-W34;Шёпот времени;Ozon;3510;140.4;9
2026-W34;Тихий сад;WB;3490;139.6;10
2026-W34;Северный экспресс;Litres;1796;71.84;4
2026-W34;Дом у маяка;Ozon;1495;59.8;5
2026-W34;Игры разума;WB;3240;129.6;6
2026-W34;Шёпот времени;Litres;2730;109.2;7
2026-W34;Тихий сад;Ozon;2792;111.68;8
2026-W34;Северный экспресс;WB;4041;161.64;9
2026-W34;Дом у маяка;Litres;2990;119.6;10
2026-W34;Игры разума;Ozon;2160;86.4;4
2026-W34;Шёпот времени;WB;1950;78;5
2026-W34;Тихий сад;Litres;2094;83.76;6
2026-W34;Северный экспресс;Ozon;3143;125.72;7
2026-W34;Дом у маяка;WB;2392;95.68;8
2026-W34;Игры разума;Litres;4860;194.4;9
2026-W34;Шёпот времени;Ozon;3900;156;10
2026-W34;Тихий сад;WB;1396;55.84;4
2026-W34;Северный экспресс;Litres;2245;89.8;5
2026-W34;Дом у маяка;Ozon;1794;71.76;6
2026-W34;Игры разума;WB;3780;151.2;7
2026-W34;Шёпот времени;Litres;3120;124.8;8
2026-W34;Тихий сад;Ozon;3141;125.64;9
2026-W34;Северный экспресс;WB;4490;179.6;10
2026-W34;Дом у маяка;Litres;1196;47.84;4
2026-W34;Игры разума;Ozon;2700;108;5
2026-W34;Шёпот времени;WB;2340;93.6;6
2026-W34;Тихий сад;Litres;2443;97.72;7
2026-W34;Северный экспресс;Ozon;3592;143.68;8
2026-W34;Дом у маяка;WB;2691;107.64;9
2026-W34;Игры разума;Litres;5400;216;10
2026-W34;Шёпот времени;Ozon;1560;62.4;4
2026-W34;Тихий сад;WB;1745;69.8;5
2026-W34;Северный экспресс;Litres;2694;107.76;6
2026-W34;Дом у маяка;Ozon;2093;83.72;7
2026-W34;Игры разума;WB;4320;172.8;8
2026-W34;Шёпот времени;Litres;3510;140.4;9
2026-W34;Тихий сад;Ozon;3490;139.6;10
2026-W34;Северный экспресс;WB;1796;71.84;4
2026-W34;Дом у маяка;Litres;1495;59.8;5
2026-W34;Игры разума;Ozon;3240;129.6;6
2026-W34;Шёпот времени;WB;2730;109.2;7
2026-W34;Тихий сад;Litres;2792;111.68;8
2026-W34;Северный экспресс;Ozon;4041;161.64;9
2026-W34;Дом у маяка;WB;2990;119.6;10
2026-W34;Игры разума;Litres;2160;86.4;4
2026-W34;Шёпот времени;Ozon;1950;78;5
2026-W34;Тихий сад;WB;2094;83.76;6
2026-W34;Северный экспресс;Litres;3143;125.72;7
2026-W34;Дом у маяка;Ozon;2392;95.68;8
2026-W34;Игры разума;WB;4860;194.4;9
2026-W34;Шёпот времени;Litres;3900;156;10
2026-W34;Тихий сад;Ozon;1396;55.84;4
2026-W34;Северный экспресс;WB;2245;89.8;5
2026-W34;Дом у маяка;Litres;1794;71.76;6
2026-W34;Игры разума;Ozon;3780;151.2;7
2026-W34;Шёпот времени;WB;3120;124.8;8
2026-W34;Тихий сад;Litres;3141;125.64;9
2026-W34;Северный экспресс;Ozon;4490;179.6;10
2026-W34;Дом у маяка;WB;1196;47.84;4
2026-W34;Игры разума;Litres;2700;108;5
2026-W34;Шёпот времени;Ozon;2340;93.6;6
2026-W34;Тихий сад;WB;2443;97.72;7
2026-W34;Северный экспресс;Litres;3592;143.68;8
2026-W34;Дом у маяка;Ozon;2691;107.64;9
2026-W34;Игры разума;WB;5400;216;10
2026-W34;Шёпот времени;Litres;1560;62.4;4
2026-W34;Тихий сад;Ozon;1745;69.8;5
2026-W34;Северный экспресс;WB;2694;107.76;6
2026-W34;Дом у маяка;Litres;2093;83.72;7
2026-W34;Игры разума;Ozon;4320;172.8;8
2026-W34;Шёпот времени;WB;3510;140.4;9
2026-W34;Тихий сад;Litres;3490;139.6;10
2026-W34;Северный экспресс;Ozon;1796;71.84;4
2026-W34;Дом у маяка;WB;1495;59.8;5
2026-W34;Игры разума;Litres;3240;129.6;6
2026-W34;Шёпот времени;Ozon;2730;109.2;7
2026-W34;Тихий сад;WB;2792;111.68;8
2026-W34;Северный экспресс;Litres;4041;161.64;9
2026-W34;Дом у маяка;Ozon;2990;119.6;10
2026-W34;Игры разума;WB;2160;86.4;4
2026-W34;Шёпот времени;Litres;1950;78;5
2026-W34;Тихий сад;Ozon;2094;83.76;6
2026-W34;Северный экспресс;WB;3143;125.72;7
2026-W34;Дом у маяка;Litres;2392;95.68;8
2026-W34;Игры разума;Ozon;4860;194.4;9
2026-W34;Шёпот времени;WB;3900;156;10
2026-W34;Тихий сад;Litres;1396;55.84;4
2026-W34;Северный экспресс;Ozon;2245;89.8;5
2026-W34;Дом у маяка;WB;1794;71.76;6
2026-W34;Игры разума;Litres;3780;151.2;7
2026-W34;Шёпот времени;Ozon;3120;124.8;8
2026-W34;Тихий сад;WB;3141;125.64;9
2026-W34;Северный экспресс;Litres;4490;179.6;10
2026-W34;Дом у маяка;Ozon;1196;47.84;4
2026-W34;Игры разума;WB;2700;108;5
2026-W34;Шёпот времени;Litres;2340;93.6;6
2026-W34;Тихий сад;Ozon;2443;97.72;7
2026-W34;Северный экспресс;WB;3592;143.68;8
2026-W34;Дом у маяка;Litres;2691;107.64;9
2026-W34;Игры разума;Ozon;5400;216;10
2026-W34;Шёпот времени;WB;1560;62.4;4
2026-W34;Тихий сад;Litres;1745;69.8;5
2026-W34;Северный экспресс;Ozon;2694;107.76;6
2026-W34;Дом у маяка;WB;2093;83.72;7
2026-W34;Игры разума;Litres;4320;172.8;8
2026-W34;Шёпот времени;Ozon;3510;140.4;9
2026-W34;Тихий сад;WB;3490;139.6;10
2026-W34;Северный экспресс;Litres;1796;71.84;4
2026-W34;Дом у маяка;Ozon;1495;59.8;5
2026-W34;Игры разума;WB;3240;129.6;6
2026-W34;Шёпот времени;Litres;2730;109.2;7
2026-W34;Тихий сад;Ozon;2792;111.68;8
2026-W34;Северный экспресс;WB;4041;161.64;9
2026-W34;Дом у маяка;Litres;2990;119.6;10
2026-W34;Игры разума;Ozon;2160;86.4;4
2026-W34;Шёпот времени;WB;1950;78;5
2026-W34;Тихий сад;Litres;2094;83.76;6
2026-W34;Северный экспресс;Ozon;3143;125.72;7
2026-W34;Дом у маяка;WB;2392;95.68;8
2026-W34;Игры разума;Litres;4860;194.4;9
2026-W34;Шёпот времени;Ozon;3900;156;10
2026-W34;Тихий сад;WB;1396;55.84;4
2026-W34;Северный экспресс;Litres;2245;89.8;5
2026-W34;Дом у маяка;Ozon;1794;71.76;6
2026-W34;Игры разума;WB;3780;151.2;7
2026-W34;Шёпот времени;Litres;3120;124.8;8
2026-W34;Тихий сад;Ozon;3141;125.64;9
2026-W34;Северный экспресс;WB;4490;179.6;10
2026-W34;Дом у маяка;Litres;1196;47.84;4
2026-W34;Игры разума;Ozon;2700;108;5
2026-W34;Шёпот времени;WB;2340;93.6;6
2026-W34;Тихий сад;Litres;2443;97.72;7
2026-W34;Северный экспресс;Ozon;3592;143.68;8
2026-W34;Дом у маяка;WB;2691;107.64;9
2026-W34;Игры разума;Litres;5400;216;10
2026-W34;Шёпот времени;Ozon;1560;62.4;4
2026-W34;Тихий сад;WB;1745;69.8;5
2026-W34;Северный экспресс;Litres;2694;107.76;6
2026-W34;Дом у маяка;Ozon;2093;83.72;7
2026-W34;Игры разума;WB;4320;172.8;8
2026-W34;Шёпот времени;Litres;3510;140.4;9
2026-W34;Тихий сад;Ozon;3490;139.6;10
2026-W34;Северный экспресс;WB;1796;71.84;4
2026-W34;Дом у маяка;Litres;1495;59.8;5
2026-W34;Игры разума;Ozon;3240;129.6;6
2026-W34;Шёпот времени;WB;2730;109.2;7
2026-W34;Тихий сад;Litres;2792;111.68;8
2026-W34;Северный экспресс;Ozon;4041;161.64;9
2026-W34;Дом у маяка;WB;2990;119.6;10
2026-W34;Игры разума;Litres;2160;86.4;4
2026-W34;Шёпот времени;Ozon;1950;78;5
2026-W34;Тихий сад;WB;2094;83.76;6
2026-W34;Северный экспресс;Litres;3143;125.72;7
2026-W34;Дом у маяка;Ozon;2392;95.68;8
2026-W34;Игры разума;WB;4860;194.4;9
2026-W34;Шёпот времени;Litres;3900;156;10
2026-W34;Тихий сад;Ozon;1396;55.84;4
2026-W34;Северный экспресс;WB;2245;89.8;5
2026-W34;Дом у маяка;Litres;1794;71.76;6
2026-W34;Игры разума;Ozon;3780;151.2;7
2026-W34;Шёпот времени;WB;3120;124.8;8
2026-W34;Тихий сад;Litres;3141;125.64;9
2026-W34;Северный экспресс;Ozon;4490;179.6;10
2026-W34;Дом у маяка;WB;1196;47.84;4
2026-W34;Игры разума;Litres;2700;108;5
2026-W34;Шёпот времени;Ozon;2340;93.6;6
2026-W34;Тихий сад;WB;2443;97.72;7
2026-W34;Северный экспресс;Litres;3592;143.68;8
2026-W34;Дом у маяка;Ozon;2691;107.64;9
2026-W34;Игры разума;WB;5400;216;10
2026-W34;Шёпот времени;Litres;1560;62.4;4
2026-W34;Тихий сад;Ozon;1745;69.8;5
2026-W34;Северный экспресс;WB;2694;107.76;6
2026-W34;Дом у маяка;Litres;2093;83.72;7
2026-W34;Игры разума;Ozon;4320;172.8;8
2026-W34;Шёпот времени;WB;3510;140.4;9
2026-W34;Тихий сад;Litres;3490;139.6;10
2026-W34;Северный экспресс;Ozon;1796;71.84;4
2026-W34;Дом у маяка;WB;1495;59.8;5
2026-W34;Игры разума;Litres;3240;129.6;6
2026-W34;Шёпот времени;Ozon;2730;109.2;7
2026-W34;Тихий сад;WB;2792;111.68;8
2026-W34;Северный экспресс;Litres;4041;161.64;9
2026-W34;Дом у маяка;Ozon;2990;119.6;10
2026-W34;Игры разума;WB;2160;86.4;4
2026-W34;Шёпот времени;Litres;1950;78;5
2026-W34;Тихий сад;Ozon;2094;83.76;6
2026-W34;Северный экспресс;WB;3143;125.72;7
2026-W34;Дом у маяка;Litres;2392;95.68;8
2026-W34;Игры разума;Ozon;4860;194.4;9
2026-W34;Шёпот времени;WB;3900;156;10
2026-W34;Тихий сад;Litres;1396;55.84;4
2026-W34;Северный экспресс;Ozon;2245;89.8;5
2026-W34;Дом у маяка;WB;1794;71.76;6
2026-W34;Игры разума;Litres;3780;151.2;7
2026-W34;Шёпот времени;Ozon;3120;124.8;8
2026-W34;Тихий сад;WB;3141;125.64;9
2026-W34;Северный экспресс;Litres;4490;179.6;10
2026-W34;Дом у маяка;Ozon;1196;47.84;4
2026-W34;Игры разума;WB;2700;108;5
2026-W34;Шёпот времени;Litres;2340;93.6;6
2026-W34;Тихий сад;Ozon;2443;97.72;7
2026-W34;Северный экспресс;WB;3592;143.68;8
2026-W34;Дом у маяка;Litres;2691;107.64;9
2026-W34;Игры разума;Ozon;5400;216;10
2026-W34;Шёпот времени;WB;1560;62.4;4
2026-W34;Тихий сад;Litres;1745;69.8;5
2026-W34;Северный экспресс;Ozon;2694;107.76;6
2026-W34;Дом у маяка;WB;2093;83.72;7
2026-W34;Игры разума;Litres;4320;172.8;8
2026-W34;Шёпот времени;Ozon;3510;140.4;9
2026-W34;Тихий сад;WB;3490;139.6;10
2026-W34;Северный экспресс;Litres;1796;71.84;4
2026-W34;Дом у маяка;Ozon;1495;59.8;5
2026-W34;Игры разума;WB;3240;129.6;6
2026-W34;Шёпот времени;Litres;2730;109.2;7
2026-W34;Тихий сад;Ozon;2792;111.68;8
2026-W34;Северный экспресс;WB;4041;161.64;9
2026-W34;Дом у маяка;Litres;2990;119.6;10
2026-W34;Игры разума;Ozon;2160;86.4;4
2026-W34;Шёпот времени;WB;1950;78;5
2026-W34;Тихий сад;Litres;2094;83.76;6
2026-W34;Северный экспресс;Ozon;3143;125.72;7
2026-W34;Дом у маяка;WB;2392;95.68;8
2026-W34;Игры разума;Litres;4860;194.4;9
2026-W34;Шёпот времени;Ozon;3900;156;10
2026-W34;Тихий сад;WB;1396;55.84;4
2026-W34;Северный экспресс;Litres;2245;89.8;5
2026-W34;Дом у маяка;Ozon;1794;71.76;6
2026-W34;Игры разума;WB;3780;151.2;7
2026-W34;Шёпот времени;Litres;3120;124.8;8
2026-W34;Тихий сад;Ozon;3141;125.64;9
2026-W34;Северный экспресс;WB;4490;179.6;10
2026-W34;Дом у маяка;Litres;1196;47.84;4
2026-W34;Игры разума;Ozon;2700;108;5
2026-W34;Шёпот времени;WB;2340;93.6;6
2026-W34;Тихий сад;Litres;2443;97.72;7
2026-W34;Северный экспресс;Ozon;3592;143.68;8
2026-W34;Дом у маяка;WB;2691;107.64;9
2026-W34;Игры разума;Litres;5400;216;10
2026-W34;Шёпот времени;Ozon;1560;62.4;4
2026-W34;Тихий сад;WB;1745;69.8;5
2026-W34;Северный экспресс;Litres;2694;107.76;6
2026-W34;Дом у маяка;Ozon;2093;83.72;7
2026-W34;Игры разума;WB;4320;172.8;8
2026-W34;Шёпот времени;Litres;3510;140.4;9
2026-W34;Тихий сад;Ozon;3490;139.6;10
2026-W34;Северный экспресс;WB;1796;71.84;4
2026-W34;Дом у маяка;Litres;1495;59.8;5
2026-W34;Игры разума;Ozon;3240;129.6;6
2026-W34;Шёпот времени;WB;2730;109.2;7
2026-W34;Тихий сад;Litres;2792;111.68;8
2026-W34;Северный экспресс;Ozon;4041;161.64;9
2026-W34;Дом у маяка;WB;2990;119.6;10
2026-W34;Игры разума;Litres;2160;86.4;4
2026-W34;Шёпот времени;Ozon;1950;78;5
2026-W34;Тихий сад;WB;2094;83.76;6
2026-W34;Северный экспресс;Litres;3143;125.72;7
2026-W34;Дом у маяка;Ozon;2392;95.68;8
2026-W34;Игры разума;WB;4860;194.4;9
2026-W34;Шёпот времени;Litres;3900;156;10
2026-W34;Тихий сад;Ozon;1396;55.84;4
2026-W34;Северный экспресс;WB;2245;89.8;5
2026-W34;Дом у маяка;Litres;1794;71.76;6
2026-W34;Игры разума;Ozon;3780;151.2;7
2026-W34;Шёпот времени;WB;3120;124.8;8
2026-W34;Тихий сад;Litres;3141;125.64;9
2026-W34;Северный экспресс;Ozon;4490;179.6;10
2026-W34;Дом у маяка;WB;1196;47.84;4
2026-W34;Игры разума;Litres;2700;108;5
2026-W34;Шёпот времени;Ozon;2340;93.6;6
2026-W34;Тихий сад;WB;2443;97.72;7
2026-W34;Северный экспресс;Litres;3592;143.68;8
2026-W34;Дом у маяка;Ozon;2691;107.64;9
2026-W34;Игры разума;WB;5400;216;10
2026-W34;Шёпот времени;Litres;1560;62.4;4
2026-W34;Тихий сад;Ozon;1745;69.8;5
2026-W34;Северный экспресс;WB;2694;107.76;6
2026-W34;Дом у маяка;Litres;2093;83.72;7
2026-W34;Игры разума;Ozon;4320;172.8;8
2026-W34;Шёпот времени;WB;3510;140.4;9
2026-W34;Тихий сад;Litres;3490;139.6;10
2026-W34;Северный экспресс;Ozon;1796;71.84;4
2026-W34;Дом у маяка;WB;1495;59.8;5
2026-W34;Игры разума;Litres;3240;129.6;6
2026-W34;Шёпот времени;Ozon;2730;109.2;7
2026-W34;Тихий сад;WB;2792;111.68;8
2026-W34;Северный экспресс;Litres;4041;161.64;9
2026-W34;Дом у маяка;Ozon;2990;119.6;10
2026-W34;Игры разума;WB;2160;86.4;4
2026-W34;Шёпот времени;Litres;1950;78;5
2026-W34;Тихий сад;Ozon;2094;83.76;6
2026-W34;Северный экспресс;WB;3143;125.72;7
2026-W34;Дом у маяка;Litres;2392;95.68;8
2026-W34;Игры разума;Ozon;4860;194.4;9
2026-W34;Шёпот времени;WB;3900;156;10
2026-W34;Тихий сад;Litres;1396;55.84;4
2026-W34;Северный экспресс;Ozon;2245;89.8;5
2026-W34;Дом у маяка;WB;1794;71.76;6
2026-W34;Игры разума;Litres;3780;151.2;7
2026-W34;Шёпот времени;Ozon;3120;124.8;8
2026-W34;Тихий сад;WB;3141;125.64;9
2026-W34;Северный экспресс;Litres;4490;179.6;10
2026-W34;Дом у маяка;Ozon;1196;47.84;4
2026-W34;Игры разума;WB;2700;108;5
2026-W34;Шёпот времени;Litres;2340;93.6;6
2026-W34;Тихий сад;Ozon;2443;97.72;7
2026-W34;Северный экспресс;WB;3592;143.68;8
2026-W34;Дом у маяка;Litres;2691;107.64;9
2026-W34;Игры разума;Ozon;5400;216;10
2026-W34;Шёпот времени;WB;1560;62.4;4
2026-W34;Тихий сад;Litres;1745;69.8;5
2026-W34;Северный экспресс;Ozon;2694;107.76;6
2026-W34;Дом у маяка;WB;2093;83.72;7
2026-W34;Игры разума;Litres;4320;172.8;8
2026-W34;Шёпот времени;Ozon;3510;140.4;9
2026-W34;Тихий сад;WB;3490;139.6;10
2026-W34;Северный экспресс;Litres;1796;71.84;4
2026-W34;Дом у маяка;Ozon;1495;59.8;5
2026-W34;Игры разума;WB;3240;129.6;6
2026-W34;Шёпот времени;Litres;2730;109.2;7
2026-W34;Тихий сад;Ozon;2792;111.68;8
2026-W34;Северный экспресс;WB;4041;161.64;9
2026-W34;Дом у маяка;Litres;2990;119.6;10
2026-W34;Игры разума;Ozon;2160;86.4;4
2026-W34;Шёпот времени;WB;1950;78;5
2026-W34;Тихий сад;Litres;2094;83.76;6
2026-W34;Северный экспресс;Ozon;3143;125.72;7
2026-W34;Дом у маяка;WB;2392;95.68;8
2026-W34;Игры разума;Litres;4860;194.4;9
2026-W34;Шёпот времени;Ozon;3900;156;10
2026-W34;Тихий сад;WB;1396;55.84;4
2026-W34;Северный экспресс;Litres;2245;89.8;5
2026-W34;Дом у маяка;Ozon;1794;71.76;6
2026-W34;Игры разума;WB;3780;151.2;7
2026-W34;Шёпот времени;Litres;3120;124.8;8
2026-W34;Тихий сад;Ozon;3141;125.64;9
2026-W34;Северный экспресс;WB;4490;179.6;10
2026-W34;Дом у маяка;Litres;1196;47.84;4
2026-W34;Игры разума;Ozon;2700;108;5
2026-W34;Шёпот времени;WB;2340;93.6;6
2026-W34;Тихий сад;Litres;2443;97.72;7
2026-W34;Северный экспресс;Ozon;3592;143.68;8
2026-W34;Дом у маяка;WB;2691;107.64;9
2026-W34;Игры разума;Litres;5400;216;10
2026-W34;Шёпот времени;Ozon;1560;62.4;4
2026-W34;Тихий сад;WB;1745;69.8;5
2026-W34;Северный экспресс;Litres;2694;107.76;6
2026-W34;Дом у маяка;Ozon;2093;83.72;7
2026-W34;Игры разума;WB;4320;172.8;8
2026-W34;Шёпот времени;Litres;3510;140.4;9
2026-W34;Тихий сад;Ozon;3490;139.6;10
2026-W34;Северный экспресс;WB;1796;71.84;4
2026-W34;Дом у маяка;Litres;1495;59.8;5
2026-W34;Игры разума;Ozon;3240;129.6;6
2026-W34;Шёпот времени;WB;2730;109.2;7
2026-W34;Тихий сад;Litres;2792;111.68;8
2026-W34;Северный экспресс;Ozon;4041;161.64;9
2026-W34;Дом у маяка;WB;2990;119.6;10
2026-W34;Игры разума;Litres;2160;86.4;4
2026-W34;Шёпот времени;Ozon;1950;78;5
2026-W34;Тихий сад;WB;2094;83.76;6
2026-W34;Северный экспресс;Litres;3143;125.72;7
2026-W34;Дом у маяка;Ozon;2392;95.68;8
2026-W34;Игры разума;WB;4860;194.4;9
2026-W34;Шёпот времени;Litres;3900;156;10
2026-W34;Тихий сад;Ozon;1396;55.84;4
2026-W34;Северный экспресс;WB;2245;89.8;5
2026-W34;Дом у маяка;Litres;1794;71.76;6
2026-W34;Игры разума;Ozon;3780;151.2;7
2026-W34;Шёпот времени;WB;3120;124.8;8
2026-W34;Тихий сад;Litres;3141;125.64;9
2026-W34;Северный экспресс;Ozon;4490;179.6;10
2026-W34;Дом у маяка;WB;1196;47.84;4
2026-W34;Игры разума;Litres;2700;108;5
2026-W34;Шёпот времени;Ozon;2340;93.6;6
2026-W34;Тихий сад;WB;2443;97.72;7
2026-W34;Северный экспресс;Litres;3592;143.68;8
2026-W34;Дом у маяка;Ozon;2691;107.64;9
2026-W34;Игры разума;WB;5400;216;10
2026-W34;Шёпот времени;Litres;1560;62.4;4
2026-W34;Тихий сад;Ozon;1745;69.8;5
2026-W34;Северный экспресс;WB;2694;107.76;6
2026-W34;Дом у маяка;Litres;2093;83.72;7
2026-W34;Игры разума;Ozon;4320;172.8;8
2026-W34;Шёпот времени;WB;3510;140.4;9
2026-W34;Тихий сад;Litres;3490;139.6;10
2026-W34;Северный экспресс;Ozon;1796;71.84;4
2026-W34;Дом у маяка;WB;1495;59.8;5
2026-W34;Игры разума;Litres;3240;129.6;6
2026-W34;Шёпот времени;Ozon;2730;109.2;7
2026-W34;Тихий сад;WB;2792;111.68;8
2026-W34;Северный экспресс;Litres;4041;161.64;9
2026-W34;Дом у маяка;Ozon;2990;119.6;10
2026-W34;Игры разума;WB;2160;86.4;4
2026-W34;Шёпот времени;Litres;1950;78;5
2026-W34;Тихий сад;Ozon;2094;83.76;6
2026-W34;Северный экспресс;WB;3143;125.72;7
2026-W34;Дом у маяка;Litres;2392;95.68;8
2026-W34;Игры разума;Ozon;4860;194.4;9
2026-W34;Шёпот времени;WB;3900;156;10
2026-W34;Тихий сад;Litres;1396;55.84;4
2026-W34;Северный экспресс;Ozon;2245;89.8;5
2026-W34;Дом у маяка;WB;1794;71.76;6
2026-W34;Игры разума;Litres;3780;151.2;7
2026-W34;Шёпот времени;Ozon;3120;124.8;8
2026-W34;Тихий сад;WB;3141;125.64;9
2026-W34;Северный экспресс;Litres;4490;179.6;10
2026-W34;Дом у маяка;Ozon;1196;47.84;4
2026-W34;Игры разума;WB;2700;108;5
2026-W34;Шёпот времени;Litres;2340;93.6;6
2026-W34;Тихий сад;Ozon;2443;97.72;7
2026-W34;Северный экспресс;WB;3592;143.68;8
2026-W34;Дом у маяка;Litres;2691;107.64;9
2026-W34;Игры разума;Ozon;5400;216;10
2026-W34;Шёпот времени;WB;1560;62.4;4
2026-W34;Тихий сад;Litres;1745;69.8;5
2026-W34;Северный экспресс;Ozon;2694;107.76;6
2026-W34;Дом у маяка;WB;2093;83.72;7
2026-W34;Игры разума;Litres;4320;172.8;8
2026-W34;Шёпот времени;Ozon;3510;140.4;9
2026-W34;Тихий сад;WB;3490;139.6;10
2026-W34;Северный экспресс;Litres;1796;71.84;4
2026-W34;Дом у маяка;Ozon;1495;59.8;5
2026-W34;Игры разума;WB;3240;129.6;6
2026-W34;Шёпот времени;Litres;2730;109.2;7
2026-W34;Тихий сад;Ozon;2792;111.68;8
2026-W34;Северный экспресс;WB;4041;161.64;9
2026-W34;Дом у маяка;Litres;2990;119.6;10
2026-W34;Игры разума;Ozon;2160;86.4;4
2026-W34;Шёпот времени;WB;1950;78;5
2026-W34;Тихий сад;Litres;2094;83.76;6
2026-W34;Северный экспресс;Ozon;3143;125.72;7
2026-W34;Дом у маяка;WB;2392;95.68;8
2026-W34;Игры разума;Litres;4860;194.4;9
2026-W34;Шёпот времени;Ozon;3900;156;10
2026-W34;Тихий сад;WB;1396;55.84;4
2026-W34;Северный экспресс;Litres;2245;89.8;5
2026-W34;Дом у маяка;Ozon;1794;71.76;6
2026-W34;Игры разума;WB;3780;151.2;7
2026-W34;Шёпот времени;Litres;3120;124.8;8
2026-W34;Тихий сад;Ozon;3141;125.64;9
2026-W34;Северный экспресс;WB;4490;179.6;10
2026-W34;Дом у маяка;Litres;1196;47.84;4
2026-W34;Игры разума;Ozon;2700;108;5
2026-W34;Шёпот времени;WB;2340;93.6;6
2026-W34;Тихий сад;Litres;2443;97.72;7
2026-W34;Северный экспресс;Ozon;3592;143.68;8
2026-W34;Дом у маяка;WB;2691;107.64;9
2026-W34;Игры разума;Litres;5400;216;10
2026-W34;Шёпот времени;Ozon;1560;62.4;4
2026-W34;Тихий сад;WB;1745;69.8;5
2026-W34;Северный экспресс;Litres;2694;107.76;6
2026-W34;Дом у маяка;Ozon;2093;83.72;7
2026-W34;Игры разума;WB;4320;172.8;8
2026-W34;Шёпот времени;Litres;3510;140.4;9
2026-W34;Тихий сад;Ozon;3490;139.6;10
2026-W34;Северный экспресс;WB;1796;71.84;4
2026-W34;Дом у маяка;Litres;1495;59.8;5
2026-W34;Игры разума;Ozon;3240;129.6;6
2026-W34;Шёпот времени;WB;2730;109.2;7
2026-W34;Тихий сад;Litres;2792;111.68;8
2026-W34;Северный экспресс;Ozon;4041;161.64;9
2026-W34;Дом у маяка;WB;2990;119.6;10
2026-W34;Игры разума;Litres;2160;86.4;4
2026-W34;Шёпот времени;Ozon;1950;78;5
2026-W34;Тихий сад;WB;2094;83.76;6
2026-W34;Северный экспресс;Litres;3143;125.72;7
2026-W34;Дом у маяка;Ozon;2392;95.68;8
2026-W34;Игры разума;WB;4860;194.4;9
2026-W34;Шёпот времени;Litres;3900;156;10
2026-W34;Тихий сад;Ozon;1396;55.84;4
2026-W34;Северный экспресс;WB;2245;89.8;5
2026-W34;Дом у маяка;Litres;1794;71.76;6
2026-W34;Игры разума;Ozon;3780;151.2;7
2026-W34;Шёпот времени;WB;3120;124.8;8
2026-W34;Тихий сад;Litres;3141;125.64;9
2026-W34;Северный экспресс;Ozon;4490;179.6;10
2026-W34;Дом у маяка;WB;1196;47.84;4
2026-W34;Игры разума;Litres;2700;108;5
2026-W34;Шёпот времени;Ozon;2340;93.6;6
2026-W34;Тихий сад;WB;2443;97.72;7
2026-W34;Северный экспресс;Litres;3592;143.68;8
2026-W34;Дом у маяка;Ozon;2691;107.64;9
2026-W34;Игры разума;WB;5400;216;10
2026-W34;Шёпот времени;Litres;1560;62.4;4
2026-W34;Тихий сад;Ozon;1745;69.8;5
2026-W34;Северный экспресс;WB;2694;107.76;6
2026-W34;Дом у маяка;Litres;2093;83.72;7
2026-W34;Игры разума;Ozon;4320;172.8;8
2026-W34;Шёпот времени;WB;3510;140.4;9
2026-W34;Тихий сад;Litres;3490;139.6;10
2026-W34;Северный экспресс;Ozon;1796;71.84;4
2026-W34;Дом у маяка;WB;1495;59.8;5
2026-W34;Игры разума;Litres;3240;129.6;6
2026-W34;Шёпот времени;Ozon;2730;109.2;7
2026-W34;Тихий сад;WB;2792;111.68;8
2026-W34;Северный экспресс;Litres;4041;161.64;9
2026-W34;Дом у маяка;Ozon;2990;119.6;10
2026-W34;Игры разума;WB;2160;86.4;4
2026-W34;Шёпот времени;Litres;1950;78;5
2026-W34;Тихий сад;Ozon;2094;83.76;6
2026-W34;Северный экспресс;WB;3143;125.72;7
2026-W34;Дом у маяка;Litres;2392;95.68;8
2026-W34;Игры разума;Ozon;4860;194.4;9
2026-W34;Шёпот времени;WB;3900;156;10
2026-W34;Тихий сад;Litres;1396;55.84;4
2026-W34;Северный экспресс;Ozon;2245;89.8;5
2026-W34;Дом у маяка;WB;1794;71.76;6
2026-W34;Игры разума;Litres;3780;151.2;7
2026-W34;Шёпот времени;Ozon;3120;124.8;8
2026-W34;Тихий сад;WB;3141;125.64;9
2026-W34;Северный экспресс;Litres;4490;179.6;10
2026-W34;Дом у маяка;Ozon;1196;47.84;4
2026-W34;Игры разума;WB;2700;108;5
2026-W34;Шёпот времени;Litres;2340;93.6;6
2026-W34;Тихий сад;Ozon;2443;97.72;7
2026-W34;Северный экспресс;WB;3592;143.68;8
2026-W34;Дом у маяка;Litres;2691;107.64;9
2026-W34;Игры разума;Ozon;5400;216;10
2026-W34;Шёпот времени;WB;1560;62.4;4
2026-W34;Тихий сад;Litres;1745;69.8;5
2026-W34;Северный экспресс;Ozon;2694;107.76;6
2026-W34;Дом у маяка;WB;2093;83.72;7
2026-W34;Игры разума;Litres;4320;172.8;8
2026-W34;Шёпот времени;Ozon;3510;140.4;9
2026-W34;Тихий сад;WB;3490;139.6;10
2026-W34;Северный экспресс;Litres;1796;71.84;4
2026-W34;Дом у маяка;Ozon;1495;59.8;5
2026-W34;Игры разума;WB;3240;129.6;6
2026-W34;Шёпот времени;Litres;2730;109.2;7
2026-W34;Тихий сад;Ozon;2792;111.68;8
2026-W34;Северный экспресс;WB;4041;161.64;9
2026-W34;Дом у маяка;Litres;2990;119.6;10
2026-W34;Игры разума;Ozon;2160;86.4;4
2026-W34;Шёпот времени;WB;1950;78;5
2026-W34;Тихий сад;Litres;2094;83.76;6
2026-W34;Северный экспресс;Ozon;3143;125.72;7
2026-W34;Дом у маяка;WB;2392;95.68;8
2026-W34;Игры разума;Litres;4860;194.4;9
2026-W34;Шёпот времени;Ozon;3900;156;10
2026-W34;Тихий сад;WB;1396;55.84;4
2026-W34;Северный экспресс;Litres;2245;89.8;5
2026-W34;Дом у маяка;Ozon;1794;71.76;6
2026-W34;Игры разума;WB;3780;151.2;7
2026-W34;Шёпот времени;Litres;3120;124.8;8
2026-W34;Тихий сад;Ozon;3141;125.64;9
2026-W34;Северный экспресс;WB;4490;179.6;10
2026-W34;Дом у маяка;Litres;1196;47.84;4
2026-W34;Игры разума;Ozon;2700;108;5
2026-W34;Шёпот времени;WB;2340;93.6;6
2026-W34;Тихий сад;Litres;2443;97.72;7
2026-W34;Северный экспресс;Ozon;3592;143.68;8
2026-W34;Дом у маяка;WB;2691;107.64;9
2026-W34;Игры разума;Litres;5400;216;10
2026-W34;Шёпот времени;Ozon;1560;62.4;4
2026-W34;Тихий сад;WB;1745;69.8;5
2026-W34;Северный экспресс;Litres;2694;107.76;6
2026-W34;Дом у маяка;Ozon;2093;83.72;7
2026-W34;Игры разума;WB;4320;172.8;8
2026-W34;Шёпот времени;Litres;3510;140.4;9
2026-W34;Тихий сад;Ozon;3490;139.6;10
2026-W34;Северный экспресс;WB;1796;71.84;4
2026-W34;Дом у маяка;Litres;1495;59.8;5
2026-W34;Игры разума;Ozon;3240;129.6;6
2026-W34;Шёпот времени;WB;2730;109.2;7
2026-W34;Тихий сад;Litres;2792;111.68;8
2026-W34;Северный экспресс;Ozon;4041;161.64;9
2026-W34;Дом у маяка;WB;2990;119.6;10
2026-W34;Игры разума;Litres;2160;86.4;4
2026-W34;Шёпот времени;Ozon;1950;78;5
2026-W34;Тихий сад;WB;2094;83.76;6
2026-W34;Северный экспресс;Litres;3143;125.72;7
2026-W34;Дом у маяка;Ozon;2392;95.68;8
2026-W34;Игры разума;WB;4860;194.4;9
2026-W34;Шёпот времени;Litres;3900;156;10
2026-W34;Тихий сад;Ozon;1396;55.84;4
2026-W34;Северный экспресс;WB;2245;89.8;5
2026-W34;Дом у маяка;Litres;1794;71.76;6
2026-W34;Игры разума;Ozon;3780;151.2;7
2026-W34;Шёпот времени;WB;3120;124.8;8
2026-W34;Тихий сад;Litres;3141;125.64;9
2026-W34;Северный экспресс;Ozon;4490;179.6;10
2026-W34;Дом у маяка;WB;1196;47.84;4
2026-W34;Игры разума;Litres;2700;108;5
2026-W34;Шёпот времени;Ozon;2340;93.6;6
2026-W34;Тихий сад;WB;2443;97.72;7
2026-W34;Северный экспресс;Litres;3592;143.68;8
2026-W34;Дом у маяка;Ozon;2691;107.64;9
2026-W34;Игры разума;WB;5400;216;10
2026-W34;Шёпот времени;Litres;1560;62.4;4
2026-W34;Тихий сад;Ozon;1745;69.8;5
2026-W34;Северный экспресс;WB;2694;107.76;6
2026-W34;Дом у маяка;Litres;2093;83.72;7
2026-W34;Игры разума;Ozon;4320;172.8;8
2026-W34;Шёпот времени;WB;3510;140.4;9
2026-W34;Тихий сад;Litres;3490;139.6;10
2026-W34;Северный экспресс;Ozon;1796;71.84;4
2026-W34;Дом у маяка;WB;1495;59.8;5
2026-W34;Игры разума;Litres;3240;129.6;6
2026-W34;Шёпот времени;Ozon;2730;109.2;7
2026-W34;Тихий сад;WB;2792;111.68;8
2026-W34;Северный экспресс;Litres;4041;161.64;9
2026-W34;Дом у маяка;Ozon;2990;119.6;10
2026-W34;Игры разума;WB;2160;86.4;4
2026-W34;Шёпот времени;Litres;1950;78;5
2026-W34;Тихий сад;Ozon;2094;83.76;6
2026-W34;Северный экспресс;WB;3143;125.72;7
2026-W34;Дом у маяка;Litres;2392;95.68;8
2026-W34;Игры разума;Ozon;4860;194.4;9
2026-W34;Шёпот времени;WB;3900;156;10
2026-W34;Тихий сад;Litres;1396;55.84;4
2026-W34;Северный экспресс;Ozon;2245;89.8;5
2026-W34;Дом у маяка;WB;1794;71.76;6
2026-W34;Игры разума;Litres;3780;151.2;7
2026-W34;Шёпот времени;Ozon;3120;124.8;8
2026-W34;Тихий сад;WB;3141;125.64;9
2026-W34;Северный экспресс;Litres;4490;179.6;10
2026-W34;Дом у маяка;Ozon;1196;47.84;4
2026-W34;Игры разума;WB;2700;108;5
2026-W34;Шёпот времени;Litres;2340;93.6;6
2026-W34;Тихий сад;Ozon;2443;97.72;7
2026-W34;Северный экспресс;WB;3592;143.68;8
2026-W34;Дом у маяка;Litres;2691;107.64;9
2026-W34;Игры разума;Ozon;5400;216;10
2026-W34;Шёпот времени;WB;1560;62.4;4
2026-W34;Тихий сад;Litres;1745;69.8;5
2026-W34;Северный экспресс;Ozon;2694;107.76;6
2026-W34;Дом у маяка;WB;2093;83.72;7
2026-W34;Игры разума;Litres;4320;172.8;8
2026-W34;Шёпот времени;Ozon;3510;140.4;9
2026-W34;Тихий сад;WB;3490;139.6;10
2026-W34;Северный экспресс;Litres;1796;71.84;4
2026-W34;Дом у маяка;Ozon;1495;59.8;5
2026-W34;Игры разума;WB;3240;129.6;6
2026-W34;Шёпот времени;Litres;2730;109.2;7
2026-W34;Тихий сад;Ozon;2792;111.68;8
2026-W34;Северный экспресс;WB;4041;161.64;9
2026-W34;Дом у маяка;Litres;2990;119.6;10
2026-W34;Игры разума;Ozon;2160;86.4;4
2026-W34;Шёпот времени;WB;1950;78;5
2026-W34;Тихий сад;Litres;2094;83.76;6
2026-W34;Северный экспресс;Ozon;3143;125.72;7
2026-W34;Дом у маяка;WB;2392;95.68;8
2026-W34;Игры разума;Litres;4860;194.4;9
2026-W34;Шёпот времени;Ozon;3900;156;10
2026-W34;Тихий сад;WB;1396;55.84;4
2026-W34;Северный экспресс;Litres;2245;89.8;5
2026-W34;Дом у маяка;Ozon;1794;71.76;6
2026-W34;Игры разума;WB;3780;151.2;7
2026-W34;Шёпот времени;Litres;3120;124.8;8
2026-W34;Тихий сад;Ozon;3141;125.64;9
2026-W34;Северный экспресс;WB;4490;179.6;10
2026-W34;Дом у маяка;Litres;1196;47.84;4
2026-W34;Игры разума;Ozon;2700;108;5
2026-W34;Шёпот времени;WB;2340;93.6;6
2026-W34;Тихий сад;Litres;2443;97.72;7
2026-W34;Северный экспресс;Ozon;3592;143.68;8
2026-W34;Дом у маяка;WB;2691;107.64;9
2026-W34;Игры разума;Litres;5400;216;10
2026-W34;Шёпот времени;Ozon;1560;62.4;4
2026-W34;Тихий сад;WB;1745;69.8;5
2026-W34;Северный экспресс;Litres;2694;107.76;6
2026-W34;Дом у маяка;Ozon;2093;83.72;7
2026-W34;Игры разума;WB;4320;172.8;8
2026-W34;Шёпот времени;Litres;3510;140.4;9
2026-W34;Тихий сад;Ozon;3490;139.6;10
2026-W34;Северный экспресс;WB;1796;71.84;4
2026-W34;Дом у маяка;Litres;1495;59.8;5
2026-W34;Игры разума;Ozon;3240;129.6;6
2026-W34;Шёпот времени;WB;2730;109.2;7
2026-W34;Тихий сад;Litres;2792;111.68;8
2026-W34;Северный экспресс;Ozon;4041;161.64;9
2026-W34;Дом у маяка;WB;2990;119.6;10
2026-W34;Игры разума;Litres;2160;86.4;4
2026-W34;Шёпот времени;Ozon;1950;78;5
2026-W34;Тихий сад;WB;2094;83.76;6
2026-W34;Северный экспресс;Litres;3143;125.72;7
2026-W34;Дом у маяка;Ozon;2392;95.68;8
2026-W34;Игры разума;WB;4860;194.4;9
2026-W34;Шёпот времени;Litres;3900;156;10
2026-W34;Тихий сад;Ozon;1396;55.84;4
2026-W34;Северный экспресс;WB;2245;89.8;5
2026-W34;Дом у маяка;Litres;1794;71.76;6
2026-W34;Игры разума;Ozon;3780;151.2;7
2026-W34;Шёпот времени;WB;3120;124.8;8
2026-W34;Тихий сад;Litres;3141;125.64;9
2026-W34;Северный экспресс;Ozon;4490;179.6;10
2026-W34;Дом у маяка;WB;1196;47.84;4
2026-W34;Игры разума;Litres;2700;108;5
2026-W34;Шёпот времени;Ozon;2340;93.6;6
2026-W34;Тихий сад;WB;2443;97.72;7
2026-W34;Северный экспресс;Litres;3592;143.68;8
2026-W34;Дом у маяка;Ozon;2691;107.64;9
2026-W34;Игры разума;WB;5400;216;10
2026-W34;Шёпот времени;Litres;1560;62.4;4
2026-W34;Тихий сад;Ozon;1745;69.8;5
2026-W34;Северный экспресс;WB;2694;107.76;6
2026-W34;Дом у маяка;Litres;2093;83.72;7
2026-W34;Игры разума;Ozon;4320;172.8;8
2026-W34;Шёпот времени;WB;3510;140.4;9
2026-W34;Тихий сад;Litres;3490;139.6;10
2026-W34;Северный экспресс;Ozon;1796;71.84;4
2026-W34;Дом у маяка;WB;1495;59.8;5
2026-W34;Игры разума;Litres;3240;129.6;6
2026-W34;Шёпот времени;Ozon;2730;109.2;7
2026-W34;Тихий сад;WB;2792;111.68;8
2026-W34;Северный экспресс;Litres;4041;161.64;9
2026-W34;Дом у маяка;Ozon;2990;119.6;10
2026-W34;Игры разума;WB;2160;86.4;4
2026-W34;Шёпот времени;Litres;1950;78;5
2026-W34;Тихий сад;Ozon;2094;83.76;6
2026-W34;Северный экспресс;WB;3143;125.72;7
2026-W34;Дом у маяка;Litres;2392;95.68;8
2026-W34;Игры разума;Ozon;4860;194.4;9
2026-W34;Шёпот времени;WB;3900;156;10
2026-W34;Тихий сад;Litres;1396;55.84;4
2026-W34;Северный экспресс;Ozon;2245;89.8;5
2026-W34;Дом у маяка;WB;1794;71.76;6
2026-W34;Игры разума;Litres;3780;151.2;7
2026-W34;Шёпот времени;Ozon;3120;124.8;8
2026-W34;Тихий сад;WB;3141;125.64;9
2026-W34;Северный экспресс;Litres;4490;179.6;10
2026-W34;Дом у маяка;Ozon;1196;47.84;4
2026-W34;Игры разума;WB;2700;108;5
2026-W34;Шёпот времени;Litres;2340;93.6;6
2026-W34;Тихий сад;Ozon;2443;97.72;7
2026-W34;Северный экспресс;WB;3592;143.68;8
2026-W34;Дом у маяка;Litres;2691;107.64;9
2026-W34;Игры разума;Ozon;5400;216;10
2026-W34;Шёпот времени;WB;1560;62.4;4
2026-W34;Тихий сад;Litres;1745;69.8;5
2026-W34;Северный экспресс;Ozon;2694;107.76;6
2026-W34;Дом у маяка;WB;2093;83.72;7
2026-W34;Игры разума;Litres;4320;172.8;8
2026-W34;Шёпот времени;Ozon;3510;140.4;9
2026-W34;Тихий сад;WB;3490;139.6;10
2026-W34;Северный экспресс;Litres;1796;71.84;4
2026-W34;Дом у маяка;Ozon;1495;59.8;5
2026-W34;Игры разума;WB;3240;129.6;6
2026-W34;Шёпот времени;Litres;2730;109.2;7
2026-W34;Тихий сад;Ozon;2792;111.68;8
2026-W34;Северный экспресс;WB;4041;161.64;9
2026-W34;Дом у маяка;Litres;2990;119.6;10
2026-W34;Игры разума;Ozon;2160;86.4;4
2026-W34;Шёпот времени;WB;1950;78;5
2026-W34;Тихий сад;Litres;2094;83.76;6
2026-W34;Северный экспресс;Ozon;3143;125.72;7
2026-W34;Дом у маяка;WB;2392;95.68;8
2026-W34;Игры разума;Litres;4860;194.4;9
2026-W34;Шёпот времени;Ozon;3900;156;10
2026-W34;Тихий сад;WB;1396;55.84;4
2026-W34;Северный экспресс;Litres;2245;89.8;5
2026-W34;Дом у маяка;Ozon;1794;71.76;6
2026-W34;Игры разума;WB;3780;151.2;7
2026-W34;Шёпот времени;Litres;3120;124.8;8
2026-W34;Тихий сад;Ozon;3141;125.64;9
2026-W34;Северный экспресс;WB;4490;179.6;10
2026-W34;Дом у маяка;Litres;1196;47.84;4
2026-W34;Игры разума;Ozon;2700;108;5
2026-W34;Шёпот времени;WB;2340;93.6;6
2026-W34;Тихий сад;Litres;2443;97.72;7
2026-W34;Северный экспресс;Ozon;3592;143.68;8
2026-W34;Дом у маяка;WB;2691;107.64;9
2026-W34;Игры разума;Litres;5400;216;10
2026-W34;Шёпот времени;Ozon;1560;62.4;4
2026-W34;Тихий сад;WB;1745;69.8;5
2026-W34;Северный экспресс;Litres;2694;107.76;6
2026-W34;Дом у маяка;Ozon;2093;83.72;7
2026-W34;Игры разума;WB;4320;172.8;8
2026-W34;Шёпот времени;Litres;3510;140.4;9
2026-W34;Тихий сад;Ozon;3490;139.6;10
2026-W34;Северный экспресс;WB;1796;71.84;4
2026-W34;Дом у маяка;Litres;1495;59.8;5
2026-W34;Игры разума;Ozon;3240;129.6;6
2026-W34;Шёпот времени;WB;2730;109.2;7
2026-W34;Тихий сад;Litres;2792;111.68;8
2026-W34;Северный экспресс;Ozon;4041;161.64;9
2026-W34;Дом у маяка;WB;2990;119.6;10
2026-W34;Игры разума;Litres;2160;86.4;4
2026-W34;Шёпот времени;Ozon;1950;78;5
2026-W34;Тихий сад;WB;2094;83.76;6
2026-W34;Северный экспресс;Litres;3143;125.72;7
2026-W34;Дом у маяка;Ozon;2392;95.68;8
2026-W34;Игры разума;WB;4860;194.4;9
2026-W34;Шёпот времени;Litres;3900;156;10
2026-W34;Тихий сад;Ozon;1396;55.84;4
2026-W34;Северный экспресс;WB;2245;89.8;5
2026-W34;Дом у маяка;Litres;1794;71.76;6
2026-W34;Игры разума;Ozon;3780;151.2;7
2026-W34;Шёпот времени;WB;3120;124.8;8
2026-W34;Тихий сад;Litres;3141;125.64;9
2026-W34;Северный экспресс;Ozon;4490;179.6;10
2026-W34;Дом у маяка;WB;1196;47.84;4
2026-W34;Игры разума;Litres;2700;108;5
2026-W34;Шёпот времени;Ozon;2340;93.6;6
2026-W34;Тихий сад;WB;2443;97.72;7
2026-W34;Северный экспресс;Litres;3592;143.68;8
2026-W34;Дом у маяка;Ozon;2691;107.64;9
2026-W34;Игры разума;WB;5400;216;10
2026-W34;Шёпот времени;Litres;1560;62.4;4
2026-W34;Тихий сад;Ozon;1745;69.8;5
2026-W34;Северный экспресс;WB;2694;107.76;6
2026-W34;Дом у маяка;Litres;2093;83.72;7
2026-W34;Игры разума;Ozon;4320;172.8;8
2026-W34;Шёпот времени;WB;3510;140.4;9
2026-W34;Тихий сад;Litres;3490;139.6;10
2026-W34;Северный экспресс;Ozon;1796;71.84;4
2026-W34;Дом у маяка;WB;1495;59.8;5
2026-W34;Игры разума;Litres;3240;129.6;6
2026-W34;Шёпот времени;Ozon;2730;109.2;7
2026-W34;Тихий сад;WB;2792;111.68;8
2026-W34;Северный экспресс;Litres;4041;161.64;9
2026-W34;Дом у маяка;Ozon;2990;119.6;10
2026-W34;Игры разума;WB;2160;86.4;4
2026-W34;Шёпот времени;Litres;1950;78;5
2026-W34;Тихий сад;Ozon;2094;83.76;6
2026-W34;Северный экспресс;WB;3143;125.72;7
2026-W34;Дом у маяка;Litres;2392;95.68;8
2026-W34;Игры разума;Ozon;4860;194.4;9
2026-W34;Шёпот времени;WB;3900;156;10
2026-W34;Тихий сад;Litres;1396;55.84;4
2026-W34;Северный экспресс;Ozon;2245;89.8;5
2026-W34;Дом у маяка;WB;1794;71.76;6
2026-W34;Игры разума;Litres;3780;151.2;7
2026-W34;Шёпот времени;Ozon;3120;124.8;8
2026-W34;Тихий сад;WB;3141;125.64;9
2026-W34;Северный экспресс;Litres;4490;179.6;10
2026-W34;Дом у маяка;Ozon;1196;47.84;4
2026-W34;Игры разума;WB;2700;108;5
2026-W34;Шёпот времени;Litres;2340;93.6;6
2026-W34;Тихий сад;Ozon;2443;97.72;7
2026-W34;Северный экспресс;WB;3592;143.68;8
2026-W34;Дом у маяка;Litres;2691;107.64;9
2026-W34;Игры разума;Ozon;5400;216;10
2026-W34;Шёпот времени;WB;1560;62.4;4
2026-W34;Тихий сад;Litres;1745;69.8;5
2026-W34;Северный экспресс;Ozon;2694;107.76;6
2026-W34;Дом у маяка;WB;2093;83.72;7
2026-W34;Игры разума;Litres;4320;172.8;8
2026-W34;Шёпот времени;Ozon;3510;140.4;9
2026-W34;Тихий сад;WB;3490;139.6;10
2026-W34;Северный экспресс;Litres;1796;71.84;4
2026-W34;Дом у маяка;Ozon;1495;59.8;5
2026-W34;Игры разума;WB;3240;129.6;6
2026-W34;Шёпот времени;Litres;2730;109.2;7
2026-W34;Тихий сад;Ozon;2792;111.68;8
2026-W34;Северный экспресс;WB;4041;161.64;9
2026-W34;Дом у маяка;Litres;2990;119.6;10
2026-W34;Игры разума;Ozon;2160;86.4;4
2026-W34;Шёпот времени;WB;1950;78;5
2026-W34;Тихий сад;Litres;2094;83.76;6
2026-W34;Северный экспресс;Ozon;3143;125.72;7
2026-W34;Дом у маяка;WB;2392;95.68;8
2026-W34;Игры разума;Litres;4860;194.4;9
2026-W34;Шёпот времени;Ozon;3900;156;10
2026-W34;Тихий сад;WB;1396;55.84;4
2026-W34;Северный экспресс;Litres;2245;89.8;5
2026-W34;Дом у маяка;Ozon;1794;71.76;6
2026-W34;Игры разума;WB;3780;151.2;7
2026-W34;Шёпот времени;Litres;3120;124.8;8
2026-W34;Тихий сад;Ozon;3141;125.64;9
2026-W34;Северный экспресс;WB;4490;179.6;10
2026-W34;Дом у маяка;Litres;1196;47.84;4
2026-W34;Игры разума;Ozon;2700;108;5
2026-W34;Шёпот времени;WB;2340;93.6;6
2026-W34;Тихий сад;Litres;2443;97.72;7
2026-W34;Северный экспресс;Ozon;3592;143.68;8
2026-W34;Дом у маяка;WB;2691;107.64;9
2026-W34;Игры разума;Litres;5400;216;10
2026-W34;Шёпот времени;Ozon;1560;62.4;4
2026-W34;Тихий сад;WB;1745;69.8;5
2026-W34;Северный экспресс;Litres;2694;107.76;6
2026-W34;Дом у маяка;Ozon;2093;83.72;7
2026-W34;Игры разума;WB;4320;172.8;8
2026-W34;Шёпот времени;Litres;3510;140.4;9
2026-W34;Тихий сад;Ozon;3490;139.6;10
2026-W34;Северный экспресс;WB;1796;71.84;4
2026-W34;Дом у маяка;Litres;1495;59.8;5
2026-W34;Игры разума;Ozon;3240;129.6;6
2026-W34;Шёпот времени;WB;2730;109.2;7
2026-W34;Тихий сад;Litres;2792;111.68;8
2026-W34;Северный экспресс;Ozon;4041;161.64;9
2026-W34;Дом у маяка;WB;2990;119.6;10
2026-W34;Игры разума;Litres;2160;86.4;4
2026-W34;Шёпот времени;Ozon;1950;78;5
2026-W34;Тихий сад;WB;2094;83.76;6
2026-W34;Северный экспресс;Litres;3143;125.72;7
2026-W34;Дом у маяка;Ozon;2392;95.68;8
2026-W34;Игры разума;WB;4860;194.4;9
2026-W34;Шёпот времени;Litres;3900;156;10
2026-W34;Тихий сад;Ozon;1396;55.84;4
2026-W34;Северный экспресс;WB;2245;89.8;5
2026-W34;Дом у маяка;Litres;1794;71.76;6
2026-W34;Игры разума;Ozon;3780;151.2;7
2026-W34;Шёпот времени;WB;3120;124.8;8
2026-W34;Тихий сад;Litres;3141;125.64;9
2026-W34;Северный экспресс;Ozon;4490;179.6;10
2026-W34;Дом у маяка;WB;1196;47.84;4
2026-W34;Игры разума;Litres;2700;108;5
2026-W34;Шёпот времени;Ozon;2340;93.6;6
2026-W34;Тихий сад;WB;2443;97.72;7
2026-W34;Северный экспресс;Litres;3592;143.68;8
2026-W34;Дом у маяка;Ozon;2691;107.64;9
2026-W34;Игры разума;WB;5400;216;10
2026-W34;Шёпот времени;Litres;1560;62.4;4
2026-W34;Тихий сад;Ozon;1745;69.8;5
2026-W34;Северный экспресс;WB;2694;107.76;6
2026-W34;Дом у маяка;Litres;2093;83.72;7
2026-W34;Игры разума;Ozon;4320;172.8;8
2026-W34;Шёпот времени;WB;3510;140.4;9
2026-W34;Тихий сад;Litres;3490;139.6;10
2026-W34;Северный экспресс;Ozon;1796;71.84;4
2026-W34;Дом у маяка;WB;1495;59.8;5
2026-W34;Игры разума;Litres;3240;129.6;6
2026-W34;Шёпот времени;Ozon;2730;109.2;7
2026-W34;Тихий сад;WB;2792;111.68;8
2026-W34;Северный экспресс;Litres;4041;161.64;9
2026-W34;Дом у маяка;Ozon;2990;119.6;10
2026-W34;Игры разума;WB;2160;86.4;4
2026-W34;Шёпот времени;Litres;1950;78;5
2026-W34;Тихий сад;Ozon;2094;83.76;6
2026-W34;Северный экспресс;WB;3143;125.72;7
2026-W34;Дом у маяка;Litres;2392;95.68;8
2026-W34;Игры разума;Ozon;4860;194.4;9
2026-W34;Шёпот времени;WB;3900;156;10
2026-W34;Тихий сад;Litres;1396;55.84;4
2026-W34;Северный экспресс;Ozon;2245;89.8;5
2026-W34;Дом у маяка;WB;1794;71.76;6
2026-W34;Игры разума;Litres;3780;151.2;7
2026-W34;Шёпот времени;Ozon;3120;124.8;8
2026-W34;Тихий сад;WB;3141;125.64;9
2026-W34;Северный экспресс;Litres;4490;179.6;10
2026-W34;Дом у маяка;Ozon;1196;47.84;4
2026-W34;Игры разума;WB;2700;108;5
2026-W34;Шёпот времени;Litres;2340;93.6;6
2026-W34;Тихий сад;Ozon;2443;97.72;7
2026-W34;Северный экспресс;WB;3592;143.68;8
2026-W34;Дом у маяка;Litres;2691;107.64;9
2026-W34;Игры разума;Ozon;5400;216;10
2026-W34;Шёпот времени;WB;1560;62.4;4
2026-W34;Тихий сад;Litres;1745;69.8;5
2026-W34;Северный экспресс;Ozon;2694;107.76;6
2026-W34;Дом у маяка;WB;2093;83.72;7
2026-W34;Игры разума;Litres;4320;172.8;8
2026-W34;Шёпот времени;Ozon;3510;140.4;9
2026-W34;Тихий сад;WB;3490;139.6;10
2026-W34;Северный экспресс;Litres;1796;71.84;4
2026-W34;Дом у маяка;Ozon;1495;59.8;5
2026-W34;Игры разума;WB;3240;129.6;6
2026-W34;Шёпот времени;Litres;2730;109.2;7
2026-W34;Тихий сад;Ozon;2792;111.68;8
2026-W34;Северный экспресс;WB;4041;161.64;9
2026-W34;Дом у маяка;Litres;2990;119.6;10
2026-W34;Игры разума;Ozon;2160;86.4;4
2026-W34;Шёпот времени;WB;1950;78;5
2026-W34;Тихий сад;Litres;2094;83.76;6
2026-W34;Северный экспресс;Ozon;3143;125.72;7
2026-W34;Дом у маяка;WB;2392;95.68;8
2026-W34;Игры разума;Litres;4860;194.4;9
2026-W34;Шёпот времени;Ozon;3900;156;10
2026-W34;Тихий сад;WB;1396;55.84;4
2026-W34;Северный экспресс;Litres;2245;89.8;5
2026-W34;Дом у маяка;Ozon;1794;71.76;6
2026-W34;Игры разума;WB;3780;151.2;7
2026-W34;Шёпот времени;Litres;3120;124.8;8
2026-W34;Тихий сад;Ozon;3141;125.64;9
2026-W34;Северный экспресс;WB;4490;179.6;10
2026-W34;Дом у маяка;Litres;1196;47.84;4
2026-W34;Игры разума;Ozon;2700;108;5
2026-W34;Шёпот времени;WB;2340;93.6;6
2026-W34;Тихий сад;Litres;2443;97.72;7
2026-W34;Северный экспресс;Ozon;3592;143.68;8
2026-W34;Дом у маяка;WB;2691;107.64;9
2026-W34;Игры разума;Litres;5400;216;10
2026-W34;Шёпот времени;Ozon;1560;62.4;4
2026-W34;Тихий сад;WB;1745;69.8;5
2026-W34;Северный экспресс;Litres;2694;107.76;6
2026-W34;Дом у маяка;Ozon;2093;83.72;7
2026-W34;Игры разума;WB;4320;172.8;8
2026-W34;Шёпот времени;Litres;3510;140.4;9
2026-W34;Тихий сад;Ozon;3490;139.6;10
2026-W34;Северный экспресс;WB;1796;71.84;4
2026-W34;Дом у маяка;Litres;1495;59.8;5
2026-W34;Игры разума;Ozon;3240;129.6;6
2026-W34;Шёпот времени;WB;2730;109.2;7
2026-W34;Тихий сад;Litres;2792;111.68;8
2026-W34;Северный экспресс;Ozon;4041;161.64;9
2026-W34;Дом у маяка;WB;2990;119.6;10
2026-W34;Игры разума;Litres;2160;86.4;4
2026-W34;Шёпот времени;Ozon;1950;78;5
2026-W34;Тихий сад;WB;2094;83.76;6
2026-W34;Северный экспресс;Litres;3143;125.72;7
2026-W34;Дом у маяка;Ozon;2392;95.68;8
2026-W34;Игры разума;WB;4860;194.4;9
2026-W34;Шёпот времени;Litres;3900;156;10
2026-W34;Тихий сад;Ozon;1396;55.84;4
2026-W34;Северный экспресс;WB;2245;89.8;5
2026-W34;Дом у маяка;Litres;1794;71.76;6
2026-W34;Игры разума;Ozon;3780;151.2;7
2026-W34;Шёпот времени;WB;3120;124.8;8
2026-W34;Тихий сад;Litres;3141;125.64;9
2026-W34;Северный экспресс;Ozon;4490;179.6;10
2026-W34;Дом у маяка;WB;1196;47.84;4
2026-W34;Игры разума;Litres;2700;108;5
2026-W34;Шёпот времени;Ozon;2340;93.6;6
2026-W34;Тихий сад;WB;2443;97.72;7
2026-W34;Северный экспресс;Litres;3592;143.68;8
2026-W34;Дом у маяка;Ozon;2691;107.64;9
2026-W34;Игры разума;WB;5400;216;10
2026-W34;Шёпот времени;Litres;1560;62.4;4
2026-W34;Тихий сад;Ozon;1745;69.8;5
2026-W34;Северный экспресс;WB;2694;107.76;6
2026-W34;Дом у маяка;Litres;2093;83.72;7
2026-W34;Игры разума;Ozon;4320;172.8;8
2026-W34;Шёпот времени;WB;3510;140.4;9
2026-W34;Тихий сад;Litres;3490;139.6;10
2026-W34;Северный экспресс;Ozon;1796;71.84;4
2026-W34;Дом у маяка;WB;1495;59.8;5
2026-W34;Игры разума;Litres;3240;129.6;6
2026-W34;Шёпот времени;Ozon;2730;109.2;7
2026-W34;Тихий сад;WB;2792;111.68;8
2026-W34;Северный экспресс;Litres;4041;161.64;9
2026-W34;Дом у маяка;Ozon;2990;119.6;10
2026-W34;Игры разума;WB;2160;86.4;4
2026-W34;Шёпот времени;Litres;1950;78;5
2026-W34;Тихий сад;Ozon;2094;83.76;6
2026-W34;Северный экспресс;WB;3143;125.72;7
2026-W34;Дом у маяка;Litres;2392;95.68;8
2026-W34;Игры разума;Ozon;4860;194.4;9
2026-W34;Шёпот времени;WB;3900;156;10
2026-W34;Тихий сад;Litres;1396;55.84;4
2026-W34;Северный экспресс;Ozon;2245;89.8;5
2026-W34;Дом у маяка;WB;1794;71.76;6
2026-W34;Игры разума;Litres;3780;151.2;7
2026-W34;Шёпот времени;Ozon;3120;124.8;8
2026-W34;Тихий сад;WB;3141;125.64;9
2026-W34;Северный экспресс;Litres;4490;179.6;10
2026-W34;Дом у маяка;Ozon;1196;47.84;4
2026-W34;Игры разума;WB;2700;108;5
2026-W34;Шёпот времени;Litres;2340;93.6;6
2026-W34;Тихий сад;Ozon;2443;97.72;7
2026-W34;Северный экспресс;WB;3592;143.68;8
2026-W34;Дом у маяка;Litres;2691;107.64;9
2026-W34;Игры разума;Ozon;5400;216;10
2026-W34;Шёпот времени;WB;1560;62.4;4
2026-W34;Тихий сад;Litres;1745;69.8;5
2026-W34;Северный экспресс;Ozon;2694;107.76;6
2026-W34;Дом у маяка;WB;2093;83.72;7
2026-W34;Игры разума;Litres;4320;172.8;8
2026-W34;Шёпот времени;Ozon;3510;140.4;9
2026-W34;Тихий сад;WB;3490;139.6;10
2026-W34;Северный экспресс;Litres;1796;71.84;4
2026-W34;Дом у маяка;Ozon;1495;59.8;5
2026-W34;Игры разума;WB;3240;129.6;6
2026-W34;Шёпот времени;Litres;2730;109.2;7
2026-W34;Тихий сад;Ozon;2792;111.68;8
2026-W34;Северный экспресс;WB;4041;161.64;9
2026-W34;Дом у маяка;Litres;2990;119.6;10
2026-W34;Игры разума;Ozon;2160;86.4;4
2026-W34;Шёпот времени;WB;1950;78;5
2026-W34;Тихий сад;Litres;2094;83.76;6
2026-W34;Северный экспресс;Ozon;3143;125.72;7
2026-W34;Дом у маяка;WB;2392;95.68;8
2026-W34;Игры разума;Litres;4860;194.4;9
2026-W34;Шёпот времени;Ozon;3900;156;10
2026-W34;Тихий сад;WB;1396;55.84;4
2026-W34;Северный экспресс;Litres;2245;89.8;5
2026-W34;Дом у маяка;Ozon;1794;71.76;6
2026-W34;Игры разума;WB;3780;151.2;7
2026-W34;Шёпот времени;Litres;3120;124.8;8
2026-W34;Тихий сад;Ozon;3141;125.64;9
2026-W34;Северный экспресс;WB;4490;179.6;10
2026-W34;Дом у маяка;Litres;1196;47.84;4
2026-W34;Игры разума;Ozon;2700;108;5
2026-W34;Шёпот времени;WB;2340;93.6;6
2026-W34;Тихий сад;Litres;2443;97.72;7
2026-W34;Северный экспресс;Ozon;3592;143.68;8
2026-W34;Дом у маяка;WB;2691;107.64;9
2026-W34;Игры разума;Litres;5400;216;10
2026-W34;Шёпот времени;Ozon;1560;62.4;4
2026-W34;Тихий сад;WB;1745;69.8;5
2026-W34;Северный экспресс;Litres;2694;107.76;6
2026-W34;Дом у маяка;Ozon;2093;83.72;7
2026-W34;Игры разума;WB;4320;172.8;8
2026-W34;Шёпот времени;Litres;3510;140.4;9
2026-W34;Тихий сад;Ozon;3490;139.6;10
2026-W34;Северный экспресс;WB;1796;71.84;4
2026-W34;Дом у маяка;Litres;1495;59.8;5
2026-W34;Игры разума;Ozon;3240;129.6;6
2026-W34;Шёпот времени;WB;2730;109.2;7
2026-W34;Тихий сад;Litres;2792;111.68;8
2026-W34;Северный экспресс;Ozon;4041;161.64;9
2026-W34;Дом у маяка;WB;2990;119.6;10
2026-W34;Игры разума;Litres;2160;86.4;4
2026-W34;Шёпот времени;Ozon;1950;78;5
2026-W34;Тихий сад;WB;2094;83.76;6
2026-W34;Северный экспресс;Litres;3143;125.72;7
2026-W34;Дом у маяка;Ozon;2392;95.68;8
2026-W34;Игры разума;WB;4860;194.4;9
2026-W34;Шёпот времени;Litres;3900;156;10
2026-W34;Тихий сад;Ozon;1396;55.84;4
2026-W34;Северный экспресс;WB;2245;89.8;5
2026-W34;Дом у маяка;Litres;1794;71.76;6
2026-W34;Игры разума;Ozon;3780;151.2;7
2026-W34;Шёпот времени;WB;3120;124.8;8
2026-W34;Тихий сад;Litres;3141;125.64;9
2026-W34;Северный экспресс;Ozon;4490;179.6;10
2026-W34;Дом у маяка;WB;1196;47.84;4
2026-W34;Игры разума;Litres;2700;108;5
2026-W34;Шёпот времени;Ozon;2340;93.6;6
2026-W34;Тихий сад;WB;2443;97.72;7
2026-W34;Северный экспресс;Litres;3592;143.68;8
2026-W34;Дом у маяка;Ozon;2691;107.64;9
2026-W34;Игры разума;WB;5400;216;10
2026-W34;Шёпот времени;Litres;1560;62.4;4
2026-W34;Тихий сад;Ozon;1745;69.8;5
2026-W34;Северный экспресс;WB;2694;107.76;6
2026-W34;Дом у маяка;Litres;2093;83.72;7
2026-W34;Игры разума;Ozon;4320;172.8;8
2026-W34;Шёпот времени;WB;3510;140.4;9
2026-W34;Тихий сад;Litres;3490;139.6;10
2026-W34;Северный экспресс;Ozon;1796;71.84;4
2026-W34;Дом у маяка;WB;1495;59.8;5
2026-W34;Игры разума;Litres;3240;129.6;6
2026-W34;Шёпот времени;Ozon;2730;109.2;7
2026-W34;Тихий сад;WB;2792;111.68;8
2026-W34;Северный экспресс;Litres;4041;161.64;9
2026-W34;Дом у маяка;Ozon;2990;119.6;10
2026-W34;Игры разума;WB;2160;86.4;4
2026-W34;Шёпот времени;Litres;1950;78;5
2026-W34;Тихий сад;Ozon;2094;83.76;6
2026-W34;Северный экспресс;WB;3143;125.72;7
2026-W34;Дом у маяка;Litres;2392;95.68;8
2026-W34;Игры разума;Ozon;4860;194.4;9
2026-W34;Шёпот времени;WB;3900;156;10
2026-W34;Тихий сад;Litres;1396;55.84;4
2026-W34;Северный экспресс;Ozon;2245;89.8;5
2026-W34;Дом у маяка;WB;1794;71.76;6
2026-W34;Игры разума;Litres;3780;151.2;7
2026-W34;Шёпот времени;Ozon;3120;124.8;8
2026-W34;Тихий сад;WB;3141;125.64;9
2026-W34;Северный экспресс;Litres;4490;179.6;10
2026-W34;Дом у маяка;Ozon;1196;47.84;4
2026-W34;Игры разума;WB;2700;108;5
2026-W34;Шёпот времени;Litres;2340;93.6;6
2026-W34;Тихий сад;Ozon;2443;97.72;7
2026-W34;Северный экспресс;WB;3592;143.68;8
2026-W34;Дом у маяка;Litres;2691;107.64;9
2026-W34;Игры разума;Ozon;5400;216;10
2026-W34;Шёпот времени;WB;1560;62.4;4
2026-W34;Тихий сад;Litres;1745;69.8;5
2026-W34;Северный экспресс;Ozon;2694;107.76;6
2026-W34;Дом у маяка;WB;2093;83.72;7
2026-W34;Игры разума;Litres;4320;172.8;8
2026-W34;Шёпот времени;Ozon;3510;140.4;9
2026-W34;Тихий сад;WB;3490;139.6;10
2026-W34;Северный экспресс;Litres;1796;71.84;4
2026-W34;Дом у маяка;Ozon;1495;59.8;5
2026-W34;Игры разума;WB;3240;129.6;6
2026-W34;Шёпот времени;Litres;2730;109.2;7
2026-W34;Тихий сад;Ozon;2792;111.68;8
2026-W34;Северный экспресс;WB;4041;161.64;9
2026-W34;Дом у маяка;Litres;2990;119.6;10
2026-W34;Игры разума;Ozon;2160;86.4;4
2026-W34;Шёпот времени;WB;1950;78;5
2026-W34;Тихий сад;Litres;2094;83.76;6
2026-W34;Северный экспресс;Ozon;3143;125.72;7
2026-W34;Дом у маяка;WB;2392;95.68;8
2026-W34;Игры разума;Litres;4860;194.4;9
2026-W34;Шёпот времени;Ozon;3900;156;10
2026-W34;Тихий сад;WB;1396;55.84;4
2026-W34;Северный экспресс;Litres;2245;89.8;5
2026-W34;Дом у маяка;Ozon;1794;71.76;6
2026-W34;Игры разума;WB;3780;151.2;7
2026-W34;Шёпот времени;Litres;3120;124.8;8
2026-W34;Тихий сад;Ozon;3141;125.64;9
2026-W34;Северный экспресс;WB;4490;179.6;10
2026-W34;Дом у маяка;Litres;1196;47.84;4
2026-W34;Игры разума;Ozon;2700;108;5
2026-W34;Шёпот времени;WB;2340;93.6;6
2026-W34;Тихий сад;Litres;2443;97.72;7
2026-W34;Северный экспресс;Ozon;3592;143.68;8
2026-W34;Дом у маяка;WB;2691;107.64;9
2026-W34;Игры разума;Litres;5400;216;10
2026-W34;Шёпот времени;Ozon;1560;62.4;4
2026-W34;Тихий сад;WB;1745;69.8;5
2026-W34;Северный экспресс;Litres;2694;107.76;6
2026-W34;Дом у маяка;Ozon;2093;83.72;7
2026-W34;Игры разума;WB;4320;172.8;8
2026-W34;Шёпот времени;Litres;3510;140.4;9
2026-W34;Тихий сад;Ozon;3490;139.6;10
2026-W34;Северный экспресс;WB;1796;71.84;4
2026-W34;Дом у маяка;Litres;1495;59.8;5
2026-W34;Игры разума;Ozon;3240;129.6;6
2026-W34;Шёпот времени;WB;2730;109.2;7
2026-W34;Тихий сад;Litres;2792;111.68;8
2026-W34;Северный экспресс;Ozon;4041;161.64;9
2026-W34;Дом у маяка;WB;2990;119.6;10
2026-W34;Игры разума;Litres;2160;86.4;4
2026-W34;Шёпот времени;Ozon;1950;78;5
2026-W34;Тихий сад;WB;2094;83.76;6
2026-W34;Северный экспресс;Litres;3143;125.72;7
2026-W34;Дом у маяка;Ozon;2392;95.68;8
2026-W34;Игры разума;WB;4860;194.4;9
2026-W34;Шёпот времени;Litres;3900;156;10
2026-W34;Тихий сад;Ozon;1396;55.84;4
2026-W34;Северный экспресс;WB;2245;89.8;5
2026-W34;Дом у маяка;Litres;1794;71.76;6
2026-W34;Игры разума;Ozon;3780;151.2;7
2026-W34;Шёпот времени;WB;3120;124.8;8
2026-W34;Тихий сад;Litres;3141;125.64;9
2026-W34;Северный экспресс;Ozon;4490;179.6;10
2026-W34;Дом у маяка;WB;1196;47.84;4
2026-W34;Игры разума;Litres;2700;108;5
2026-W34;Шёпот времени;Ozon;2340;93.6;6
2026-W34;Тихий сад;WB;2443;97.72;7
2026-W34;Северный экспресс;Litres;3592;143.68;8
2026-W34;Дом у маяка;Ozon;2691;107.64;9
2026-W34;Игры разума;WB;5400;216;10
2026-W34;Шёпот времени;Litres;1560;62.4;4
2026-W34;Тихий сад;Ozon;1745;69.8;5
2026-W34;Северный экспресс;WB;2694;107.76;6
2026-W34;Дом у маяка;Litres;2093;83.72;7
2026-W34;Игры разума;Ozon;4320;172.8;8
2026-W34;Шёпот времени;WB;3510;140.4;9
2026-W34;Тихий сад;Litres;3490;139.6;10
2026-W34;Северный экспресс;Ozon;1796;71.84;4
2026-W34;Дом у маяка;WB;1495;59.8;5
2026-W34;Игры разума;Litres;3240;129.6;6
2026-W34;Шёпот времени;Ozon;2730;109.2;7
2026-W34;Тихий сад;WB;2792;111.68;8
2026-W34;Северный экспресс;Litres;4041;161.64;9
2026-W34;Дом у маяка;Ozon;2990;119.6;10
2026-W34;Игры разума;WB;2160;86.4;4
2026-W34;Шёпот времени;Litres;1950;78;5
2026-W34;Тихий сад;Ozon;2094;83.76;6
2026-W34;Северный экспресс;WB;3143;125.72;7
2026-W34;Дом у маяка;Litres;2392;95.68;8
2026-W34;Игры разума;Ozon;4860;194.4;9
2026-W34;Шёпот времени;WB;3900;156;10
2026-W34;Тихий сад;Litres;1396;55.84;4
2026-W34;Северный экспресс;Ozon;2245;89.8;5
2026-W34;Дом у маяка;WB;1794;71.76;6
2026-W34;Игры разума;Litres;3780;151.2;7
2026-W34;Шёпот времени;Ozon;3120;124.8;8
2026-W34;Тихий сад;WB;3141;125.64;9
2026-W34;Северный экспресс;Litres;4490;179.6;10
2026-W34;Дом у маяка;Ozon;1196;47.84;4
2026-W34;Игры разума;WB;2700;108;5
2026-W34;Шёпот времени;Litres;2340;93.6;6
2026-W34;Тихий сад;Ozon;2443;97.72;7
2026-W34;Северный экспресс;WB;3592;143.68;8
2026-W34;Дом у маяка;Litres;2691;107.64;9
2026-W34;Игры разума;Ozon;5400;216;10
2026-W34;Шёпот времени;WB;1560;62.4;4
2026-W34;Тихий сад;Litres;1745;69.8;5
2026-W34;Северный экспресс;Ozon;2694;107.76;6
2026-W34;Дом у маяка;WB;2093;83.72;7
2026-W34;Игры разума;Litres;4320;172.8;8
2026-W34;Шёпот времени;Ozon;3510;140.4;9
2026-W34;Тихий сад;WB;3490;139.6;10
2026-W34;Северный экспресс;Litres;1796;71.84;4
2026-W34;Дом у маяка;Ozon;1495;59.8;5
2026-W34;Игры разума;WB;3240;129.6;6
2026-W34;Шёпот времени;Litres;2730;109.2;7
2026-W34;Тихий сад;Ozon;2792;111.68;8
2026-W34;Северный экспресс;WB;4041;161.64;9
2026-W34;Дом у маяка;Litres;2990;119.6;10
2026-W34;Игры разума;Ozon;2160;86.4;4
2026-W34;Шёпот времени;WB;1950;78;5
2026-W34;Тихий сад;Litres;2094;83.76;6
2026-W34;Северный экспресс;Ozon;3143;125.72;7
2026-W34;Дом у маяка;WB;2392;95.68;8
2026-W34;Игры разума;Litres;4860;194.4;9
2026-W34;Шёпот времени;Ozon;3900;156;10
2026-W34;Тихий сад;WB;1396;55.84;4
2026-W34;Северный экспресс;Litres;2245;89.8;5
2026-W34;Дом у маяка;Ozon;1794;71.76;6
2026-W34;Игры разума;WB;3780;151.2;7
2026-W34;Шёпот времени;Litres;3120;124.8;8
2026-W34;Тихий сад;Ozon;3141;125.64;9
2026-W34;Северный экспресс;WB;4490;179.6;10
2026-W34;Дом у маяка;Litres;1196;47.84;4
2026-W34;Игры разума;Ozon;2700;108;5
2026-W34;Шёпот времени;WB;2340;93.6;6
2026-W34;Тихий сад;Litres;2443;97.72;7
2026-W34;Северный экспресс;Ozon;3592;143.68;8
2026-W34;Дом у маяка;WB;2691;107.64;9
2026-W34;Игры разума;Litres;5400;216;10
2026-W34;Шёпот времени;Ozon;1560;62.4;4
2026-W34;Тихий сад;WB;1745;69.8;5
2026-W34;Северный экспресс;Litres;2694;107.76;6
2026-W34;Дом у маяка;Ozon;2093;83.72;7
2026-W34;Игры разума;WB;4320;172.8;8
2026-W34;Шёпот времени;Litres;3510;140.4;9
2026-W34;Тихий сад;Ozon;3490;139.6;10
2026-W34;Северный экспресс;WB;1796;71.84;4
2026-W34;Дом у маяка;Litres;1495;59.8;5
2026-W34;Игры разума;Ozon;3240;129.6;6
2026-W34;Шёпот времени;WB;2730;109.2;7
2026-W34;Тихий сад;Litres;2792;111.68;8
2026-W34;Северный экспресс;Ozon;4041;161.64;9
2026-W34;Дом у маяка;WB;2990;119.6;10
2026-W34;Игры разума;Litres;2160;86.4;4
2026-W34;Шёпот времени;Ozon;1950;78;5
2026-W34;Тихий сад;WB;2094;83.76;6
2026-W34;Северный экспресс;Litres;3143;125.72;7
2026-W34;Дом у маяка;Ozon;2392;95.68;8
2026-W34;Игры разума;WB;4860;194.4;9
2026-W34;Шёпот времени;Litres;3900;156;10
2026-W34;Тихий сад;Ozon;1396;55.84;4
2026-W34;Северный экспресс;WB;2245;89.8;5
2026-W34;Дом у маяка;Litres;1794;71.76;6
2026-W34;Игры разума;Ozon;3780;151.2;7
2026-W34;Шёпот времени;WB;3120;124.8;8
2026-W34;Тихий сад;Litres;3141;125.64;9
2026-W34;Северный экспресс;Ozon;4490;179.6;10
2026-W34;Дом у маяка;WB;1196;47.84;4
2026-W34;Игры разума;Litres;2700;108;5
2026-W34;Шёпот времени;Ozon;2340;93.6;6
2026-W34;Тихий сад;WB;2443;97.72;7
2026-W34;Северный экспресс;Litres;3592;143.68;8
2026-W34;Дом у маяка;Ozon;2691;107.64;9
2026-W34;Игры разума;WB;5400;216;10
2026-W34;Шёпот времени;Litres;1560;62.4;4
2026-W34;Тихий сад;Ozon;1745;69.8;5
2026-W34;Северный экспресс;WB;2694;107.76;6
2026-W34;Дом у маяка;Litres;2093;83.72;7
2026-W34;Игры разума;Ozon;4320;172.8;8
2026-W34;Шёпот времени;WB;3510;140.4;9
2026-W34;Тихий сад;Litres;3490;139.6;10
2026-W34;Северный экспресс;Ozon;1796;71.84;4
2026-W34;Дом у маяка;WB;1495;59.8;5
2026-W34;Игры разума;Litres;3240;129.6;6
2026-W34;Шёпот времени;Ozon;2730;109.2;7
2026-W34;Тихий сад;WB;2792;111.68;8
2026-W34;Северный экспресс;Litres;4041;161.64;9
2026-W34;Дом у маяка;Ozon;2990;119.6;10
2026-W34;Игры разума;WB;2160;86.4;4
2026-W34;Шёпот времени;Litres;1950;78;5
2026-W34;Тихий сад;Ozon;2094;83.76;6
2026-W34;Северный экспресс;WB;3143;125.72;7
2026-W34;Дом у маяка;Litres;2392;95.68;8
2026-W34;Игры разума;Ozon;4860;194.4;9
2026-W34;Шёпот времени;WB;3900;156;10
2026-W34;Тихий сад;Litres;1396;55.84;4
2026-W34;Северный экспресс;Ozon;2245;89.8;5
2026-W34;Дом у маяка;WB;1794;71.76;6
2026-W34;Игры разума;Litres;3780;151.2;7
2026-W34;Шёпот времени;Ozon;3120;124.8;8
2026-W34;Тихий сад;WB;3141;125.64;9
2026-W34;Северный экспресс;Litres;4490;179.6;10
2026-W34;Дом у маяка;Ozon;1196;47.84;4
2026-W34;Игры разума;WB;2700;108;5
2026-W34;Шёпот времени;Litres;2340;93.6;6
2026-W34;Тихий сад;Ozon;2443;97.72;7
2026-W34;Северный экспресс;WB;3592;143.68;8
2026-W34;Дом у маяка;Litres;2691;107.64;9
2026-W34;Игры разума;Ozon;5400;216;10
2026-W34;Шёпот времени;WB;1560;62.4;4
2026-W34;Тихий сад;Litres;1745;69.8;5
2026-W34;Северный экспресс;Ozon;2694;107.76;6
2026-W34;Дом у маяка;WB;2093;83.72;7
2026-W34;Игры разума;Litres;4320;172.8;8
2026-W34;Шёпот времени;Ozon;3510;140.4;9
2026-W34;Тихий сад;WB;3490;139.6;10
2026-W34;Северный экспресс;Litres;1796;71.84;4
2026-W34;Дом у маяка;Ozon;1495;59.8;5
2026-W34;Игры разума;WB;3240;129.6;6
2026-W34;Шёпот времени;Litres;2730;109.2;7
2026-W34;Тихий сад;Ozon;2792;111.68;8
2026-W34;Северный экспресс;WB;4041;161.64;9
2026-W34;Дом у маяка;Litres;2990;119.6;10
2026-W34;Игры разума;Ozon;2160;86.4;4
2026-W34;Шёпот времени;WB;1950;78;5
2026-W34;Тихий сад;Litres;2094;83.76;6
2026-W34;Северный экспресс;Ozon;3143;125.72;7
2026-W34;Дом у маяка;WB;2392;95.68;8
2026-W34;Игры разума;Litres;4860;194.4;9
2026-W34;Шёпот времени;Ozon;3900;156;10
2026-W34;Тихий сад;WB;1396;55.84;4
2026-W34;Северный экспресс;Litres;2245;89.8;5
2026-W34;Дом у маяка;Ozon;1794;71.76;6
2026-W34;Игры разума;WB;3780;151.2;7
2026-W34;Шёпот времени;Litres;3120;124.8;8
2026-W34;Тихий сад;Ozon;3141;125.64;9
2026-W34;Северный экспресс;WB;4490;179.6;10
2026-W34;Дом у маяка;Litres;1196;47.84;4
2026-W34;Игры разума;Ozon;2700;108;5
2026-W34;Шёпот времени;WB;2340;93.6;6
2026-W34;Тихий сад;Litres;2443;97.72;7
2026-W34;Северный экспресс;Ozon;3592;143.68;8
2026-W34;Дом у маяка;WB;2691;107.64;9
2026-W34;Игры разума;Litres;5400;216;10
2026-W34;Шёпот времени;Ozon;1560;62.4;4
