ISBN;Book;Status;Price;Litres;Ozon;WB
9785000000018;Тихий сад;active;349;5;12;7
9785000000025;Дом у маяка;paused;449;8;5;3
9785000000032;Игры разума;active;540;5;0;4
9785000000045;Книга 4;active;349;4;4;4
9785000000052;Книга 5;active;399;5;5;5
9785000000069;Книга 6;active;449;6;6;6
9785000000076;Книга 7;active;499;7;7;0
9785000000083;Книга 8;active;349;8;8;1
9785000000090;Книга 9;active;399;9;9;2
9785000000106;Книга 10;paused;449;10;10;3
9785000000113;Книга 11;active;499;0;11;4
9785000000120;Книга 12;active;349;1;12;5
9785000000137;Книга 13;active;399;2;0;6
9785000000144;Книга 14;active;449;3;1;0
9785000000151;Книга 15;active;499;4;2;1
9785000000168;Книга 16;active;349;5;3;2
9785000000175;Книга 17;active;399;6;4;3
9785000000182;Книга 18;active;449;7;5;4
9785000000199;Книга 19;active;499;8;6;5
9785000000205;Книга 20;paused;349;9;7;6
;Книга 21;active;399;10;8;0
9785000000229;Книга 22;active;449;0;9;1
9785000000236;Книга 23;active;499;1;10;2
9785000000243;Книга 24;active;349;2;11;3
9785000000250;Книга 25;active;399;3;12;4
9785000000267;Книга 26;active;449;4;0;5
9785000000274;Книга 27;active;499;5;1;6
9785000000281;Книга 28;active;349;6;2;0
9785000000298;Книга 29;active;399;7;3;1
9785000000304;Книга 30;paused;449;8;4;2
9785000000311;Книга 31;active;449;9;5;3
9785000000328;Книга 32;active;349;10;6;4
9785000000335;Книга 33;active;399;0;7;5
9785000000342;Книга 34;active;449;1;8;6
9785000000359;Книга 35;active;499;2;9;0
9785000000366;Книга 36;active;349;3;10;1
9785000000373;Книга 37;active;399;4;11;2
9785000000380;Книга 38;active;449;5;12;3
9785000000397;Книга 39;active;499;6;0;4
9785000000403;Книга 40;paused;349;7;1;5
9785000000410;Книга 41;active;399;8;2;-2
9785000000427;Книга 42;active;449;9;3;0
9785000000434;Книга 43;active;499;10;4;1
9785000000441;Книга 44;active;349;0;5;2
9785000000458;Книга 45;active;399;1;6;3
9785000000465;Книга 46;active;449;2;7;4
9785000000472;Книга 47;active;499;3;8;5
9785000000489;Книга 48;active;349;4;9;6
9785000000496;Книга 49;active;399;5;10;0
9785000000502;Книга 50;paused;449;6;11;1
9785000000018;Книга 51;active;499;7;12;2
9785000000526;Книга 52;active;349;8;0;3
9785000000533;Книга 53;active;399;9;1;4
9785000000540;Книга 54;active;449;10;2;5
9785000000557;Книга 55;active;499;0;3;6
9785000000564;Книга 56;active;349;1;4;0
9785000000571;Книга 57;active;399;2;5;1
9785000000588;Книга 58;active;449;3;6;2
9785000000595;Книга 59;active;499;4;7;3
9785000000601;Книга 60;paused;349;5;8;4
9785000000618;Книга 61;active;399;6;9;5
9785000000625;Книга 62;active;449;7;10;6
9785000000632;Книга 63;active;499;8;11;0
9785000000649;Книга 64;active;349;9;12;1
9785000000656;Книга 65;active;399;10;0;2
9785000000663;Книга 66;active;449;0;1;3
9785000000670;Книга 67;active;499;1;2;4
9785000000687;Книга 68;active;349;2;3;5
9785000000694;Книга 69;active;399;3;4;6
9785000000700;Книга 70;paused;449;4;5;0
9785000000717;Книга 71;active;499;5;6;1
9785000000724;Книга 72;active;349;6;7;2
9785000000731;Книга 73;active;399;7;8;3
9785000000748;Книга 74;active;449;8;9;4
9785000000755;Книга 75;active;499;9;10;5
9785000000762;Книга 76;active;349;10;11;6
9785000000779;Книга 77;active;399;0;12;0
9785000000786;Книга 78;active;449;1;0;1
9785000000793;Книга 79;active;499;2;1;2
9785000000809;Книга 80;paused;349;3;2;3
9785000000816;Книга 81;active;399;4;3;4
9785000000823;Книга 82;active;449;5;4;5
9785000000830;Книга 83;active;499;6;5;6
9785000000847;Книга 84;active;349;7;6;0
9785000000854;Книга 85;active;399;8;7;1
9785000000861;Книга 86;active;449;9;8;2
9785000000878;Книга 87;active;499;10;9;3
9785000000885;Книга 88;active;349;0;10;4
9785000000892;Книга 89;active;399;1;11;5
9785000000908;Книга 90;paused;449;2;12;6
9785000000915;Книга 91;active;499;3;0;0
9785000000922;Книга 92;active;349;4;1;1
9785000000939;Книга 93;active;399;5;2;2
9785000000946;Книга 94;active;449;6;3;3
9785000000953;Книга 95;active;499;7;4;4
9785000000960;Книга 96;active;349;8;5;5
9785000000977;Книга 97;active;399;9;6;6
9785000000984;Книга 98;active;449;10;7;0
9785000000991;Книга 99;active;499;0;8;1
9785000001004;Книга 100;paused;349;1;9;2
9785000001011;Книга 101;active;399;2;10;3
9785000001028;Книга 102;active;449;3;11;4
9785000001035;Книга 103;active;499;4;12;5
9785000001042;Книга 104;active;349;5;0;6
9785000001059;Книга 105;active;399;6;1;0
9785000001066;Книга 106;active;449;7;2;1
9785000001073;Книга 107;active;499;8;3;2
9785000001080;Книга 108;active;349;9;4;3
9785000001097;Книга 109;active;399;10;5;4
9785000001103;Книга 110;paused;449;0;6;5
9785000001110;Книга 111;active;499;1;7;6
9785000001127;Книга 112;active;349;2;8;0
9785000001134;Книга 113;active;399;3;9;1
9785000001141;Книга 114;active;449;4;10;2
9785000001158;Книга 115;active;499;5;11;3
9785000001165;Книга 116;active;349;6;12;4
9785000001172;Книга 117;active;399;7;0;5
9785000001189;Книга 118;active;449;8;1;6
9785000001196;Книга 119;active;499;9;2;0
9785000001202;Книга 120;paused;349;10;3;1
9785000001219;Книга 121;active;399;0;4;2
9785000001226;Книга 122;active;449;1;5;3
9785000001233;Книга 123;active;499;2;6;4
9785000001240;Книга 124;active;349;3;7;5
9785000001257;Книга 125;active;399;4;8;6
9785000001264;Книга 126;active;449;5;9;0
9785000001271;Книга 127;active;499;6;10;1
9785000001288;Книга 128;active;349;7;11;2
9785000001295;Книга 129;active;399;8;12;3
9785000001301;Книга 130;paused;449;9;0;4
9785000001318;Книга 131;active;499;10;1;5
9785000001325;Книга 132;active;349;0;2;6
9785000001332;Книга 133;active;399;1;3;0
9785000001349;Книга 134;active;449;2;4;1
9785000001356;Книга 135;active;499;3;5;2
9785000001363;Книга 136;active;349;4;6;3
9785000001370;Книга 137;active;399;5;7;4
9785000001387;Книга 138;active;449;6;8;5
9785000001394;Книга 139;active;499;7;9;6
9785000001400;Книга 140;paused;349;8;10;0
9785000001417;Книга 141;active;399;9;11;1
9785000001424;Книга 142;active;449;10;12;2
9785000001431;Книга 143;active;499;0;0;3
9785000001448;Книга 144;active;349;1;1;4
9785000001455;Книга 145;active;399;2;2;5
9785000001462;Книга 146;active;449;3;3;6
9785000001479;Книга 147;active;499;4;4;0
9785000001486;Книга 148;active;349;5;5;1
9785000001493;Книга 149;active;399;6;6;2
9785000001509;Книга 150;paused;449;7;7;3
9785000001516;Книга 151;active;499;8;8;4
9785000001523;Книга 152;active;349;9;9;5
9785000001530;Книга 153;active;399;10;10;6
9785000001547;Книга 154;active;449;0;11;0
9785000001554;Книга 155;active;499;1;12;1
9785000001561;Книга 156;active;349;2;0;2
9785000001578;Книга 157;active;399;3;1;3
9785000001585;Книга 158;active;449;4;2;4
9785000001592;Книга 159;active;499;5;3;5
9785000001608;Книга 160;paused;349;6;4;6
9785000001615;Книга 161;active;399;7;5;0
9785000001622;Книга 162;active;449;8;6;1
9785000001639;Книга 163;active;499;9;7;2
9785000001646;Книга 164;active;349;10;8;3
9785000001653;Книга 165;active;399;0;9;4
9785000001660;Книга 166;active;449;1;10;5
9785000001677;Книга 167;active;499;2;11;6
9785000001684;Книга 168;active;349;3;12;0
9785000001691;Книга 169;active;399;4;0;1
9785000001707;Книга 170;paused;449;5;1;2
9785000001714;Книга 171;active;499;6;2;3
9785000001721;Книга 172;active;349;7;3;4
9785000001738;Книга 173;active;399;8;4;5
9785000001745;Книга 174;active;449;9;5;6
9785000001752;Книга 175;active;499;10;6;0
9785000001769;Книга 176;active;349;0;7;1
9785000001776;Книга 177;active;399;1;8;2
9785000001783;Книга 178;active;449;2;9;3
9785000001790;Книга 179;active;499;3;10;4
9785000001806;Книга 180;paused;349;4;11;5
9785000001813;Книга 181;active;399;5;12;6
9785000001820;Книга 182;active;449;6;0;0
9785000001837;Книга 183;active;499;7;1;1
9785000001844;Книга 184;active;349;8;2;2
9785000001851;Книга 185;active;399;9;3;3
9785000001868;Книга 186;active;449;10;4;4
9785000001875;Книга 187;active;499;0;5;5
9785000001882;Книга 188;active;349;1;6;6
9785000001899;Книга 189;active;399;2;7;0
9785000001905;Книга 190;paused;449;3;8;1
9785000001912;Книга 191;active;499;4;9;2
9785000001929;Книга 192;active;349;5;10;3
9785000001936;Книга 193;active;399;6;11;4
9785000001943;Книга 194;active;449;7;12;5
9785000001950;Книга 195;active;499;8;0;6
9785000001967;Книга 196;active;349;9;1;0
9785000001974;Книга 197;active;399;10;2;1
9785000001981;Книга 198;active;449;0;3;2
9785000001998;Книга 199;active;499;1;4;3
9785000002001;Книга 200;paused;349;2;5;4
9785000002018;Книга 201;active;399;3;6;5
9785000002025;Книга 202;active;449;4;7;6
9785000002032;Книга 203;active;499;5;8;0
9785000002049;Книга 204;active;349;6;9;1
9785000002056;Книга 205;active;399;7;10;2
9785000002063;Книга 206;active;449;8;11;3
9785000002070;Книга 207;active;499;9;12;4
9785000002087;Книга 208;active;349;10;0;5
9785000002094;Книга 209;active;399;0;1;6
9785000002100;Книга 210;paused;449;1;2;0
9785000002117;Книга 211;active;499;2;3;1
9785000002124;Книга 212;active;349;3;4;2
9785000002131;Книга 213;active;399;4;5;3
9785000002148;Книга 214;active;449;5;6;4
9785000002155;Книга 215;active;499;6;7;5
9785000002162;Книга 216;active;349;7;8;6
9785000002179;Книга 217;active;399;8;9;0
9785000002186;Книга 218;active;449;9;10;1
9785000002193;Книга 219;active;499;10;11;2
9785000002209;Книга 220;paused;349;0;12;3
9785000002216;Книга 221;active;399;1;0;4
9785000002223;Книга 222;active;449;2;1;5
9785000002230;Книга 223;active;499;3;2;6
9785000002247;Книга 224;active;349;4;3;0
9785000002254;Книга 225;active;399;5;4;1
9785000002261;Книга 226;active;449;6;5;2
9785000002278;Книга 227;active;499;7;6;3
9785000002285;Книга 228;active;349;8;7;4
9785000002292;Книга 229;active;399;9;8;5
9785000002308;Книга 230;paused;449;10;9;6
9785000002315;Книга 231;active;499;0;10;0
9785000002322;Книга 232;active;349;1;11;1
9785000002339;Книга 233;active;399;2;12;2
9785000002346;Книга 234;active;449;3;0;3
9785000002353;Книга 235;active;499;4;1;4
9785000002360;Книга 236;active;349;5;2;5
9785000002377;Книга 237;active;399;6;3;6
9785000002384;Книга 238;active;449;7;4;0
9785000002391;Книга 239;active;499;8;5;1
9785000002407;Книга 240;paused;349;9;6;2
9785000002414;Книга 241;active;399;10;7;3
9785000002421;Книга 242;active;449;0;8;4
9785000002438;Книга 243;active;499;1;9;5
9785000002445;Книга 244;active;349;2;10;6
9785000002452;Книга 245;active;399;3;11;0
9785000002469;Книга 246;active;449;4;12;1
9785000002476;Книга 247;active;499;5;0;2
9785000002483;Книга 248;active;349;6;1;3
9785000002490;Книга 249;active;399;7;2;4
9785000002506;Книга 250;paused;449;8;3;5
9785000002513;Книга 251;active;499;9;4;6
9785000002520;Книга 252;active;349;10;5;0
9785000002537;Книга 253;active;399;0;6;1
9785000002544;Книга 254;active;449;1;7;2
9785000002551;Книга 255;active;499;2;8;3
9785000002568;Книга 256;active;349;3;9;4
9785000002575;Книга 257;active;399;4;10;5
9785000002582;Книга 258;active;449;5;11;6
9785000002599;Книга 259;active;499;6;12;0
9785000002605;Книга 260;paused;349;7;0;1
9785000002612;Книга 261;active;399;8;1;2
9785000002629;Книга 262;active;449;9;2;3
9785000002636;Книга 263;active;499;10;3;4
9785000002643;Книга 264;active;349;0;4;5
9785000002650;Книга 265;active;399;1;5;6
9785000002667;Книга 266;active;449;2;6;0
9785000002674;Книга 267;active;499;3;7;1
9785000002681;Книга 268;active;349;4;8;2
9785000002698;Книга 269;active;399;5;9;3
9785000002704;Книга 270;paused;449;6;10;4
9785000002711;Книга 271;active;499;7;11;5
9785000002728;Книга 272;active;349;8;12;6
9785000002735;Книга 273;active;399;9;0;0
9785000002742;Книга 274;active;449;10;1;1
9785000002759;Книга 275;active;499;0;2;2
9785000002766;Книга 276;active;349;1;3;3
9785000002773;Книга 277;active;399;2;4;4
9785000002780;Книга 278;active;449;3;5;5
9785000002797;Книга 279;active;499;4;6;6
9785000002803;Книга 280;paused;349;5;7;0
9785000002810;Книга 281;active;399;6;8;1
9785000002827;Книга 282;active;449;7;9;2
9785000002834;Книга 283;active;499;8;10;3
9785000002841;Книга 284;active;349;9;11;4
9785000002858;Книга 285;active;399;10;12;5
9785000002865;Книга 286;active;449;0;0;6
9785000002872;Книга 287;active;499;1;1;0
9785000002889;Книга 288;active;349;2;2;1
9785000002896;Книга 289;active;399;3;3;2
9785000002902;Книга 290;paused;449;4;4;3
9785000002919;Книга 291;active;499;5;5;4
9785000002926;Книга 292;active;349;6;6;5
9785000002933;Книга 293;active;399;7;7;6
9785000002940;Книга 294;active;449;8;8;0
9785000002957;Книга 295;active;499;9;9;1
9785000002964;Книга 296;active;349;10;10;2
9785000002971;Книга 297;active;399;0;11;3
9785000002988;Книга 298;active;449;1;12;4
9785000002995;Книга 299;active;499;2;0;5
9785000003008;Книга 300;paused;349;3;1;6
9785000003015;Книга 301;active;399;4;2;0
9785000003022;Книга 302;active;449;5;3;1
9785000003039;Книга 303;active;499;6;4;2
9785000003046;Книга 304;active;349;7;5;3
9785000003053;Книга 305;active;399;8;6;4
9785000003060;Книга 306;active;449;9;7;5
9785000003077;Книга 307;active;499;10;8;6
9785000003084;Книга 308;active;349;0;9;0
9785000003091;Книга 309;active;399;1;10;1
9785000003107;Книга 310;paused;449;2;11;2
9785000003114;Книга 311;active;499;3;12;3
9785000003121;Книга 312;active;349;4;0;4
9785000003138;Книга 313;active;399;5;1;5
9785000003145;Книга 314;active;449;6;2;6
9785000003152;Книга 315;active;499;7;3;0
9785000003169;Книга 316;active;349;8;4;1
9785000003176;Книга 317;active;399;9;5;2
9785000003183;Книга 318;active;449;10;6;3
9785000003190;Книга 319;active;499;0;7;4
9785000003206;Книга 320;paused;349;1;8;5
9785000003213;Книга 321;active;399;2;9;6
9785000003220;Книга 322;active;449;3;10;0
9785000003237;Книга 323;active;499;4;11;1
9785000003244;Книга 324;active;349;5;12;2
9785000003251;Книга 325;active;399;6;0;3
9785000003268;Книга 326;active;449;7;1;4
9785000003275;Книга 327;active;499;8;2;5
9785000003282;Книга 328;active;349;9;3;6
9785000003299;Книга 329;active;399;10;4;0
9785000003305;Книга 330;paused;449;0;5;1
9785000003312;Книга 331;active;499;1;6;2
9785000003329;Книга 332;active;349;2;7;3
9785000003336;Книга 333;active;399;3;8;4
9785000003343;Книга 334;active;449;4;9;5
9785000003350;Книга 335;active;499;5;10;6
9785000003367;Книга 336;active;349;6;11;0
9785000003374;Книга 337;active;399;7;12;1
9785000003381;Книга 338;active;449;8;0;2
9785000003398;Книга 339;active;499;9;1;3
9785000003404;Книга 340;paused;349;10;2;4
9785000003411;Книга 341;active;399;0;3;5
9785000003428;Книга 342;active;449;1;4;6
9785000003435;Книга 343;active;499;2;5;0
9785000003442;Книга 344;active;349;3;6;1
9785000003459;Книга 345;active;399;4;7;2
9785000003466;Книга 346;active;449;5;8;3
9785000003473;Книга 347;active;499;6;9;4
9785000003480;Книга 348;active;349;7;10;5
9785000003497;Книга 349;active;399;8;11;6
9785000003503;Книга 350;paused;449;9;12;0
9785000003510;Книга 351;active;499;10;0;1
9785000003527;Книга 352;active;349;0;1;2
9785000003534;Книга 353;active;399;1;2;3
9785000003541;Книга 354;active;449;2;3;4
9785000003558;Книга 355;active;499;3;4;5
9785000003565;Книга 356;active;349;4;5;6
9785000003572;Книга 357;active;399;5;6;0
9785000003589;Книга 358;active;449;6;7;1
9785000003596;Книга 359;active;499;7;8;2
9785000003602;Книга 360;paused;349;8;9;3
9785000003619;Книга 361;active;399;9;10;4
9785000003626;Книга 362;active;449;10;11;5
9785000003633;Книга 363;active;499;0;12;6
9785000003640;Книга 364;active;349;1;0;0
9785000003657;Книга 365;active;399;2;1;1
9785000003664;Книга 366;active;449;3;2;2
9785000003671;Книга 367;active;499;4;3;3
9785000003688;Книга 368;active;349;5;4;4
9785000003695;Книга 369;active;399;6;5;5
9785000003701;Книга 370;paused;449;7;6;6
9785000003718;Книга 371;active;499;8;7;0
9785000003725;Книга 372;active;349;9;8;1
9785000003732;Книга 373;active;399;10;9;2
9785000003749;Книга 374;active;449;0;10;3
9785000003756;Книга 375;active;499;1;11;4
9785000003763;Книга 376;active;349;2;12;5
9785000003770;Книга 377;active;399;3;0;6
9785000003787;Книга 378;active;449;4;1;0
9785000003794;Книга 379;active;499;5;2;1
9785000003800;Книга 380;paused;349;6;3;2
9785000003817;Книга 381;active;399;7;4;3
9785000003824;Книга 382;active;449;8;5;4
9785000003831;Книга 383;active;499;9;6;5
9785000003848;Книга 384;active;349;10;7;6
9785000003855;Книга 385;active;399;0;8;0
9785000003862;Книга 386;active;449;1;9;1
9785000003879;Книга 387;active;499;2;10;2
9785000003886;Книга 388;active;349;3;11;3
9785000003893;Книга 389;active;399;4;12;4
9785000003909;Книга 390;paused;449;5;0;5
9785000003916;Книга 391;active;499;6;1;6
9785000003923;Книга 392;active;349;7;2;0
9785000003930;Книга 393;active;399;8;3;1
9785000003947;Книга 394;active;449;9;4;2
9785000003954;Книга 395;active;499;10;5;3
9785000003961;Книга 396;active;349;0;6;4
9785000003978;Книга 397;active;399;1;7;5
9785000003985;Книга 398;active;449;2;8;6
9785000003992;Книга 399;active;499;3;9;0
9785000004005;Книга 400;paused;349;4;10;1
9785000004012;Книга 401;active;399;5;11;2
9785000004029;Книга 402;active;449;6;12;3
9785000004036;Книга 403;active;499;7;0;4
9785000004043;Книга 404;active;349;8;1;5
9785000004050;Книга 405;active;399;9;2;6
9785000004067;Книга 406;active;449;10;3;0
9785000004074;Книга 407;active;499;0;4;1
9785000004081;Книга 408;active;349;1;5;2
9785000004098;Книга 409;active;399;2;6;3
9785000004104;Книга 410;paused;449;3;7;4
9785000004111;Книга 411;active;499;4;8;5
9785000004128;Книга 412;active;349;5;9;6
9785000004135;Книга 413;active;399;6;10;0
9785000004142;Книга 414;active;449;7;11;1
9785000004159;Книга 415;active;499;8;12;2
9785000004166;Книга 416;active;349;9;0;3
9785000004173;Книга 417;active;399;10;1;4
9785000004180;Книга 418;active;449;0;2;5
9785000004197;Книга 419;active;499;1;3;6
9785000004203;Книга 420;paused;349;2;4;0
9785000004210;Книга 421;active;399;3;5;1
9785000004227;Книга 422;active;449;4;6;2
9785000004234;Книга 423;active;499;5;7;3
9785000004241;Книга 424;active;349;6;8;4
9785000004258;Книга 425;active;399;7;9;5
9785000004265;Книга 426;active;449;8;10;6
9785000004272;Книга 427;active;499;9;11;0
9785000004289;Книга 428;active;349;10;12;1
9785000004296;Книга 429;active;399;0;0;2
9785000004302;Книга 430;paused;449;1;1;3
9785000004319;Книга 431;active;499;2;2;4
9785000004326;Книга 432;active;349;3;3;5
9785000004333;Книга 433;active;399;4;4;6
9785000004340;Книга 434;active;449;5;5;0
9785000004357;Книга 435;active;499;6;6;1
9785000004364;Книга 436;active;349;7;7;2
9785000004371;Книга 437;active;399;8;8;3
9785000004388;Книга 438;active;449;9;9;4
9785000004395;Книга 439;active;499;10;10;5
9785000004401;Книга 440;paused;349;0;11;6
9785000004418;Книга 441;active;399;1;12;0
9785000004425;Книга 442;active;449;2;0;1
9785000004432;Книга 443;active;499;3;1;2
9785000004449;Книга 444;active;349;4;2;3
9785000004456;Книга 445;active;399;5;3;4
9785000004463;Книга 446;active;449;6;4;5
9785000004470;Книга 447;active;499;7;5;6
9785000004487;Книга 448;active;349;8;6;0
9785000004494;Книга 449;active;399;9;7;1
9785000004500;Книга 450;paused;449;10;8;2
9785000004517;Книга 451;active;499;0;9;3
9785000004524;Книга 452;active;349;1;10;4
9785000004531;Книга 453;active;399;2;11;5
9785000004548;Книга 454;active;449;3;12;6
9785000004555;Книга 455;active;499;4;0;0
9785000004562;Книга 456;active;349;5;1;1
9785000004579;Книга 457;active;399;6;2;2
9785000004586;Книга 458;active;449;7;3;3
9785000004593;Книга 459;active;499;8;4;4
9785000004609;Книга 460;paused;349;9;5;5
9785000004616;Книга 461;active;399;10;6;6
9785000004623;Книга 462;active;449;0;7;0
9785000004630;Книга 463;active;499;1;8;1
9785000004647;Книга 464;active;349;2;9;2
9785000004654;Книга 465;active;399;3;10;3
9785000004661;Книга 466;active;449;4;11;4
9785000004678;Книга 467;active;499;5;12;5
9785000004685;Книга 468;active;349;6;0;6
9785000004692;Книга 469;active;399;7;1;0
9785000004708;Книга 470;paused;449;8;2;1
9785000004715;Книга 471;active;499;9;3;2
9785000004722;Книга 472;active;349;10;4;3
9785000004739;Книга 473;active;399;0;5;4
9785000004746;Книга 474;active;449;1;6;5
9785000004753;Книга 475;active;499;2;7;6
9785000004760;Книга 476;active;349;3;8;0
9785000004777;Книга 477;active;399;4;9;1
9785000004784;Книга 478;active;449;5;10;2
9785000004791;Книга 479;active;499;6;11;3
9785000004807;Книга 480;paused;349;7;12;4
9785000004814;Книга 481;active;399;8;0;5
9785000004821;Книга 482;active;449;9;1;6
9785000004838;Книга 483;active;499;10;2;0
9785000004845;Книга 484;active;349;0;3;1
9785000004852;Книга 485;active;399;1;4;2
9785000004869;Книга 486;active;449;2;5;3
9785000004876;Книга 487;active;499;3;6;4
9785000004883;Книга 488;active;349;4;7;5
9785000004890;Книга 489;active;399;5;8;6
9785000004906;Книга 490;paused;449;6;9;0
9785000004913;Книга 491;active;499;7;10;1
9785000004920;Книга 492;active;349;8;11;2
9785000004937;Книга 493;active;399;9;12;3
9785000004944;Книга 494;active;449;10;0;4
9785000004951;Книга 495;active;499;0;1;5
9785000004968;Книга 496;active;349;1;2;6
9785000004975;Книга 497;active;399;2;3;0
9785000004982;Книга 498;active;449;3;4;1
9785000004999;Книга 499;active;499;4;5;2
9785000005002;Книга 500;paused;349;5;6;3
9785000005019;Книга 501;active;399;6;7;4
9785000005026;Книга 502;active;449;7;8;5
9785000005033;Книга 503;active;499;8;9;6
9785000005040;Книга 504;active;349;9;10;0
9785000005057;Книга 505;active;399;10;11;1
9785000005064;Книга 506;active;449;0;12;2
9785000005071;Книга 507;active;499;1;0;3
9785000005088;Книга 508;active;349;2;1;4
9785000005095;Книга 509;active;399;3;2;5
9785000005101;Книга 510;paused;449;4;3;6
9785000005118;Книга 511;active;499;5;4;0
9785000005125;Книга 512;active;349;6;5;1
9785000005132;Книга 513;active;399;7;6;2
9785000005149;Книга 514;active;449;8;7;3
9785000005156;Книга 515;active;499;9;8;4
9785000005163;Книга 516;active;349;10;9;5
9785000005170;Книга 517;active;399;0;10;6
9785000005187;Книга 518;active;449;1;11;0
9785000005194;Книга 519;active;499;2;12;1
9785000005200;Книга 520;paused;349;3;0;2
9785000005217;Книга 521;active;399;4;1;3
9785000005224;Книга 522;active;449;5;2;4
9785000005231;Книга 523;active;499;6;3;5
9785000005248;Книга 524;active;349;7;4;6
9785000005255;Книга 525;active;399;8;5;0
9785000005262;Книга 526;active;449;9;6;1
9785000005279;Книга 527;active;499;10;7;2
9785000005286;Книга 528;active;349;0;8;3
9785000005293;Книга 529;active;399;1;9;4
9785000005309;Книга 530;paused;449;2;10;5
9785000005316;Книга 531;active;499;3;11;6
9785000005323;Книга 532;active;349;4;12;0
9785000005330;Книга 533;active;399;5;0;1
9785000005347;Книга 534;active;449;6;1;2
9785000005354;Книга 535;active;499;7;2;3
9785000005361;Книга 536;active;349;8;3;4
9785000005378;Книга 537;active;399;9;4;5
9785000005385;Книга 538;active;449;10;5;6
9785000005392;Книга 539;active;499;0;6;0
9785000005408;Книга 540;paused;349;1;7;1
9785000005415;Книга 541;active;399;2;8;2
9785000005422;Книга 542;active;449;3;9;3
9785000005439;Книга 543;active;499;4;10;4
9785000005446;Книга 544;active;349;5;11;5
9785000005453;Книга 545;active;399;6;12;6
9785000005460;Книга 546;active;449;7;0;0
9785000005477;Книга 547;active;499;8;1;1
9785000005484;Книга 548;active;349;9;2;2
9785000005491;Книга 549;active;399;10;3;3
9785000005507;Книга 550;paused;449;0;4;4
9785000005514;Книга 551;active;499;1;5;5
9785000005521;Книга 552;active;349;2;6;6
9785000005538;Книга 553;active;399;3;7;0
9785000005545;Книга 554;active;449;4;8;1
9785000005552;Книга 555;active;499;5;9;2
9785000005569;Книга 556;active;349;6;10;3
9785000005576;Книга 557;active;399;7;11;4
9785000005583;Книга 558;active;449;8;12;5
9785000005590;Книга 559;active;499;9;0;6
9785000005606;Книга 560;paused;349;10;1;0
9785000005613;Книга 561;active;399;0;2;1
9785000005620;Книга 562;active;449;1;3;2
9785000005637;Книга 563;active;499;2;4;3
9785000005644;Книга 564;active;349;3;5;4
9785000005651;Книга 565;active;399;4;6;5
9785000005668;Книга 566;active;449;5;7;6
9785000005675;Книга 567;active;499;6;8;0
9785000005682;Книга 568;active;349;7;9;1
9785000005699;Книга 569;active;399;8;10;2
9785000005705;Книга 570;paused;449;9;11;3
9785000005712;Книга 571;active;499;10;12;4
9785000005729;Книга 572;active;349;0;0;5
9785000005736;Книга 573;active;399;1;1;6
9785000005743;Книга 574;active;449;2;2;0
9785000005750;Книга 575;active;499;3;3;1
9785000005767;Книга 576;active;349;4;4;2
9785000005774;Книга 577;active;399;5;5;3
9785000005781;Книга 578;active;449;6;6;4
9785000005798;Книга 579;active;499;7;7;5
9785000005804;Книга 580;paused;349;8;8;6
9785000005811;Книга 581;active;399;9;9;0
9785000005828;Книга 582;active;449;10;10;1
9785000005835;Книга 583;active;499;0;11;2
9785000005842;Книга 584;active;349;1;12;3
9785000005859;Книга 585;active;399;2;0;4
9785000005866;Книга 586;active;449;3;1;5
9785000005873;Книга 587;active;499;4;2;6
9785000005880;Книга 588;active;349;5;3;0
9785000005897;Книга 589;active;399;6;4;1
9785000005903;Книга 590;paused;449;7;5;2
9785000005910;Книга 591;active;499;8;6;3
9785000005927;Книга 592;active;349;9;7;4
9785000005934;Книга 593;active;399;10;8;5
9785000005941;Книга 594;active;449;0;9;6
9785000005958;Книга 595;active;499;1;10;0
9785000005965;Книга 596;active;349;2;11;1
9785000005972;Книга 597;active;399;3;12;2
9785000005989;Книга 598;active;449;4;0;3
9785000005996;Книга 599;active;499;5;1;4
9785000006009;Книга 600;paused;349;6;2;5
9785000006016;Книга 601;active;399;7;3;6
9785000006023;Книга 602;active;449;8;4;0
9785000006030;Книга 603;active;499;9;5;1
9785000006047;Книга 604;active;349;10;6;2
9785000006054;Книга 605;active;399;0;7;3
9785000006061;Книга 606;active;449;1;8;4
9785000006078;Книга 607;active;499;2;9;5
9785000006085;Книга 608;active;349;3;10;6
9785000006092;Книга 609;active;399;4;11;0
9785000006108;Книга 610;paused;449;5;12;1
9785000006115;Книга 611;active;499;6;0;2
9785000006122;Книга 612;active;349;7;1;3
9785000006139;Книга 613;active;399;8;2;4
9785000006146;Книга 614;active;449;9;3;5
9785000006153;Книга 615;active;499;10;4;6
9785000006160;Книга 616;active;349;0;5;0
9785000006177;Книга 617;active;399;1;6;1
9785000006184;Книга 618;active;449;2;7;2
9785000006191;Книга 619;active;499;3;8;3
9785000006207;Книга 620;paused;349;4;9;4
9785000006214;Книга 621;active;399;5;10;5
9785000006221;Книга 622;active;449;6;11;6
9785000006238;Книга 623;active;499;7;12;0
9785000006245;Книга 624;active;349;8;0;1
9785000006252;Книга 625;active;399;9;1;2
9785000006269;Книга 626;active;449;10;2;3
9785000006276;Книга 627;active;499;0;3;4
9785000006283;Книга 628;active;349;1;4;5
9785000006290;Книга 629;active;399;2;5;6
9785000006306;Книга 630;paused;449;3;6;0
9785000006313;Книга 631;active;499;4;7;1
9785000006320;Книга 632;active;349;5;8;2
9785000006337;Книга 633;active;399;6;9;3
9785000006344;Книга 634;active;449;7;10;4
9785000006351;Книга 635;active;499;8;11;5
9785000006368;Книга 636;active;349;9;12;6
9785000006375;Книга 637;active;399;10;0;0
9785000006382;Книга 638;active;449;0;1;1
9785000006399;Книга 639;active;499;1;2;2
9785000006405;Книга 640;paused;349;2;3;3
9785000006412;Книга 641;active;399;3;4;4
9785000006429;Книга 642;active;449;4;5;5
9785000006436;Книга 643;active;499;5;6;6
9785000006443;Книга 644;active;349;6;7;0
9785000006450;Книга 645;active;399;7;8;1
9785000006467;Книга 646;active;449;8;9;2
9785000006474;Книга 647;active;499;9;10;3
9785000006481;Книга 648;active;349;10;11;4
9785000006498;Книга 649;active;399;0;12;5
9785000006504;Книга 650;paused;449;1;0;6
9785000006511;Книга 651;active;499;2;1;0
9785000006528;Книга 652;active;349;3;2;1
9785000006535;Книга 653;active;399;4;3;2
9785000006542;Книга 654;active;449;5;4;3
9785000006559;Книга 655;active;499;6;5;4
9785000006566;Книга 656;active;349;7;6;5
9785000006573;Книга 657;active;399;8;7;6
9785000006580;Книга 658;active;449;9;8;0
9785000006597;Книга 659;active;499;10;9;1
9785000006603;Книга 660;paused;349;0;10;2
9785000006610;Книга 661;active;399;1;11;3
9785000006627;Книга 662;active;449;2;12;4
9785000006634;Книга 663;active;499;3;0;5
9785000006641;Книга 664;active;349;4;1;6
9785000006658;Книга 665;active;399;5;2;0
9785000006665;Книга 666;active;449;6;3;1
9785000006672;Книга 667;active;499;7;4;2
9785000006689;Книга 668;active;349;8;5;3
9785000006696;Книга 669;active;399;9;6;4
9785000006702;Книга 670;paused;449;10;7;5
9785000006719;Книга 671;active;499;0;8;6
9785000006726;Книга 672;active;349;1;9;0
9785000006733;Книга 673;active;399;2;10;1
9785000006740;Книга 674;active;449;3;11;2
9785000006757;Книга 675;active;499;4;12;3
9785000006764;Книга 676;active;349;5;0;4
9785000006771;Книга 677;active;399;6;1;5
9785000006788;Книга 678;active;449;7;2;6
9785000006795;Книга 679;active;499;8;3;0
9785000006801;Книга 680;paused;349;9;4;1
9785000006818;Книга 681;active;399;10;5;2
9785000006825;Книга 682;active;449;0;6;3
9785000006832;Книга 683;active;499;1;7;4
9785000006849;Книга 684;active;349;2;8;5
9785000006856;Книга 685;active;399;3;9;6
9785000006863;Книга 686;active;449;4;10;0
9785000006870;Книга 687;active;499;5;11;1
9785000006887;Книга 688;active;349;6;12;2
9785000006894;Книга 689;active;399;7;0;3
9785000006900;Книга 690;paused;449;8;1;4
9785000006917;Книга 691;active;499;9;2;5
9785000006924;Книга 692;active;349;10;3;6
9785000006931;Книга 693;active;399;0;4;0
9785000006948;Книга 694;active;449;1;5;1
9785000006955;Книга 695;active;499;2;6;2
9785000006962;Книга 696;active;349;3;7;3
9785000006979;Книга 697;active;399;4;8;4
9785000006986;Книга 698;active;449;5;9;5
9785000006993;Книга 699;active;499;6;10;6
9785000007006;Книга 700;paused;349;7;11;0
9785000007013;Книга 701;active;399;8;12;1
9785000007020;Книга 702;active;449;9;0;2
9785000007037;Книга 703;active;499;10;1;3
9785000007044;Книга 704;active;349;0;2;4
9785000007051;Книга 705;active;399;1;3;5
9785000007068;Книга 706;active;449;2;4;6
9785000007075;Книга 707;active;499;3;5;0
9785000007082;Книга 708;active;349;4;6;1
9785000007099;Книга 709;active;399;5;7;2
9785000007105;Книга 710;paused;449;6;8;3
9785000007112;Книга 711;active;499;7;9;4
9785000007129;Книга 712;active;349;8;10;5
9785000007136;Книга 713;active;399;9;11;6
9785000007143;Книга 714;active;449;10;12;0
9785000007150;Книга 715;active;499;0;0;1
9785000007167;Книга 716;active;349;1;1;2
9785000007174;Книга 717;active;399;2;2;3
9785000007181;Книга 718;active;449;3;3;4
9785000007198;Книга 719;active;499;4;4;5
9785000007204;Книга 720;paused;349;5;5;6
9785000007211;Книга 721;active;399;6;6;0
9785000007228;Книга 722;active;449;7;7;1
9785000007235;Книга 723;active;499;8;8;2
9785000007242;Книга 724;active;349;9;9;3
9785000007259;Книга 725;active;399;10;10;4
9785000007266;Книга 726;active;449;0;11;5
9785000007273;Книга 727;active;499;1;12;6
9785000007280;Книга 728;active;349;2;0;0
9785000007297;Книга 729;active;399;3;1;1
9785000007303;Книга 730;paused;449;4;2;2
9785000007310;Книга 731;active;499;5;3;3
9785000007327;Книга 732;active;349;6;4;4
9785000007334;Книга 733;active;399;7;5;5
9785000007341;Книга 734;active;449;8;6;6
9785000007358;Книга 735;active;499;9;7;0
9785000007365;Книга 736;active;349;10;8;1
9785000007372;Книга 737;active;399;0;9;2
9785000007389;Книга 738;active;449;1;10;3
9785000007396;Книга 739;active;499;2;11;4
9785000007402;Книга 740;paused;349;3;12;5
9785000007419;Книга 741;active;399;4;0;6
9785000007426;Книга 742;active;449;5;1;0
9785000007433;Книга 743;active;499;6;2;1
9785000007440;Книга 744;active;349;7;3;2
9785000007457;Книга 745;active;399;8;4;3
9785000007464;Книга 746;active;449;9;5;4
9785000007471;Книга 747;active;499;10;6;5
9785000007488;Книга 748;active;349;0;7;6
9785000007495;Книга 749;active;399;1;8;0
9785000007501;Книга 750;paused;449;2;9;1
9785000007518;Книга 751;active;499;3;10;2
9785000007525;Книга 752;active;349;4;11;3
9785000007532;Книга 753;active;399;5;12;4
9785000007549;Книга 754;active;449;6;0;5
9785000007556;Книга 755;active;499;7;1;6
9785000007563;Книга 756;active;349;8;2;0
9785000007570;Книга 757;active;399;9;3;1
9785000007587;Книга 758;active;449;10;4;2
9785000007594;Книга 759;active;499;0;5;3
9785000007600;Книга 760;paused;349;1;6;4
9785000007617;Книга 761;active;399;2;7;5
9785000007624;Книга 762;active;449;3;8;6
9785000007631;Книга 763;active;499;4;9;0
9785000007648;Книга 764;active;349;5;10;1
9785000007655;Книга 765;active;399;6;11;2
9785000007662;Книга 766;active;449;7;12;3
9785000007679;Книга 767;active;499;8;0;4
9785000007686;Книга 768;active;349;9;1;5
9785000007693;Книга 769;active;399;10;2;6
9785000007709;Книга 770;paused;449;0;3;0
9785000007716;Книга 771;active;499;1;4;1
9785000007723;Книга 772;active;349;2;5;2
9785000007730;Книга 773;active;399;3;6;3
9785000007747;Книга 774;active;449;4;7;4
9785000007754;Книга 775;active;499;5;8;5
9785000007761;Книга 776;active;349;6;9;6
9785000007778;Книга 777;active;399;7;10;0
9785000007785;Книга 778;active;449;8;11;1
9785000007792;Книга 779;active;499;9;12;2
9785000007808;Книга 780;paused;349;10;0;3
9785000007815;Книга 781;active;399;0;1;4
9785000007822;Книга 782;active;449;1;2;5
9785000007839;Книга 783;active;499;2;3;6
9785000007846;Книга 784;active;349;3;4;0
9785000007853;Книга 785;active;399;4;5;1
9785000007860;Книга 786;active;449;5;6;2
9785000007877;Книга 787;active;499;6;7;3
9785000007884;Книга 788;active;349;7;8;4
9785000007891;Книга 789;active;399;8;9;5
9785000007907;Книга 790;paused;449;9;10;6
9785000007914;Книга 791;active;499;10;11;0
9785000007921;Книга 792;active;349;0;12;1
9785000007938;Книга 793;active;399;1;0;2
9785000007945;Книга 794;active;449;2;1;3
9785000007952;Книга 795;active;499;3;2;4
9785000007969;Книга 796;active;349;4;3;5
9785000007976;Книга 797;active;399;5;4;6
9785000007983;Книга 798;active;449;6;5;0
9785000007990;Книга 799;active;499;7;6;1
9785000008003;Книга 800;paused;349;8;7;2
9785000008010;Книга 801;active;399;9;8;3
9785000008027;Книга 802;active;449;10;9;4
9785000008034;Книга 803;active;499;0;10;5
9785000008041;Книга 804;active;349;1;11;6
9785000008058;Книга 805;active;399;2;12;0
9785000008065;Книга 806;active;449;3;0;1
9785000008072;Книга 807;active;499;4;1;2
9785000008089;Книга 808;active;349;5;2;3
9785000008096;Книга 809;active;399;6;3;4
9785000008102;Книга 810;paused;449;7;4;5
9785000008119;Книга 811;active;499;8;5;6
9785000008126;Книга 812;active;349;9;6;0
9785000008133;Книга 813;active;399;10;7;1
9785000008140;Книга 814;active;449;0;8;2
9785000008157;Книга 815;active;499;1;9;3
9785000008164;Книга 816;active;349;2;10;4
9785000008171;Книга 817;active;399;3;11;5
9785000008188;Книга 818;active;449;4;12;6
9785000008195;Книга 819;active;499;5;0;0
9785000008201;Книга 820;paused;349;6;1;1
9785000008218;Книга 821;active;399;7;2;2
9785000008225;Книга 822;active;449;8;3;3
9785000008232;Книга 823;active;499;9;4;4
9785000008249;Книга 824;active;349;10;5;5
9785000008256;Книга 825;active;399;0;6;6
9785000008263;Книга 826;active;449;1;7;0
9785000008270;Книга 827;active;499;2;8;1
9785000008287;Книга 828;active;349;3;9;2
9785000008294;Книга 829;active;399;4;10;3
9785000008300;Книга 830;paused;449;5;11;4
9785000008317;Книга 831;active;499;6;12;5
9785000008324;Книга 832;active;349;7;0;6
9785000008331;Книга 833;active;399;8;1;0
9785000008348;Книга 834;active;449;9;2;1
9785000008355;Книга 835;active;499;10;3;2
9785000008362;Книга 836;active;349;0;4;3
9785000008379;Книга 837;active;399;1;5;4
9785000008386;Книга 838;active;449;2;6;5
9785000008393;Книга 839;active;499;3;7;6
9785000008409;Книга 840;paused;349;4;8;0
9785000008416;Книга 841;active;399;5;9;1
9785000008423;Книга 842;active;449;6;10;2
9785000008430;Книга 843;active;499;7;11;3
9785000008447;Книга 844;active;349;8;12;4
9785000008454;Книга 845;active;399;9;0;5
9785000008461;Книга 846;active;449;10;1;6
9785000008478;Книга 847;active;499;0;2;0
9785000008485;Книга 848;active;349;1;3;1
9785000008492;Книга 849;active;399;2;4;2
9785000008508;Книга 850;paused;449;3;5;3
9785000008515;Книга 851;active;499;4;6;4
9785000008522;Книга 852;active;349;5;7;5
9785000008539;Книга 853;active;399;6;8;6
9785000008546;Книга 854;active;449;7;9;0
9785000008553;Книга 855;active;499;8;10;1
9785000008560;Книга 856;active;349;9;11;2
9785000008577;Книга 857;active;399;10;12;3
9785000008584;Книга 858;active;449;0;0;4
9785000008591;Книга 859;active;499;1;1;5
9785000008607;Книга 860;paused;349;2;2;6
9785000008614;Книга 861;active;399;3;3;0
9785000008621;Книга 862;active;449;4;4;1
9785000008638;Книга 863;active;499;5;5;2
9785000008645;Книга 864;active;349;6;6;3
9785000008652;Книга 865;active;399;7;7;4
9785000008669;Книга 866;active;449;8;8;5
9785000008676;Книга 867;active;499;9;9;6
9785000008683;Книга 868;active;349;10;10;0
9785000008690;Книга 869;active;399;0;11;1
9785000008706;Книга 870;paused;449;1;12;2
9785000008713;Книга 871;active;499;2;0;3
9785000008720;Книга 872;active;349;3;1;4
9785000008737;Книга 873;active;399;4;2;5
9785000008744;Книга 874;active;449;5;3;6
9785000008751;Книга 875;active;499;6;4;0
9785000008768;Книга 876;active;349;7;5;1
9785000008775;Книга 877;active;399;8;6;2
9785000008782;Книга 878;active;449;9;7;3
9785000008799;Книга 879;active;499;10;8;4
9785000008805;Книга 880;paused;349;0;9;5
9785000008812;Книга 881;active;399;1;10;6
9785000008829;Книга 882;active;449;2;11;0
9785000008836;Книга 883;active;499;3;12;1
9785000008843;Книга 884;active;349;4;0;2
9785000008850;Книга 885;active;399;5;1;3
9785000008867;Книга 886;active;449;6;2;4
9785000008874;Книга 887;active;499;7;3;5
9785000008881;Книга 888;active;349;8;4;6
9785000008898;Книга 889;active;399;9;5;0
9785000008904;Книга 890;paused;449;10;6;1
9785000008911;Книга 891;active;499;0;7;2
9785000008928;Книга 892;active;349;1;8;3
9785000008935;Книга 893;active;399;2;9;4
9785000008942;Книга 894;active;449;3;10;5
9785000008959;Книга 895;active;499;4;11;6
9785000008966;Книга 896;active;349;5;12;0
9785000008973;Книга 897;active;399;6;0;1
9785000008980;Книга 898;active;449;7;1;2
9785000008997;Книга 899;active;499;8;2;3
9785000009000;Книга 900;paused;349;9;3;4
9785000009017;Книга 901;active;399;10;4;5
9785000009024;Книга 902;active;449;0;5;6
9785000009031;Книга 903;active;499;1;6;0
9785000009048;Книга 904;active;349;2;7;1
9785000009055;Книга 905;active;399;3;8;2
9785000009062;Книга 906;active;449;4;9;3
9785000009079;Книга 907;active;499;5;10;4
9785000009086;Книга 908;active;349;6;11;5
9785000009093;Книга 909;active;399;7;12;6
9785000009109;Книга 910;paused;449;8;0;0
9785000009116;Книга 911;active;499;9;1;1
9785000009123;Книга 912;active;349;10;2;2
9785000009130;Книга 913;active;399;0;3;3
9785000009147;Книга 914;active;449;1;4;4
9785000009154;Книга 915;active;499;2;5;5
9785000009161;Книга 916;active;349;3;6;6
9785000009178;Книга 917;active;399;4;7;0
9785000009185;Книга 918;active;449;5;8;1
9785000009192;Книга 919;active;499;6;9;2
9785000009208;Книга 920;paused;349;7;10;3
9785000009215;Книга 921;active;399;8;11;4
9785000009222;Книга 922;active;449;9;12;5
9785000009239;Книга 923;active;499;10;0;6
9785000009246;Книга 924;active;349;0;1;0
9785000009253;Книга 925;active;399;1;2;1
9785000009260;Книга 926;active;449;2;3;2
9785000009277;Книга 927;active;499;3;4;3
9785000009284;Книга 928;active;349;4;5;4
9785000009291;Книга 929;active;399;5;6;5
9785000009307;Книга 930;paused;449;6;7;6
9785000009314;Книга 931;active;499;7;8;0
9785000009321;Книга 932;active;349;8;9;1
9785000009338;Книга 933;active;399;9;10;2
9785000009345;Книга 934;active;449;10;11;3
9785000009352;Книга 935;active;499;0;12;4
9785000009369;Книга 936;active;349;1;0;5
9785000009376;Книга 937;active;399;2;1;6
9785000009383;Книга 938;active;449;3;2;0
9785000009390;Книга 939;active;499;4;3;1
9785000009406;Книга 940;paused;349;5;4;2
9785000009413;Книга 941;active;399;6;5;3
9785000009420;Книга 942;active;449;7;6;4
9785000009437;Книга 943;active;499;8;7;5
9785000009444;Книга 944;active;349;9;8;6
9785000009451;Книга 945;active;399;10;9;0
9785000009468;Книга 946;active;449;0;10;1
9785000009475;Книга 947;active;499;1;11;2
9785000009482;Книга 948;active;349;2;12;3
9785000009499;Книга 949;active;399;3;0;4
9785000009505;Книга 950;paused;449;4;1;5
9785000009512;Книга 951;active;499;5;2;6
9785000009529;Книга 952;active;349;6;3;0
9785000009536;Книга 953;active;399;7;4;1
9785000009543;Книга 954;active;449;8;5;2
9785000009550;Книга 955;active;499;9;6;3
9785000009567;Книга 956;active;349;10;7;4
9785000009574;Книга 957;active;399;0;8;5
9785000009581;Книга 958;active;449;1;9;6
9785000009598;Книга 959;active;499;2;10;0
9785000009604;Книга 960;paused;349;3;11;1
9785000009611;Книга 961;active;399;4;12;2
9785000009628;Книга 962;active;449;5;0;3
9785000009635;Книга 963;active;499;6;1;4
9785000009642;Книга 964;active;349;7;2;5
9785000009659;Книга 965;active;399;8;3;6
9785000009666;Книга 966;active;449;9;4;0
9785000009673;Книга 967;active;499;10;5;1
9785000009680;Книга 968;active;349;0;6;2
9785000009697;Книга 969;active;399;1;7;3
9785000009703;Книга 970;paused;449;2;8;4
9785000009710;Книга 971;active;499;3;9;5
9785000009727;Книга 972;active;349;4;10;6
9785000009734;Книга 973;active;399;5;11;0
9785000009741;Книга 974;active;449;6;12;1
9785000009758;Книга 975;active;499;7;0;2
9785000009765;Книга 976;active;349;8;1;3
9785000009772;Книга 977;active;399;9;2;4
9785000009789;Книга 978;active;449;10;3;5
9785000009796;Книга 979;active;499;0;4;6
9785000009802;Книга 980;paused;349;1;5;0
9785000009819;Книга 981;active;399;2;6;1
9785000009826;Книга 982;active;449;3;7;2
9785000009833;Книга 983;active;499;4;8;3
9785000009840;Книга 984;active;349;5;9;4
9785000009857;Книга 985;active;399;6;10;5
9785000009864;Книга 986;active;449;7;11;6
9785000009871;Книга 987;active;499;8;12;0
9785000009888;Книга 988;active;349;9;0;1
9785000009895;Книга 989;active;399;10;1;2
9785000009901;Книга 990;paused;449;0;2;3
9785000009918;Книга 991;active;499;1;3;4
9785000009925;Книга 992;active;349;2;4;5
9785000009932;Книга 993;active;399;3;5;6
9785000009949;Книга 994;active;449;4;6;0
9785000009956;Книга 995;active;499;5;7;1
9785000009963;Книга 996;active;349;6;8;2
9785000009970;Книга 997;active;399;7;9;3
9785000009987;Книга 998;active;449;8;10;4
9785000009994;Книга 999;active;499;9;11;5
9785000010006;Книга 1000;paused;349;10;12;6
9785000010013;Книга 1001;active;399;0;0;0
9785000010020;Книга 1002;active;449;1;1;1
9785000010037;Книга 1003;active;499;2;2;2
9785000010044;Книга 1004;active;349;3;3;3
9785000010051;Книга 1005;active;399;4;4;4
9785000010068;Книга 1006;active;449;5;5;5
9785000010075;Книга 1007;active;499;6;6;6
9785000010082;Книга 1008;active;349;7;7;0
9785000010099;Книга 1009;active;399;8;8;1
9785000010105;Книга 1010;paused;449;9;9;2
9785000010112;Книга 1011;active;499;10;10;3
9785000010129;Книга 1012;active;349;0;11;4
9785000010136;Книга 1013;active;399;1;12;5
9785000010143;Книга 1014;active;449;2;0;6
9785000010150;Книга 1015;active;499;3;1;0
9785000010167;Книга 1016;active;349;4;2;1
9785000010174;Книга 1017;active;399;5;3;2
9785000010181;Книга 1018;active;449;6;4;3
9785000010198;Книга 1019;active;499;7;5;4
9785000010204;Книга 1020;paused;349;8;6;5
9785000010211;Книга 1021;active;399;9;7;6
9785000010228;Книга 1022;active;449;10;8;0
9785000010235;Книга 1023;active;499;0;9;1
9785000010242;Книга 1024;active;349;1;10;2
9785000010259;Книга 1025;active;399;2;11;3
9785000010266;Книга 1026;active;449;3;12;4
9785000010273;Книга 1027;active;499;4;0;5
9785000010280;Книга 1028;active;349;5;1;6
9785000010297;Книга 1029;active;399;6;2;0
9785000010303;Книга 1030;paused;449;7;3;1
9785000010310;Книга 1031;active;499;8;4;2
9785000010327;Книга 1032;active;349;9;5;3
9785000010334;Книга 1033;active;399;10;6;4
9785000010341;Книга 1034;active;449;0;7;5
9785000010358;Книга 1035;active;499;1;8;6
9785000010365;Книга 1036;active;349;2;9;0
9785000010372;Книга 1037;active;399;3;10;1
9785000010389;Книга 1038;active;449;4;11;2
9785000010396;Книга 1039;active;499;5;12;3
9785000010402;Книга 1040;paused;349;6;0;4
9785000010419;Книга 1041;active;399;7;1;5
9785000010426;Книга 1042;active;449;8;2;6
9785000010433;Книга 1043;active;499;9;3;0
9785000010440;Книга 1044;active;349;10;4;1
9785000010457;Книга 1045;active;399;0;5;2
9785000010464;Книга 1046;active;449;1;6;3
9785000010471;Книга 1047;active;499;2;7;4
9785000010488;Книга 1048;active;349;3;8;5
9785000010495;Книга 1049;active;399;4;9;6
9785000010501;Книга 1050;paused;449;5;10;0
9785000010518;Книга 1051;active;499;6;11;1
9785000010525;Книга 1052;active;349;7;12;2
9785000010532;Книга 1053;active;399;8;0;3
9785000010549;Книга 1054;active;449;9;1;4
9785000010556;Книга 1055;active;499;10;2;5
9785000010563;Книга 1056;active;349;0;3;6
9785000010570;Книга 1057;active;399;1;4;0
9785000010587;Книга 1058;active;449;2;5;1
9785000010594;Книга 1059;active;499;3;6;2
9785000010600;Книга 1060;paused;349;4;7;3
9785000010617;Книга 1061;active;399;5;8;4
9785000010624;Книга 1062;active;449;6;9;5
9785000010631;Книга 1063;active;499;7;10;6
9785000010648;Книга 1064;active;349;8;11;0
9785000010655;Книга 1065;active;399;9;12;1
9785000010662;Книга 1066;active;449;10;0;2
9785000010679;Книга 1067;active;499;0;1;3
9785000010686;Книга 1068;active;349;1;2;4
9785000010693;Книга 1069;active;399;2;3;5
9785000010709;Книга 1070;paused;449;3;4;6
9785000010716;Книга 1071;active;499;4;5;0
9785000010723;Книга 1072;active;349;5;6;1
9785000010730;Книга 1073;active;399;6;7;2
9785000010747;Книга 1074;active;449;7;8;3
9785000010754;Книга 1075;active;499;8;9;4
9785000010761;Книга 1076;active;349;9;10;5
9785000010778;Книга 1077;active;399;10;11;6
9785000010785;Книга 1078;active;449;0;12;0
9785000010792;Книга 1079;active;499;1;0;1
9785000010808;Книга 1080;paused;349;2;1;2
9785000010815;Книга 1081;active;399;3;2;3
9785000010822;Книга 1082;active;449;4;3;4
9785000010839;Книга 1083;active;499;5;4;5
9785000010846;Книга 1084;active;349;6;5;6
9785000010853;Книга 1085;active;399;7;6;0
9785000010860;Книга 1086;active;449;8;7;1
9785000010877;Книга 1087;active;499;9;8;2
9785000010884;Книга 1088;active;349;10;9;3
9785000010891;Книга 1089;active;399;0;10;4
9785000010907;Книга 1090;paused;449;1;11;5
9785000010914;Книга 1091;active;499;2;12;6
9785000010921;Книга 1092;active;349;3;0;0
9785000010938;Книга 1093;active;399;4;1;1
9785000010945;Книга 1094;active;449;5;2;2
9785000010952;Книга 1095;active;499;6;3;3
9785000010969;Книга 1096;active;349;7;4;4
9785000010976;Книга 1097;active;399;8;5;5
9785000010983;Книга 1098;active;449;9;6;6
9785000010990;Книга 1099;active;499;10;7;0
9785000011003;Книга 1100;paused;349;0;8;1
9785000011010;Книга 1101;active;399;1;9;2
9785000011027;Книга 1102;active;449;2;10;3
9785000011034;Книга 1103;active;499;3;11;4
9785000011041;Книга 1104;active;349;4;12;5
9785000011058;Книга 1105;active;399;5;0;6
9785000011065;Книга 1106;active;449;6;1;0
9785000011072;Книга 1107;active;499;7;2;1
9785000011089;Книга 1108;active;349;8;3;2
9785000011096;Книга 1109;active;399;9;4;3
9785000011102;Книга 1110;paused;449;10;5;4
9785000011119;Книга 1111;active;499;0;6;5
9785000011126;Книга 1112;active;349;1;7;6
9785000011133;Книга 1113;active;399;2;8;0
9785000011140;Книга 1114;active;449;3;9;1
9785000011157;Книга 1115;active;499;4;10;2
9785000011164;Книга 1116;active;349;5;11;3
9785000011171;Книга 1117;active;399;6;12;4
9785000011188;Книга 1118;active;449;7;0;5
9785000011195;Книга 1119;active;499;8;1;6
9785000011201;Книга 1120;paused;349;9;2;0
9785000011218;Книга 1121;active;399;10;3;1
9785000011225;Книга 1122;active;449;0;4;2
9785000011232;Книга 1123;active;499;1;5;3
9785000011249;Книга 1124;active;349;2;6;4
9785000011256;Книга 1125;active;399;3;7;5
9785000011263;Книга 1126;active;449;4;8;6
9785000011270;Книга 1127;active;499;5;9;0
9785000011287;Книга 1128;active;349;6;10;1
9785000011294;Книга 1129;active;399;7;11;2
9785000011300;Книга 1130;paused;449;8;12;3
9785000011317;Книга 1131;active;499;9;0;4
9785000011324;Книга 1132;active;349;10;1;5
9785000011331;Книга 1133;active;399;0;2;6
9785000011348;Книга 1134;active;449;1;3;0
9785000011355;Книга 1135;active;499;2;4;1
9785000011362;Книга 1136;active;349;3;5;2
9785000011379;Книга 1137;active;399;4;6;3
9785000011386;Книга 1138;active;449;5;7;4
9785000011393;Книга 1139;active;499;6;8;5
9785000011409;Книга 1140;paused;349;7;9;6
9785000011416;Книга 1141;active;399;8;10;0
9785000011423;Книга 1142;active;449;9;11;1
9785000011430;Книга 1143;active;499;10;12;2
9785000011447;Книга 1144;active;349;0;0;3
9785000011454;Книга 1145;active;399;1;1;4
9785000011461;Книга 1146;active;449;2;2;5
9785000011478;Книга 1147;active;499;3;3;6
9785000011485;Книга 1148;active;349;4;4;0
9785000011492;Книга 1149;active;399;5;5;1
9785000011508;Книга 1150;paused;449;6;6;2
9785000011515;Книга 1151;active;499;7;7;3
9785000011522;Книга 1152;active;349;8;8;4
9785000011539;Книга 1153;active;399;9;9;5
9785000011546;Книга 1154;active;449;10;10;6
9785000011553;Книга 1155;active;499;0;11;0
9785000011560;Книга 1156;active;349;1;12;1
9785000011577;Книга 1157;active;399;2;0;2
9785000011584;Книга 1158;active;449;3;1;3
9785000011591;Книга 1159;active;499;4;2;4
9785000011607;Книга 1160;paused;349;5;3;5
9785000011614;Книга 1161;active;399;6;4;6
9785000011621;Книга 1162;active;449;7;5;0
9785000011638;Книга 1163;active;499;8;6;1
9785000011645;Книга 1164;active;349;9;7;2
9785000011652;Книга 1165;active;399;10;8;3
9785000011669;Книга 1166;active;449;0;9;4
9785000011676;Книга 1167;active;499;1;10;5
9785000011683;Книга 1168;active;349;2;11;6
9785000011690;Книга 1169;active;399;3;12;0
9785000011706;Книга 1170;paused;449;4;0;1
9785000011713;Книга 1171;active;499;5;1;2
9785000011720;Книга 1172;active;349;6;2;3
9785000011737;Книга 1173;active;399;7;3;4
9785000011744;Книга 1174;active;449;8;4;5
9785000011751;Книга 1175;active;499;9;5;6
9785000011768;Книга 1176;active;349;10;6;0
9785000011775;Книга 1177;active;399;0;7;1
9785000011782;Книга 1178;active;449;1;8;2
9785000011799;Книга 1179;active;499;2;9;3
9785000011805;Книга 1180;paused;349;3;10;4
9785000011812;Книга 1181;active;399;4;11;5
9785000011829;Книга 1182;active;449;5;12;6
9785000011836;Книга 1183;active;499;6;0;0
9785000011843;Книга 1184;active;349;7;1;1
9785000011850;Книга 1185;active;399;8;2;2
9785000011867;Книга 1186;active;449;9;3;3
9785000011874;Книга 1187;active;499;10;4;4
9785000011881;Книга 1188;active;349;0;5;5
9785000011898;Книга 1189;active;399;1;6;6
9785000011904;Книга 1190;paused;449;2;7;0
9785000011911;Книга 1191;active;499;3;8;1
9785000011928;Книга 1192;active;349;4;9;2
9785000011935;Книга 1193;active;399;5;10;3
9785000011942;Книга 1194;active;449;6;11;4
9785000011959;Книга 1195;active;499;7;12;5
9785000011966;Книга 1196;active;349;8;0;6
9785000011973;Книга 1197;active;399;9;1;0
9785000011980;Книга 1198;active;449;10;2;1
9785000011997;Книга 1199;active;499;0;3;2
9785000012000;Книга 1200;paused;349;1;4;3
9785000012017;Книга 1201;active;399;2;5;4
9785000012024;Книга 1202;active;449;3;6;5
9785000012031;Книга 1203;active;499;4;7;6
9785000012048;Книга 1204;active;349;5;8;0
9785000012055;Книга 1205;active;399;6;9;1
9785000012062;Книга 1206;active;449;7;10;2
9785000012079;Книга 1207;active;499;8;11;3
9785000012086;Книга 1208;active;349;9;12;4
9785000012093;Книга 1209;active;399;10;0;5
9785000012109;Книга 1210;paused;449;0;1;6
9785000012116;Книга 1211;active;499;1;2;0
9785000012123;Книга 1212;active;349;2;3;1
9785000012130;Книга 1213;active;399;3;4;2
9785000012147;Книга 1214;active;449;4;5;3
9785000012154;Книга 1215;active;499;5;6;4
9785000012161;Книга 1216;active;349;6;7;5
9785000012178;Книга 1217;active;399;7;8;6
9785000012185;Книга 1218;active;449;8;9;0
9785000012192;Книга 1219;active;499;9;10;1
9785000012208;Книга 1220;paused;349;10;11;2
9785000012215;Книга 1221;active;399;0;12;3
9785000012222;Книга 1222;active;449;1;0;4
9785000012239;Книга 1223;active;499;2;1;5
9785000012246;Книга 1224;active;349;3;2;6
9785000012253;Книга 1225;active;399;4;3;0
9785000012260;Книга 1226;active;449;5;4;1
9785000012277;Книга 1227;active;499;6;5;2
9785000012284;Книга 1228;active;349;7;6;3
9785000012291;Книга 1229;active;399;8;7;4
9785000012307;Книга 1230;paused;449;9;8;5
9785000012314;Книга 1231;active;499;10;9;6
9785000012321;Книга 1232;active;349;0;10;0
9785000012338;Книга 1233;active;399;1;11;1
9785000012345;Книга 1234;active;449;2;12;2
9785000012352;Книга 1235;active;499;3;0;3
9785000012369;Книга 1236;active;349;4;1;4
9785000012376;Книга 1237;active;399;5;2;5
9785000012383;Книга 1238;active;449;6;3;6
9785000012390;Книга 1239;active;499;7;4;0
9785000012406;Книга 1240;paused;349;8;5;1
9785000012413;Книга 1241;active;399;9;6;2
9785000012420;Книга 1242;active;449;10;7;3
9785000012437;Книга 1243;active;499;0;8;4
9785000012444;Книга 1244;active;349;1;9;5
9785000012451;Книга 1245;active;399;2;10;6
9785000012468;Книга 1246;active;449;3;11;0
9785000012475;Книга 1247;active;499;4;12;1
9785000012482;Книга 1248;active;349;5;0;2
9785000012499;Книга 1249;active;399;6;1;3
9785000012505;Книга 1250;paused;449;7;2;4
9785000012512;Книга 1251;active;499;8;3;5
9785000012529;Книга 1252;active;349;9;4;6
9785000012536;Книга 1253;active;399;10;5;0
9785000012543;Книга 1254;active;449;0;6;1
9785000012550;Книга 1255;active;499;1;7;2
9785000012567;Книга 1256;active;349;2;8;3
9785000012574;Книга 1257;active;399;3;9;4
9785000012581;Книга 1258;active;449;4;10;5
9785000012598;Книга 1259;active;499;5;11;6
9785000012604;Книга 1260;paused;349;6;12;0
9785000012611;Книга 1261;active;399;7;0;1
9785000012628;Книга 1262;active;449;8;1;2
9785000012635;Книга 1263;active;499;9;2;3
9785000012642;Книга 1264;active;349;10;3;4
9785000012659;Книга 1265;active;399;0;4;5
9785000012666;Книга 1266;active;449;1;5;6
9785000012673;Книга 1267;active;499;2;6;0
9785000012680;Книга 1268;active;349;3;7;1
9785000012697;Книга 1269;active;399;4;8;2
9785000012703;Книга 1270;paused;449;5;9;3
9785000012710;Книга 1271;active;499;6;10;4
9785000012727;Книга 1272;active;349;7;11;5
9785000012734;Книга 1273;active;399;8;12;6
9785000012741;Книга 1274;active;449;9;0;0
9785000012758;Книга 1275;active;499;10;1;1
9785000012765;Книга 1276;active;349;0;2;2
9785000012772;Книга 1277;active;399;1;3;3
9785000012789;Книга 1278;active;449;2;4;4
9785000012796;Книга 1279;active;499;3;5;5
9785000012802;Книга 1280;paused;349;4;6;6
9785000012819;Книга 1281;active;399;5;7;0
9785000012826;Книга 1282;active;449;6;8;1
9785000012833;Книга 1283;active;499;7;9;2
9785000012840;Книга 1284;active;349;8;10;3
9785000012857;Книга 1285;active;399;9;11;4
9785000012864;Книга 1286;active;449;10;12;5
9785000012871;Книга 1287;active;499;0;0;6
9785000012888;Книга 1288;active;349;1;1;0
9785000012895;Книга 1289;active;399;2;2;1
9785000012901;Книга 1290;paused;449;3;3;2
9785000012918;Книга 1291;active;499;4;4;3
9785000012925;Книга 1292;active;349;5;5;4
9785000012932;Книга 1293;active;399;6;6;5
9785000012949;Книга 1294;active;449;7;7;6
9785000012956;Книга 1295;active;499;8;8;0
9785000012963;Книга 1296;active;349;9;9;1
9785000012970;Книга 1297;active;399;10;10;2
9785000012987;Книга 1298;active;449;0;11;3
9785000012994;Книга 1299;active;499;1;12;4
9785000013007;Книга 1300;paused;349;2;0;5
9785000013014;Книга 1301;active;399;3;1;6
9785000013021;Книга 1302;active;449;4;2;0
9785000013038;Книга 1303;active;499;5;3;1
9785000013045;Книга 1304;active;349;6;4;2
9785000013052;Книга 1305;active;399;7;5;3
9785000013069;Книга 1306;active;449;8;6;4
9785000013076;Книга 1307;active;499;9;7;5
9785000013083;Книга 1308;active;349;10;8;6
9785000013090;Книга 1309;active;399;0;9;0
9785000013106;Книга 1310;paused;449;1;10;1
9785000013113;Книга 1311;active;499;2;11;2
9785000013120;Книга 1312;active;349;3;12;3
9785000013137;Книга 1313;active;399;4;0;4
9785000013144;Книга 1314;active;449;5;1;5
9785000013151;Книга 1315;active;499;6;2;6
9785000013168;Книга 1316;active;349;7;3;0
9785000013175;Книга 1317;active;399;8;4;1
9785000013182;Книга 1318;active;449;9;5;2
9785000013199;Книга 1319;active;499;10;6;3
9785000013205;Книга 1320;paused;349;0;7;4
9785000013212;Книга 1321;active;399;1;8;5
9785000013229;Книга 1322;active;449;2;9;6
9785000013236;Книга 1323;active;499;3;10;0
9785000013243;Книга 1324;active;349;4;11;1
9785000013250;Книга 1325;active;399;5;12;2
9785000013267;Книга 1326;active;449;6;0;3
9785000013274;Книга 1327;active;499;7;1;4
9785000013281;Книга 1328;active;349;8;2;5
9785000013298;Книга 1329;active;399;9;3;6
9785000013304;Книга 1330;paused;449;10;4;0
9785000013311;Книга 1331;active;499;0;5;1
9785000013328;Книга 1332;active;349;1;6;2
9785000013335;Книга 1333;active;399;2;7;3
9785000013342;Книга 1334;active;449;3;8;4
9785000013359;Книга 1335;active;499;4;9;5
9785000013366;Книга 1336;active;349;5;10;6
9785000013373;Книга 1337;active;399;6;11;0
9785000013380;Книга 1338;active;449;7;12;1
9785000013397;Книга 1339;active;499;8;0;2
9785000013403;Книга 1340;paused;349;9;1;3
9785000013410;Книга 1341;active;399;10;2;4
9785000013427;Книга 1342;active;449;0;3;5
9785000013434;Книга 1343;active;499;1;4;6
9785000013441;Книга 1344;active;349;2;5;0
9785000013458;Книга 1345;active;399;3;6;1
9785000013465;Книга 1346;active;449;4;7;2
9785000013472;Книга 1347;active;499;5;8;3
9785000013489;Книга 1348;active;349;6;9;4
9785000013496;Книга 1349;active;399;7;10;5
9785000013502;Книга 1350;paused;449;8;11;6
9785000013519;Книга 1351;active;499;9;12;0
9785000013526;Книга 1352;active;349;10;0;1
9785000013533;Книга 1353;active;399;0;1;2
9785000013540;Книга 1354;active;449;1;2;3
9785000013557;Книга 1355;active;499;2;3;4
9785000013564;Книга 1356;active;349;3;4;5
9785000013571;Книга 1357;active;399;4;5;6
9785000013588;Книга 1358;active;449;5;6;0
9785000013595;Книга 1359;active;499;6;7;1
9785000013601;Книга 1360;paused;349;7;8;2
9785000013618;Книга 1361;active;399;8;9;3
9785000013625;Книга 1362;active;449;9;10;4
9785000013632;Книга 1363;active;499;10;11;5
9785000013649;Книга 1364;active;349;0;12;6
9785000013656;Книга 1365;active;399;1;0;0
9785000013663;Книга 1366;active;449;2;1;1
9785000013670;Книга 1367;active;499;3;2;2
9785000013687;Книга 1368;active;349;4;3;3
9785000013694;Книга 1369;active;399;5;4;4
9785000013700;Книга 1370;paused;449;6;5;5
9785000013717;Книга 1371;active;499;7;6;6
9785000013724;Книга 1372;active;349;8;7;0
9785000013731;Книга 1373;active;399;9;8;1
9785000013748;Книга 1374;active;449;10;9;2
9785000013755;Книга 1375;active;499;0;10;3
9785000013762;Книга 1376;active;349;1;11;4
9785000013779;Книга 1377;active;399;2;12;5
9785000013786;Книга 1378;active;449;3;0;6
9785000013793;Книга 1379;active;499;4;1;0
9785000013809;Книга 1380;paused;349;5;2;1
9785000013816;Книга 1381;active;399;6;3;2
9785000013823;Книга 1382;active;449;7;4;3
9785000013830;Книга 1383;active;499;8;5;4
9785000013847;Книга 1384;active;349;9;6;5
9785000013854;Книга 1385;active;399;10;7;6
9785000013861;Книга 1386;active;449;0;8;0
9785000013878;Книга 1387;active;499;1;9;1
9785000013885;Книга 1388;active;349;2;10;2
9785000013892;Книга 1389;active;399;3;11;3
9785000013908;Книга 1390;paused;449;4;12;4
9785000013915;Книга 1391;active;499;5;0;5
9785000013922;Книга 1392;active;349;6;1;6
9785000013939;Книга 1393;active;399;7;2;0
9785000013946;Книга 1394;active;449;8;3;1
9785000013953;Книга 1395;active;499;9;4;2
9785000013960;Книга 1396;active;349;10;5;3
9785000013977;Книга 1397;active;399;0;6;4
9785000013984;Книга 1398;active;449;1;7;5
9785000013991;Книга 1399;active;499;2;8;6
9785000014004;Книга 1400;paused;349;3;9;0
9785000014011;Книга 1401;active;399;4;10;1
9785000014028;Книга 1402;active;449;5;11;2
9785000014035;Книга 1403;active;499;6;12;3
9785000014042;Книга 1404;active;349;7;0;4
9785000014059;Книга 1405;active;399;8;1;5
9785000014066;Книга 1406;active;449;9;2;6
9785000014073;Книга 1407;active;499;10;3;0
9785000014080;Книга 1408;active;349;0;4;1
9785000014097;Книга 1409;active;399;1;5;2
9785000014103;Книга 1410;paused;449;2;6;3
9785000014110;Книга 1411;active;499;3;7;4
9785000014127;Книга 1412;active;349;4;8;5
9785000014134;Книга 1413;active;399;5;9;6
9785000014141;Книга 1414;active;449;6;10;0
9785000014158;Книга 1415;active;499;7;11;1
9785000014165;Книга 1416;active;349;8;12;2
9785000014172;Книга 1417;active;399;9;0;3
9785000014189;Книга 1418;active;449;10;1;4
9785000014196;Книга 1419;active;499;0;2;5
9785000014202;Книга 1420;paused;349;1;3;6
9785000014219;Книга 1421;active;399;2;4;0
9785000014226;Книга 1422;active;449;3;5;1
9785000014233;Книга 1423;active;499;4;6;2
9785000014240;Книга 1424;active;349;5;7;3
9785000014257;Книга 1425;active;399;6;8;4
9785000014264;Книга 1426;active;449;7;9;5
9785000014271;Книга 1427;active;499;8;10;6
9785000014288;Книга 1428;active;349;9;11;0
9785000014295;Книга 1429;active;399;10;12;1
9785000014301;Книга 1430;paused;449;0;0;2
9785000014318;Книга 1431;active;499;1;1;3
9785000014325;Книга 1432;active;349;2;2;4
9785000014332;Книга 1433;active;399;3;3;5
9785000014349;Книга 1434;active;449;4;4;6
9785000014356;Книга 1435;active;499;5;5;0
9785000014363;Книга 1436;active;349;6;6;1
9785000014370;Книга 1437;active;399;7;7;2
9785000014387;Книга 1438;active;449;8;8;3
9785000014394;Книга 1439;active;499;9;9;4
9785000014400;Книга 1440;paused;349;10;10;5
9785000014417;Книга 1441;active;399;0;11;6
9785000014424;Книга 1442;active;449;1;12;0
9785000014431;Книга 1443;active;499;2;0;1
9785000014448;Книга 1444;active;349;3;1;2
9785000014455;Книга 1445;active;399;4;2;3
9785000014462;Книга 1446;active;449;5;3;4
9785000014479;Книга 1447;active;499;6;4;5
9785000014486;Книга 1448;active;349;7;5;6
9785000014493;Книга 1449;active;399;8;6;0
9785000014509;Книга 1450;paused;449;9;7;1
9785000014516;Книга 1451;active;499;10;8;2
9785000014523;Книга 1452;active;349;0;9;3
9785000014530;Книга 1453;active;399;1;10;4
9785000014547;Книга 1454;active;449;2;11;5
9785000014554;Книга 1455;active;499;3;12;6
9785000014561;Книга 1456;active;349;4;0;0
9785000014578;Книга 1457;active;399;5;1;1
9785000014585;Книга 1458;active;449;6;2;2
9785000014592;Книга 1459;active;499;7;3;3
9785000014608;Книга 1460;paused;349;8;4;4
9785000014615;Книга 1461;active;399;9;5;5
9785000014622;Книга 1462;active;449;10;6;6
9785000014639;Книга 1463;active;499;0;7;0
9785000014646;Книга 1464;active;349;1;8;1
9785000014653;Книга 1465;active;399;2;9;2
9785000014660;Книга 1466;active;449;3;10;3
9785000014677;Книга 1467;active;499;4;11;4
9785000014684;Книга 1468;active;349;5;12;5
9785000014691;Книга 1469;active;399;6;0;6
9785000014707;Книга 1470;paused;449;7;1;0
9785000014714;Книга 1471;active;499;8;2;1
9785000014721;Книга 1472;active;349;9;3;2
9785000014738;Книга 1473;active;399;10;4;3
9785000014745;Книга 1474;active;449;0;5;4
9785000014752;Книга 1475;active;499;1;6;5
9785000014769;Книга 1476;active;349;2;7;6
9785000014776;Книга 1477;active;399;3;8;0
9785000014783;Книга 1478;active;449;4;9;1
9785000014790;Книга 1479;active;499;5;10;2
9785000014806;Книга 1480;paused;349;6;11;3
9785000014813;Книга 1481;active;399;7;12;4
9785000014820;Книга 1482;active;449;8;0;5
9785000014837;Книга 1483;active;499;9;1;6
9785000014844;Книга 1484;active;349;10;2;0
9785000014851;Книга 1485;active;399;0;3;1
9785000014868;Книга 1486;active;449;1;4;2
9785000014875;Книга 1487;active;499;2;5;3
9785000014882;Книга 1488;active;349;3;6;4
9785000014899;Книга 1489;active;399;4;7;5
9785000014905;Книга 1490;paused;449;5;8;6
9785000014912;Книга 1491;active;499;6;9;0
9785000014929;Книга 1492;active;349;7;10;1
9785000014936;Книга 1493;active;399;8;11;2
9785000014943;Книга 1494;active;449;9;12;3
9785000014950;Книга 1495;active;499;10;0;4
9785000014967;Книга 1496;active;349;0;1;5
9785000014974;Книга 1497;active;399;1;2;6
9785000014981;Книга 1498;active;449;2;3;0
9785000014998;Книга 1499;active;499;3;4;1
9785000015001;Книга 1500;paused;349;4;5;2
9785000015018;Книга 1501;active;399;5;6;3
9785000015025;Книга 1502;active;449;6;7;4
9785000015032;Книга 1503;active;499;7;8;5
9785000015049;Книга 1504;active;349;8;9;6
9785000015056;Книга 1505;active;399;9;10;0
9785000015063;Книга 1506;active;449;10;11;1
9785000015070;Книга 1507;active;499;0;12;2
9785000015087;Книга 1508;active;349;1;0;3
9785000015094;Книга 1509;active;399;2;1;4
9785000015100;Книга 1510;paused;449;3;2;5
9785000015117;Книга 1511;active;499;4;3;6
9785000015124;Книга 1512;active;349;5;4;0
9785000015131;Книга 1513;active;399;6;5;1
9785000015148;Книга 1514;active;449;7;6;2
9785000015155;Книга 1515;active;499;8;7;3
9785000015162;Книга 1516;active;349;9;8;4
9785000015179;Книга 1517;active;399;10;9;5
9785000015186;Книга 1518;active;449;0;10;6
9785000015193;Книга 1519;active;499;1;11;0
9785000015209;Книга 1520;paused;349;2;12;1
9785000015216;Книга 1521;active;399;3;0;2
9785000015223;Книга 1522;active;449;4;1;3
9785000015230;Книга 1523;active;499;5;2;4
9785000015247;Книга 1524;active;349;6;3;5
9785000015254;Книга 1525;active;399;7;4;6
9785000015261;Книга 1526;active;449;8;5;0
9785000015278;Книга 1527;active;499;9;6;1
9785000015285;Книга 1528;active;349;10;7;2
9785000015292;Книга 1529;active;399;0;8;3
9785000015308;Книга 1530;paused;449;1;9;4
9785000015315;Книга 1531;active;499;2;10;5
9785000015322;Книга 1532;active;349;3;11;6
9785000015339;Книга 1533;active;399;4;12;0
9785000015346;Книга 1534;active;449;5;0;1
9785000015353;Книга 1535;active;499;6;1;2
9785000015360;Книга 1536;active;349;7;2;3
9785000015377;Книга 1537;active;399;8;3;4
9785000015384;Книга 1538;active;449;9;4;5
9785000015391;Книга 1539;active;499;10;5;6
9785000015407;Книга 1540;paused;349;0;6;0
9785000015414;Книга 1541;active;399;1;7;1
9785000015421;Книга 1542;active;449;2;8;2
9785000015438;Книга 1543;active;499;3;9;3
9785000015445;Книга 1544;active;349;4;10;4
9785000015452;Книга 1545;active;399;5;11;5
9785000015469;Книга 1546;active;449;6;12;6
9785000015476;Книга 1547;active;499;7;0;0
9785000015483;Книга 1548;active;349;8;1;1
9785000015490;Книга 1549;active;399;9;2;2
9785000015506;Книга 1550;paused;449;10;3;3
9785000015513;Книга 1551;active;499;0;4;4
9785000015520;Книга 1552;active;349;1;5;5
9785000015537;Книга 1553;active;399;2;6;6
9785000015544;Книга 1554;active;449;3;7;0
9785000015551;Книга 1555;active;499;4;8;1
9785000015568;Книга 1556;active;349;5;9;2
9785000015575;Книга 1557;active;399;6;10;3
9785000015582;Книга 1558;active;449;7;11;4
9785000015599;Книга 1559;active;499;8;12;5
9785000015605;Книга 1560;paused;349;9;0;6
9785000015612;Книга 1561;active;399;10;1;0
9785000015629;Книга 1562;active;449;0;2;1
9785000015636;Книга 1563;active;499;1;3;2
9785000015643;Книга 1564;active;349;2;4;3
9785000015650;Книга 1565;active;399;3;5;4
9785000015667;Книга 1566;active;449;4;6;5
9785000015674;Книга 1567;active;499;5;7;6
9785000015681;Книга 1568;active;349;6;8;0
9785000015698;Книга 1569;active;399;7;9;1
9785000015704;Книга 1570;paused;449;8;10;2
9785000015711;Книга 1571;active;499;9;11;3
9785000015728;Книга 1572;active;349;10;12;4
9785000015735;Книга 1573;active;399;0;0;5
9785000015742;Книга 1574;active;449;1;1;6
9785000015759;Книга 1575;active;499;2;2;0
9785000015766;Книга 1576;active;349;3;3;1
9785000015773;Книга 1577;active;399;4;4;2
9785000015780;Книга 1578;active;449;5;5;3
9785000015797;Книга 1579;active;499;6;6;4
9785000015803;Книга 1580;paused;349;7;7;5
9785000015810;Книга 1581;active;399;8;8;6
9785000015827;Книга 1582;active;449;9;9;0
9785000015834;Книга 1583;active;499;10;10;1
9785000015841;Книга 1584;active;349;0;11;2
9785000015858;Книга 1585;active;399;1;12;3
9785000015865;Книга 1586;active;449;2;0;4
9785000015872;Книга 1587;active;499;3;1;5
9785000015889;Книга 1588;active;349;4;2;6
9785000015896;Книга 1589;active;399;5;3;0
9785000015902;Книга 1590;paused;449;6;4;1
9785000015919;Книга 1591;active;499;7;5;2
9785000015926;Книга 1592;active;349;8;6;3
9785000015933;Книга 1593;active;399;9;7;4
9785000015940;Книга 1594;active;449;10;8;5
9785000015957;Книга 1595;active;499;0;9;6
9785000015964;Книга 1596;active;349;1;10;0
9785000015971;Книга 1597;active;399;2;11;1
9785000015988;Книга 1598;active;449;3;12;2
9785000015995;Книга 1599;active;499;4;0;3
9785000016008;Книга 1600;paused;349;5;1;4
9785000016015;Книга 1601;active;399;6;2;5
9785000016022;Книга 1602;active;449;7;3;6
9785000016039;Книга 1603;active;499;8;4;0
9785000016046;Книга 1604;active;349;9;5;1
9785000016053;Книга 1605;active;399;10;6;2
9785000016060;Книга 1606;active;449;0;7;3
9785000016077;Книга 1607;active;499;1;8;4
9785000016084;Книга 1608;active;349;2;9;5
9785000016091;Книга 1609;active;399;3;10;6
9785000016107;Книга 1610;paused;449;4;11;0
9785000016114;Книга 1611;active;499;5;12;1
9785000016121;Книга 1612;active;349;6;0;2
9785000016138;Книга 1613;active;399;7;1;3
9785000016145;Книга 1614;active;449;8;2;4
9785000016152;Книга 1615;active;499;9;3;5
9785000016169;Книга 1616;active;349;10;4;6
9785000016176;Книга 1617;active;399;0;5;0
9785000016183;Книга 1618;active;449;1;6;1
9785000016190;Книга 1619;active;499;2;7;2
9785000016206;Книга 1620;paused;349;3;8;3
9785000016213;Книга 1621;active;399;4;9;4
9785000016220;Книга 1622;active;449;5;10;5
9785000016237;Книга 1623;active;499;6;11;6
9785000016244;Книга 1624;active;349;7;12;0
9785000016251;Книга 1625;active;399;8;0;1
9785000016268;Книга 1626;active;449;9;1;2
9785000016275;Книга 1627;active;499;10;2;3
9785000016282;Книга 1628;active;349;0;3;4
9785000016299;Книга 1629;active;399;1;4;5
9785000016305;Книга 1630;paused;449;2;5;6
9785000016312;Книга 1631;active;499;3;6;0
9785000016329;Книга 1632;active;349;4;7;1
9785000016336;Книга 1633;active;399;5;8;2
9785000016343;Книга 1634;active;449;6;9;3
9785000016350;Книга 1635;active;499;7;10;4
9785000016367;Книга 1636;active;349;8;11;5
9785000016374;Книга 1637;active;399;9;12;6
9785000016381;Книга 1638;active;449;10;0;0
9785000016398;Книга 1639;active;499;0;1;1
9785000016404;Книга 1640;paused;349;1;2;2
9785000016411;Книга 1641;active;399;2;3;3
9785000016428;Книга 1642;active;449;3;4;4
9785000016435;Книга 1643;active;499;4;5;5
9785000016442;Книга 1644;active;349;5;6;6
9785000016459;Книга 1645;active;399;6;7;0
9785000016466;Книга 1646;active;449;7;8;1
9785000016473;Книга 1647;active;499;8;9;2
9785000016480;Книга 1648;active;349;9;10;3
9785000016497;Книга 1649;active;399;10;11;4
9785000016503;Книга 1650;paused;449;0;12;5
9785000016510;Книга 1651;active;499;1;0;6
9785000016527;Книга 1652;active;349;2;1;0
9785000016534;Книга 1653;active;399;3;2;1
9785000016541;Книга 1654;active;449;4;3;2
9785000016558;Книга 1655;active;499;5;4;3
9785000016565;Книга 1656;active;349;6;5;4
9785000016572;Книга 1657;active;399;7;6;5
9785000016589;Книга 1658;active;449;8;7;6
9785000016596;Книга 1659;active;499;9;8;0
9785000016602;Книга 1660;paused;349;10;9;1
9785000016619;Книга 1661;active;399;0;10;2
9785000016626;Книга 1662;active;449;1;11;3
9785000016633;Книга 1663;active;499;2;12;4
9785000016640;Книга 1664;active;349;3;0;5
9785000016657;Книга 1665;active;399;4;1;6
9785000016664;Книга 1666;active;449;5;2;0
9785000016671;Книга 1667;active;499;6;3;1
9785000016688;Книга 1668;active;349;7;4;2
9785000016695;Книга 1669;active;399;8;5;3
9785000016701;Книга 1670;paused;449;9;6;4
9785000016718;Книга 1671;active;499;10;7;5
9785000016725;Книга 1672;active;349;0;8;6
9785000016732;Книга 1673;active;399;1;9;0
9785000016749;Книга 1674;active;449;2;10;1
9785000016756;Книга 1675;active;499;3;11;2
9785000016763;Книга 1676;active;349;4;12;3
9785000016770;Книга 1677;active;399;5;0;4
9785000016787;Книга 1678;active;449;6;1;5
9785000016794;Книга 1679;active;499;7;2;6
9785000016800;Книга 1680;paused;349;8;3;0
9785000016817;Книга 1681;active;399;9;4;1
9785000016824;Книга 1682;active;449;10;5;2
9785000016831;Книга 1683;active;499;0;6;3
9785000016848;Книга 1684;active;349;1;7;4
9785000016855;Книга 1685;active;399;2;8;5
9785000016862;Книга 1686;active;449;3;9;6
9785000016879;Книга 1687;active;499;4;10;0
9785000016886;Книга 1688;active;349;5;11;1
9785000016893;Книга 1689;active;399;6;12;2
9785000016909;Книга 1690;paused;449;7;0;3
9785000016916;Книга 1691;active;499;8;1;4
9785000016923;Книга 1692;active;349;9;2;5
9785000016930;Книга 1693;active;399;10;3;6
9785000016947;Книга 1694;active;449;0;4;0
9785000016954;Книга 1695;active;499;1;5;1
9785000016961;Книга 1696;active;349;2;6;2
9785000016978;Книга 1697;active;399;3;7;3
9785000016985;Книга 1698;active;449;4;8;4
9785000016992;Книга 1699;active;499;5;9;5
9785000017005;Книга 1700;paused;349;6;10;6
9785000017012;Книга 1701;active;399;7;11;0
9785000017029;Книга 1702;active;449;8;12;1
9785000017036;Книга 1703;active;499;9;0;2
9785000017043;Книга 1704;active;349;10;1;3
9785000017050;Книга 1705;active;399;0;2;4
9785000017067;Книга 1706;active;449;1;3;5
9785000017074;Книга 1707;active;499;2;4;6
9785000017081;Книга 1708;active;349;3;5;0
9785000017098;Книга 1709;active;399;4;6;1
9785000017104;Книга 1710;paused;449;5;7;2
9785000017111;Книга 1711;active;499;6;8;3
9785000017128;Книга 1712;active;349;7;9;4
9785000017135;Книга 1713;active;399;8;10;5
9785000017142;Книга 1714;active;449;9;11;6
9785000017159;Книга 1715;active;499;10;12;0
9785000017166;Книга 1716;active;349;0;0;1
9785000017173;Книга 1717;active;399;1;1;2
9785000017180;Книга 1718;active;449;2;2;3
9785000017197;Книга 1719;active;499;3;3;4
9785000017203;Книга 1720;paused;349;4;4;5
9785000017210;Книга 1721;active;399;5;5;6
9785000017227;Книга 1722;active;449;6;6;0
9785000017234;Книга 1723;active;499;7;7;1
9785000017241;Книга 1724;active;349;8;8;2
9785000017258;Книга 1725;active;399;9;9;3
9785000017265;Книга 1726;active;449;10;10;4
9785000017272;Книга 1727;active;499;0;11;5
9785000017289;Книга 1728;active;349;1;12;6
9785000017296;Книга 1729;active;399;2;0;0
9785000017302;Книга 1730;paused;449;3;1;1
9785000017319;Книга 1731;active;499;4;2;2
9785000017326;Книга 1732;active;349;5;3;3
9785000017333;Книга 1733;active;399;6;4;4
9785000017340;Книга 1734;active;449;7;5;5
9785000017357;Книга 1735;active;499;8;6;6
9785000017364;Книга 1736;active;349;9;7;0
9785000017371;Книга 1737;active;399;10;8;1
9785000017388;Книга 1738;active;449;0;9;2
9785000017395;Книга 1739;active;499;1;10;3
9785000017401;Книга 1740;paused;349;2;11;4
9785000017418;Книга 1741;active;399;3;12;5
9785000017425;Книга 1742;active;449;4;0;6
9785000017432;Книга 1743;active;499;5;1;0
9785000017449;Книга 1744;active;349;6;2;1
9785000017456;Книга 1745;active;399;7;3;2
9785000017463;Книга 1746;active;449;8;4;3
9785000017470;Книга 1747;active;499;9;5;4
9785000017487;Книга 1748;active;349;10;6;5
9785000017494;Книга 1749;active;399;0;7;6
9785000017500;Книга 1750;paused;449;1;8;0
9785000017517;Книга 1751;active;499;2;9;1
9785000017524;Книга 1752;active;349;3;10;2
9785000017531;Книга 1753;active;399;4;11;3
9785000017548;Книга 1754;active;449;5;12;4
9785000017555;Книга 1755;active;499;6;0;5
9785000017562;Книга 1756;active;349;7;1;6
9785000017579;Книга 1757;active;399;8;2;0
9785000017586;Книга 1758;active;449;9;3;1
9785000017593;Книга 1759;active;499;10;4;2
9785000017609;Книга 1760;paused;349;0;5;3
9785000017616;Книга 1761;active;399;1;6;4
9785000017623;Книга 1762;active;449;2;7;5
9785000017630;Книга 1763;active;499;3;8;6
9785000017647;Книга 1764;active;349;4;9;0
9785000017654;Книга 1765;active;399;5;10;1
9785000017661;Книга 1766;active;449;6;11;2
9785000017678;Книга 1767;active;499;7;12;3
9785000017685;Книга 1768;active;349;8;0;4
9785000017692;Книга 1769;active;399;9;1;5
9785000017708;Книга 1770;paused;449;10;2;6
9785000017715;Книга 1771;active;499;0;3;0
9785000017722;Книга 1772;active;349;1;4;1
9785000017739;Книга 1773;active;399;2;5;2
9785000017746;Книга 1774;active;449;3;6;3
9785000017753;Книга 1775;active;499;4;7;4
9785000017760;Книга 1776;active;349;5;8;5
9785000017777;Книга 1777;active;399;6;9;6
9785000017784;Книга 1778;active;449;7;10;0
9785000017791;Книга 1779;active;499;8;11;1
9785000017807;Книга 1780;paused;349;9;12;2
9785000017814;Книга 1781;active;399;10;0;3
9785000017821;Книга 1782;active;449;0;1;4
9785000017838;Книга 1783;active;499;1;2;5
9785000017845;Книга 1784;active;349;2;3;6
9785000017852;Книга 1785;active;399;3;4;0
9785000017869;Книга 1786;active;449;4;5;1
9785000017876;Книга 1787;active;499;5;6;2
9785000017883;Книга 1788;active;349;6;7;3
9785000017890;Книга 1789;active;399;7;8;4
9785000017906;Книга 1790;paused;449;8;9;5
9785000017913;Книга 1791;active;499;9;10;6
9785000017920;Книга 1792;active;349;10;11;0
9785000017937;Книга 1793;active;399;0;12;1
9785000017944;Книга 1794;active;449;1;0;2
9785000017951;Книга 1795;active;499;2;1;3
9785000017968;Книга 1796;active;349;3;2;4
9785000017975;Книга 1797;active;399;4;3;5
9785000017982;Книга 1798;active;449;5;4;6
9785000017999;Книга 1799;active;499;6;5;0
9785000018002;Книга 1800;paused;349;7;6;1
9785000018019;Книга 1801;active;399;8;7;2
9785000018026;Книга 1802;active;449;9;8;3
9785000018033;Книга 1803;active;499;10;9;4
9785000018040;Книга 1804;active;349;0;10;5
9785000018057;Книга 1805;active;399;1;11;6
9785000018064;Книга 1806;active;449;2;12;0
9785000018071;Книга 1807;active;499;3;0;1
9785000018088;Книга 1808;active;349;4;1;2
9785000018095;Книга 1809;active;399;5;2;3
9785000018101;Книга 1810;paused;449;6;3;4
9785000018118;Книга 1811;active;499;7;4;5
9785000018125;Книга 1812;active;349;8;5;6
9785000018132;Книга 1813;active;399;9;6;0
9785000018149;Книга 1814;active;449;10;7;1
9785000018156;Книга 1815;active;499;0;8;2
9785000018163;Книга 1816;active;349;1;9;3
9785000018170;Книга 1817;active;399;2;10;4
9785000018187;Книга 1818;active;449;3;11;5
9785000018194;Книга 1819;active;499;4;12;6
9785000018200;Книга 1820;paused;349;5;0;0
9785000018217;Книга 1821;active;399;6;1;1
9785000018224;Книга 1822;active;449;7;2;2
9785000018231;Книга 1823;active;499;8;3;3
9785000018248;Книга 1824;active;349;9;4;4
9785000018255;Книга 1825;active;399;10;5;5
9785000018262;Книга 1826;active;449;0;6;6
9785000018279;Книга 1827;active;499;1;7;0
9785000018286;Книга 1828;active;349;2;8;1
9785000018293;Книга 1829;active;399;3;9;2
9785000018309;Книга 1830;paused;449;4;10;3
9785000018316;Книга 1831;active;499;5;11;4
9785000018323;Книга 1832;active;349;6;12;5
9785000018330;Книга 1833;active;399;7;0;6
9785000018347;Книга 1834;active;449;8;1;0
9785000018354;Книга 1835;active;499;9;2;1
9785000018361;Книга 1836;active;349;10;3;2
9785000018378;Книга 1837;active;399;0;4;3
9785000018385;Книга 1838;active;449;1;5;4
9785000018392;Книга 1839;active;499;2;6;5
9785000018408;Книга 1840;paused;349;3;7;6
9785000018415;Книга 1841;active;399;4;8;0
9785000018422;Книга 1842;active;449;5;9;1
9785000018439;Книга 1843;active;499;6;10;2
9785000018446;Книга 1844;active;349;7;11;3
9785000018453;Книга 1845;active;399;8;12;4
9785000018460;Книга 1846;active;449;9;0;5
9785000018477;Книга 1847;active;499;10;1;6
9785000018484;Книга 1848;active;349;0;2;0
9785000018491;Книга 1849;active;399;1;3;1
9785000018507;Книга 1850;paused;449;2;4;2
9785000018514;Книга 1851;active;499;3;5;3
9785000018521;Книга 1852;active;349;4;6;4
9785000018538;Книга 1853;active;399;5;7;5
9785000018545;Книга 1854;active;449;6;8;6
9785000018552;Книга 1855;active;499;7;9;0
9785000018569;Книга 1856;active;349;8;10;1
9785000018576;Книга 1857;active;399;9;11;2
9785000018583;Книга 1858;active;449;10;12;3
9785000018590;Книга 1859;active;499;0;0;4
9785000018606;Книга 1860;paused;349;1;1;5
9785000018613;Книга 1861;active;399;2;2;6
9785000018620;Книга 1862;active;449;3;3;0
9785000018637;Книга 1863;active;499;4;4;1
9785000018644;Книга 1864;active;349;5;5;2
9785000018651;Книга 1865;active;399;6;6;3
9785000018668;Книга 1866;active;449;7;7;4
9785000018675;Книга 1867;active;499;8;8;5
9785000018682;Книга 1868;active;349;9;9;6
9785000018699;Книга 1869;active;399;10;10;0
9785000018705;Книга 1870;paused;449;0;11;1
9785000018712;Книга 1871;active;499;1;12;2
9785000018729;Книга 1872;active;349;2;0;3
9785000018736;Книга 1873;active;399;3;1;4
9785000018743;Книга 1874;active;449;4;2;5
9785000018750;Книга 1875;active;499;5;3;6
9785000018767;Книга 1876;active;349;6;4;0
9785000018774;Книга 1877;active;399;7;5;1
9785000018781;Книга 1878;active;449;8;6;2
9785000018798;Книга 1879;active;499;9;7;3
9785000018804;Книга 1880;paused;349;10;8;4
9785000018811;Книга 1881;active;399;0;9;5
9785000018828;Книга 1882;active;449;1;10;6
9785000018835;Книга 1883;active;499;2;11;0
9785000018842;Книга 1884;active;349;3;12;1
9785000018859;Книга 1885;active;399;4;0;2
9785000018866;Книга 1886;active;449;5;1;3
9785000018873;Книга 1887;active;499;6;2;4
9785000018880;Книга 1888;active;349;7;3;5
9785000018897;Книга 1889;active;399;8;4;6
9785000018903;Книга 1890;paused;449;9;5;0
9785000018910;Книга 1891;active;499;10;6;1
9785000018927;Книга 1892;active;349;0;7;2
9785000018934;Книга 1893;active;399;1;8;3
9785000018941;Книга 1894;active;449;2;9;4
9785000018958;Книга 1895;active;499;3;10;5
9785000018965;Книга 1896;active;349;4;11;6
9785000018972;Книга 1897;active;399;5;12;0
9785000018989;Книга 1898;active;449;6;0;1
9785000018996;Книга 1899;active;499;7;1;2
9785000019009;Книга 1900;paused;349;8;2;3
9785000019016;Книга 1901;active;399;9;3;4
9785000019023;Книга 1902;active;449;10;4;5
9785000019030;Книга 1903;active;499;0;5;6
9785000019047;Книга 1904;active;349;1;6;0
9785000019054;Книга 1905;active;399;2;7;1
9785000019061;Книга 1906;active;449;3;8;2
9785000019078;Книга 1907;active;499;4;9;3
9785000019085;Книга 1908;active;349;5;10;4
9785000019092;Книга 1909;active;399;6;11;5
9785000019108;Книга 1910;paused;449;7;12;6
9785000019115;Книга 1911;active;499;8;0;0
9785000019122;Книга 1912;active;349;9;1;1
9785000019139;Книга 1913;active;399;10;2;2
9785000019146;Книга 1914;active;449;0;3;3
9785000019153;Книга 1915;active;499;1;4;4
9785000019160;Книга 1916;active;349;2;5;5
9785000019177;Книга 1917;active;399;3;6;6
9785000019184;Книга 1918;active;449;4;7;0
9785000019191;Книга 1919;active;499;5;8;1
9785000019207;Книга 1920;paused;349;6;9;2
9785000019214;Книга 1921;active;399;7;10;3
9785000019221;Книга 1922;active;449;8;11;4
9785000019238;Книга 1923;active;499;9;12;5
9785000019245;Книга 1924;active;349;10;0;6
9785000019252;Книга 1925;active;399;0;1;0
9785000019269;Книга 1926;active;449;1;2;1
9785000019276;Книга 1927;active;499;2;3;2
9785000019283;Книга 1928;active;349;3;4;3
9785000019290;Книга 1929;active;399;4;5;4
9785000019306;Книга 1930;paused;449;5;6;5
9785000019313;Книга 1931;active;499;6;7;6
9785000019320;Книга 1932;active;349;7;8;0
9785000019337;Книга 1933;active;399;8;9;1
9785000019344;Книга 1934;active;449;9;10;2
9785000019351;Книга 1935;active;499;10;11;3
9785000019368;Книга 1936;active;349;0;12;4
9785000019375;Книга 1937;active;399;1;0;5
9785000019382;Книга 1938;active;449;2;1;6
9785000019399;Книга 1939;active;499;3;2;0
9785000019405;Книга 1940;paused;349;4;3;1
9785000019412;Книга 1941;active;399;5;4;2
9785000019429;Книга 1942;active;449;6;5;3
9785000019436;Книга 1943;active;499;7;6;4
9785000019443;Книга 1944;active;349;8;7;5
9785000019450;Книга 1945;active;399;9;8;6
9785000019467;Книга 1946;active;449;10;9;0
9785000019474;Книга 1947;active;499;0;10;1
9785000019481;Книга 1948;active;349;1;11;2
9785000019498;Книга 1949;active;399;2;12;3
9785000019504;Книга 1950;paused;449;3;0;4
9785000019511;Книга 1951;active;499;4;1;5
9785000019528;Книга 1952;active;349;5;2;6
9785000019535;Книга 1953;active;399;6;3;0
9785000019542;Книга 1954;active;449;7;4;1
9785000019559;Книга 1955;active;499;8;5;2
9785000019566;Книга 1956;active;349;9;6;3
9785000019573;Книга 1957;active;399;10;7;4
9785000019580;Книга 1958;active;449;0;8;5
9785000019597;Книга 1959;active;499;1;9;6
9785000019603;Книга 1960;paused;349;2;10;0
9785000019610;Книга 1961;active;399;3;11;1
9785000019627;Книга 1962;active;449;4;12;2
9785000019634;Книга 1963;active;499;5;0;3
9785000019641;Книга 1964;active;349;6;1;4
9785000019658;Книга 1965;active;399;7;2;5
9785000019665;Книга 1966;active;449;8;3;6
9785000019672;Книга 1967;active;499;9;4;0
9785000019689;Книга 1968;active;349;10;5;1
9785000019696;Книга 1969;active;399;0;6;2
9785000019702;Книга 1970;paused;449;1;7;3
9785000019719;Книга 1971;active;499;2;8;4
9785000019726;Книга 1972;active;349;3;9;5
9785000019733;Книга 1973;active;399;4;10;6
9785000019740;Книга 1974;active;449;5;11;0
9785000019757;Книга 1975;active;499;6;12;1
9785000019764;Книга 1976;active;349;7;0;2
9785000019771;Книга 1977;active;399;8;1;3
9785000019788;Книга 1978;active;449;9;2;4
9785000019795;Книга 1979;active;499;10;3;5
9785000019801;Книга 1980;paused;349;0;4;6
9785000019818;Книга 1981;active;399;1;5;0
9785000019825;Книга 1982;active;449;2;6;1
9785000019832;Книга 1983;active;499;3;7;2
9785000019849;Книга 1984;active;349;4;8;3
9785000019856;Книга 1985;active;399;5;9;4
9785000019863;Книга 1986;active;449;6;10;5
9785000019870;Книга 1987;active;499;7;11;6
9785000019887;Книга 1988;active;349;8;12;0
9785000019894;Книга 1989;active;399;9;0;1
9785000019900;Книга 1990;paused;449;10;1;2
9785000019917;Книга 1991;active;499;0;2;3
9785000019924;Книга 1992;active;349;1;3;4
9785000019931;Книга 1993;active;399;2;4;5
9785000019948;Книга 1994;active;449;3;5;6
9785000019955;Книга 1995;active;499;4;6;0
9785000019962;Книга 1996;active;349;5;7;1
9785000019979;Книга 1997;active;399;6;8;2
9785000019986;Книга 1998;active;449;7;9;3
9785000019993;Книга 1999;active;499;8;10;4
9785000020005;Книга 2000;paused;349;9;11;5
9785000020012;Книга 2001;active;399;10;12;6
9785000020029;Книга 2002;active;449;0;0;0
9785000020036;Книга 2003;active;499;1;1;1
9785000020043;Книга 2004;active;349;2;2;2
9785000020050;Книга 2005;active;399;3;3;3
9785000020067;Книга 2006;active;449;4;4;4
9785000020074;Книга 2007;active;499;5;5;5
9785000020081;Книга 2008;active;349;6;6;6
9785000020098;Книга 2009;active;399;7;7;0
9785000020104;Книга 2010;paused;449;8;8;1
9785000020111;Книга 2011;active;499;9;9;2
9785000020128;Книга 2012;active;349;10;10;3
9785000020135;Книга 2013;active;399;0;11;4
9785000020142;Книга 2014;active;449;1;12;5
9785000020159;Книга 2015;active;499;2;0;6
9785000020166;Книга 2016;active;349;3;1;0
9785000020173;Книга 2017;active;399;4;2;1
9785000020180;Книга 2018;active;449;5;3;2
9785000020197;Книга 2019;active;499;6;4;3
9785000020203;Книга 2020;paused;349;7;5;4
9785000020210;Книга 2021;active;399;8;6;5
9785000020227;Книга 2022;active;449;9;7;6
9785000020234;Книга 2023;active;499;10;8;0
9785000020241;Книга 2024;active;349;0;9;1
9785000020258;Книга 2025;active;399;1;10;2
9785000020265;Книга 2026;active;449;2;11;3
9785000020272;Книга 2027;active;499;3;12;4
9785000020289;Книга 2028;active;349;4;0;5
9785000020296;Книга 2029;active;399;5;1;6
9785000020302;Книга 2030;paused;449;6;2;0
9785000020319;Книга 2031;active;499;7;3;1
9785000020326;Книга 2032;active;349;8;4;2
9785000020333;Книга 2033;active;399;9;5;3
9785000020340;Книга 2034;active;449;10;6;4
9785000020357;Книга 2035;active;499;0;7;5
9785000020364;Книга 2036;active;349;1;8;6
9785000020371;Книга 2037;active;399;2;9;0
9785000020388;Книга 2038;active;449;3;10;1
9785000020395;Книга 2039;active;499;4;11;2
9785000020401;Книга 2040;paused;349;5;12;3
9785000020418;Книга 2041;active;399;6;0;4
9785000020425;Книга 2042;active;449;7;1;5
9785000020432;Книга 2043;active;499;8;2;6
9785000020449;Книга 2044;active;349;9;3;0
9785000020456;Книга 2045;active;399;10;4;1
9785000020463;Книга 2046;active;449;0;5;2
9785000020470;Книга 2047;active;499;1;6;3
9785000020487;Книга 2048;active;349;2;7;4
9785000020494;Книга 2049;active;399;3;8;5
9785000020500;Книга 2050;paused;449;4;9;6
9785000020517;Книга 2051;active;499;5;10;0
9785000020524;Книга 2052;active;349;6;11;1
9785000020531;Книга 2053;active;399;7;12;2
9785000020548;Книга 2054;active;449;8;0;3
9785000020555;Книга 2055;active;499;9;1;4
9785000020562;Книга 2056;active;349;10;2;5
9785000020579;Книга 2057;active;399;0;3;6
9785000020586;Книга 2058;active;449;1;4;0
9785000020593;Книга 2059;active;499;2;5;1
9785000020609;Книга 2060;paused;349;3;6;2
9785000020616;Книга 2061;active;399;4;7;3
9785000020623;Книга 2062;active;449;5;8;4
9785000020630;Книга 2063;active;499;6;9;5
9785000020647;Книга 2064;active;349;7;10;6
9785000020654;Книга 2065;active;399;8;11;0
9785000020661;Книга 2066;active;449;9;12;1
9785000020678;Книга 2067;active;499;10;0;2
9785000020685;Книга 2068;active;349;0;1;3
9785000020692;Книга 2069;active;399;1;2;4
9785000020708;Книга 2070;paused;449;2;3;5
9785000020715;Книга 2071;active;499;3;4;6
9785000020722;Книга 2072;active;349;4;5;0
9785000020739;Книга 2073;active;399;5;6;1
9785000020746;Книга 2074;active;449;6;7;2
9785000020753;Книга 2075;active;499;7;8;3
9785000020760;Книга 2076;active;349;8;9;4
9785000020777;Книга 2077;active;399;9;10;5
9785000020784;Книга 2078;active;449;10;11;6
9785000020791;Книга 2079;active;499;0;12;0
9785000020807;Книга 2080;paused;349;1;0;1
9785000020814;Книга 2081;active;399;2;1;2
9785000020821;Книга 2082;active;449;3;2;3
9785000020838;Книга 2083;active;499;4;3;4
9785000020845;Книга 2084;active;349;5;4;5
9785000020852;Книга 2085;active;399;6;5;6
9785000020869;Книга 2086;active;449;7;6;0
9785000020876;Книга 2087;active;499;8;7;1
9785000020883;Книга 2088;active;349;9;8;2
9785000020890;Книга 2089;active;399;10;9;3
9785000020906;Книга 2090;paused;449;0;10;4
9785000020913;Книга 2091;active;499;1;11;5
9785000020920;Книга 2092;active;349;2;12;6
9785000020937;Книга 2093;active;399;3;0;0
9785000020944;Книга 2094;active;449;4;1;1
9785000020951;Книга 2095;active;499;5;2;2
9785000020968;Книга 2096;active;349;6;3;3
9785000020975;Книга 2097;active;399;7;4;4
9785000020982;Книга 2098;active;449;8;5;5
9785000020999;Книга 2099;active;499;9;6;6
9785000021002;Книга 2100;paused;349;10;7;0
9785000021019;Книга 2101;active;399;0;8;1
9785000021026;Книга 2102;active;449;1;9;2
9785000021033;Книга 2103;active;499;2;10;3
9785000021040;Книга 2104;active;349;3;11;4
9785000021057;Книга 2105;active;399;4;12;5
9785000021064;Книга 2106;active;449;5;0;6
9785000021071;Книга 2107;active;499;6;1;0
9785000021088;Книга 2108;active;349;7;2;1
9785000021095;Книга 2109;active;399;8;3;2
9785000021101;Книга 2110;paused;449;9;4;3
9785000021118;Книга 2111;active;499;10;5;4
9785000021125;Книга 2112;active;349;0;6;5
9785000021132;Книга 2113;active;399;1;7;6
9785000021149;Книга 2114;active;449;2;8;0
9785000021156;Книга 2115;active;499;3;9;1
9785000021163;Книга 2116;active;349;4;10;2
9785000021170;Книга 2117;active;399;5;11;3
9785000021187;Книга 2118;active;449;6;12;4
9785000021194;Книга 2119;active;499;7;0;5
9785000021200;Книга 2120;paused;349;8;1;6
9785000021217;Книга 2121;active;399;9;2;0
9785000021224;Книга 2122;active;449;10;3;1
9785000021231;Книга 2123;active;499;0;4;2
9785000021248;Книга 2124;active;349;1;5;3
9785000021255;Книга 2125;active;399;2;6;4
9785000021262;Книга 2126;active;449;3;7;5
9785000021279;Книга 2127;active;499;4;8;6
9785000021286;Книга 2128;active;349;5;9;0
9785000021293;Книга 2129;active;399;6;10;1
9785000021309;Книга 2130;paused;449;7;11;2
9785000021316;Книга 2131;active;499;8;12;3
9785000021323;Книга 2132;active;349;9;0;4
9785000021330;Книга 2133;active;399;10;1;5
9785000021347;Книга 2134;active;449;0;2;6
9785000021354;Книга 2135;active;499;1;3;0
9785000021361;Книга 2136;active;349;2;4;1
9785000021378;Книга 2137;active;399;3;5;2
9785000021385;Книга 2138;active;449;4;6;3
9785000021392;Книга 2139;active;499;5;7;4
9785000021408;Книга 2140;paused;349;6;8;5
9785000021415;Книга 2141;active;399;7;9;6
9785000021422;Книга 2142;active;449;8;10;0
9785000021439;Книга 2143;active;499;9;11;1
9785000021446;Книга 2144;active;349;10;12;2
9785000021453;Книга 2145;active;399;0;0;3
9785000021460;Книга 2146;active;449;1;1;4
9785000021477;Книга 2147;active;499;2;2;5
9785000021484;Книга 2148;active;349;3;3;6
9785000021491;Книга 2149;active;399;4;4;0
9785000021507;Книга 2150;paused;449;5;5;1
9785000021514;Книга 2151;active;499;6;6;2
9785000021521;Книга 2152;active;349;7;7;3
9785000021538;Книга 2153;active;399;8;8;4
9785000021545;Книга 2154;active;449;9;9;5
9785000021552;Книга 2155;active;499;10;10;6
9785000021569;Книга 2156;active;349;0;11;0
9785000021576;Книга 2157;active;399;1;12;1
9785000021583;Книга 2158;active;449;2;0;2
9785000021590;Книга 2159;active;499;3;1;3
9785000021606;Книга 2160;paused;349;4;2;4
9785000021613;Книга 2161;active;399;5;3;5
9785000021620;Книга 2162;active;449;6;4;6
9785000021637;Книга 2163;active;499;7;5;0
9785000021644;Книга 2164;active;349;8;6;1
9785000021651;Книга 2165;active;399;9;7;2
9785000021668;Книга 2166;active;449;10;8;3
9785000021675;Книга 2167;active;499;0;9;4
9785000021682;Книга 2168;active;349;1;10;5
9785000021699;Книга 2169;active;399;2;11;6
9785000021705;Книга 2170;paused;449;3;12;0
9785000021712;Книга 2171;active;499;4;0;1
9785000021729;Книга 2172;active;349;5;1;2
9785000021736;Книга 2173;active;399;6;2;3
9785000021743;Книга 2174;active;449;7;3;4
9785000021750;Книга 2175;active;499;8;4;5
9785000021767;Книга 2176;active;349;9;5;6
9785000021774;Книга 2177;active;399;10;6;0
9785000021781;Книга 2178;active;449;0;7;1
9785000021798;Книга 2179;active;499;1;8;2
9785000021804;Книга 2180;paused;349;2;9;3
9785000021811;Книга 2181;active;399;3;10;4
9785000021828;Книга 2182;active;449;4;11;5
9785000021835;Книга 2183;active;499;5;12;6
9785000021842;Книга 2184;active;349;6;0;0
9785000021859;Книга 2185;active;399;7;1;1
9785000021866;Книга 2186;active;449;8;2;2
9785000021873;Книга 2187;active;499;9;3;3
9785000021880;Книга 2188;active;349;10;4;4
9785000021897;Книга 2189;active;399;0;5;5
9785000021903;Книга 2190;paused;449;1;6;6
9785000021910;Книга 2191;active;499;2;7;0
9785000021927;Книга 2192;active;349;3;8;1
9785000021934;Книга 2193;active;399;4;9;2
9785000021941;Книга 2194;active;449;5;10;3
9785000021958;Книга 2195;active;499;6;11;4
9785000021965;Книга 2196;active;349;7;12;5
9785000021972;Книга 2197;active;399;8;0;6
9785000021989;Книга 2198;active;449;9;1;0
9785000021996;Книга 2199;active;499;10;2;1
9785000022009;Книга 2200;paused;349;0;3;2
9785000022016;Книга 2201;active;399;1;4;3
9785000022023;Книга 2202;active;449;2;5;4
9785000022030;Книга 2203;active;499;3;6;5
9785000022047;Книга 2204;active;349;4;7;6
9785000022054;Книга 2205;active;399;5;8;0
9785000022061;Книга 2206;active;449;6;9;1
9785000022078;Книга 2207;active;499;7;10;2
9785000022085;Книга 2208;active;349;8;11;3
9785000022092;Книга 2209;active;399;9;12;4
9785000022108;Книга 2210;paused;449;10;0;5
9785000022115;Книга 2211;active;499;0;1;6
9785000022122;Книга 2212;active;349;1;2;0
9785000022139;Книга 2213;active;399;2;3;1
9785000022146;Книга 2214;active;449;3;4;2
9785000022153;Книга 2215;active;499;4;5;3
9785000022160;Книга 2216;active;349;5;6;4
9785000022177;Книга 2217;active;399;6;7;5
9785000022184;Книга 2218;active;449;7;8;6
9785000022191;Книга 2219;active;499;8;9;0
9785000022207;Книга 2220;paused;349;9;10;1
9785000022214;Книга 2221;active;399;10;11;2
9785000022221;Книга 2222;active;449;0;12;3
9785000022238;Книга 2223;active;499;1;0;4
9785000022245;Книга 2224;active;349;2;1;5
9785000022252;Книга 2225;active;399;3;2;6
9785000022269;Книга 2226;active;449;4;3;0
9785000022276;Книга 2227;active;499;5;4;1
9785000022283;Книга 2228;active;349;6;5;2
9785000022290;Книга 2229;active;399;7;6;3
9785000022306;Книга 2230;paused;449;8;7;4
9785000022313;Книга 2231;active;499;9;8;5
9785000022320;Книга 2232;active;349;10;9;6
9785000022337;Книга 2233;active;399;0;10;0
9785000022344;Книга 2234;active;449;1;11;1
9785000022351;Книга 2235;active;499;2;12;2
9785000022368;Книга 2236;active;349;3;0;3
9785000022375;Книга 2237;active;399;4;1;4
9785000022382;Книга 2238;active;449;5;2;5
9785000022399;Книга 2239;active;499;6;3;6
9785000022405;Книга 2240;paused;349;7;4;0
9785000022412;Книга 2241;active;399;8;5;1
9785000022429;Книга 2242;active;449;9;6;2
9785000022436;Книга 2243;active;499;10;7;3
9785000022443;Книга 2244;active;349;0;8;4
9785000022450;Книга 2245;active;399;1;9;5
9785000022467;Книга 2246;active;449;2;10;6
9785000022474;Книга 2247;active;499;3;11;0
9785000022481;Книга 2248;active;349;4;12;1
9785000022498;Книга 2249;active;399;5;0;2
9785000022504;Книга 2250;paused;449;6;1;3
9785000022511;Книга 2251;active;499;7;2;4
9785000022528;Книга 2252;active;349;8;3;5
9785000022535;Книга 2253;active;399;9;4;6
9785000022542;Книга 2254;active;449;10;5;0
9785000022559;Книга 2255;active;499;0;6;1
9785000022566;Книга 2256;active;349;1;7;2
9785000022573;Книга 2257;active;399;2;8;3
9785000022580;Книга 2258;active;449;3;9;4
9785000022597;Книга 2259;active;499;4;10;5
9785000022603;Книга 2260;paused;349;5;11;6
9785000022610;Книга 2261;active;399;6;12;0
9785000022627;Книга 2262;active;449;7;0;1
9785000022634;Книга 2263;active;499;8;1;2
9785000022641;Книга 2264;active;349;9;2;3
9785000022658;Книга 2265;active;399;10;3;4
9785000022665;Книга 2266;active;449;0;4;5
9785000022672;Книга 2267;active;499;1;5;6
9785000022689;Книга 2268;active;349;2;6;0
9785000022696;Книга 2269;active;399;3;7;1
9785000022702;Книга 2270;paused;449;4;8;2
9785000022719;Книга 2271;active;499;5;9;3
9785000022726;Книга 2272;active;349;6;10;4
9785000022733;Книга 2273;active;399;7;11;5
9785000022740;Книга 2274;active;449;8;12;6
9785000022757;Книга 2275;active;499;9;0;0
9785000022764;Книга 2276;active;349;10;1;1
9785000022771;Книга 2277;active;399;0;2;2
9785000022788;Книга 2278;active;449;1;3;3
9785000022795;Книга 2279;active;499;2;4;4
9785000022801;Книга 2280;paused;349;3;5;5
9785000022818;Книга 2281;active;399;4;6;6
9785000022825;Книга 2282;active;449;5;7;0
9785000022832;Книга 2283;active;499;6;8;1
9785000022849;Книга 2284;active;349;7;9;2
9785000022856;Книга 2285;active;399;8;10;3
9785000022863;Книга 2286;active;449;9;11;4
9785000022870;Книга 2287;active;499;10;12;5
9785000022887;Книга 2288;active;349;0;0;6
9785000022894;Книга 2289;active;399;1;1;0
9785000022900;Книга 2290;paused;449;2;2;1
9785000022917;Книга 2291;active;499;3;3;2
9785000022924;Книга 2292;active;349;4;4;3
9785000022931;Книга 2293;active;399;5;5;4
9785000022948;Книга 2294;active;449;6;6;5
9785000022955;Книга 2295;active;499;7;7;6
9785000022962;Книга 2296;active;349;8;8;0
9785000022979;Книга 2297;active;399;9;9;1
9785000022986;Книга 2298;active;449;10;10;2
9785000022993;Книга 2299;active;499;0;11;3
9785000023006;Книга 2300;paused;349;1;12;4
9785000023013;Книга 2301;active;399;2;0;5
9785000023020;Книга 2302;active;449;3;1;6
9785000023037;Книга 2303;active;499;4;2;0
9785000023044;Книга 2304;active;349;5;3;1
9785000023051;Книга 2305;active;399;6;4;2
9785000023068;Книга 2306;active;449;7;5;3
9785000023075;Книга 2307;active;499;8;6;4
9785000023082;Книга 2308;active;349;9;7;5
9785000023099;Книга 2309;active;399;10;8;6
9785000023105;Книга 2310;paused;449;0;9;0
9785000023112;Книга 2311;active;499;1;10;1
9785000023129;Книга 2312;active;349;2;11;2
9785000023136;Книга 2313;active;399;3;12;3
9785000023143;Книга 2314;active;449;4;0;4
9785000023150;Книга 2315;active;499;5;1;5
9785000023167;Книга 2316;active;349;6;2;6
9785000023174;Книга 2317;active;399;7;3;0
9785000023181;Книга 2318;active;449;8;4;1
9785000023198;Книга 2319;active;499;9;5;2
9785000023204;Книга 2320;paused;349;10;6;3
9785000023211;Книга 2321;active;399;0;7;4
9785000023228;Книга 2322;active;449;1;8;5
9785000023235;Книга 2323;active;499;2;9;6
9785000023242;Книга 2324;active;349;3;10;0
9785000023259;Книга 2325;active;399;4;11;1
9785000023266;Книга 2326;active;449;5;12;2
9785000023273;Книга 2327;active;499;6;0;3
9785000023280;Книга 2328;active;349;7;1;4
9785000023297;Книга 2329;active;399;8;2;5
9785000023303;Книга 2330;paused;449;9;3;6
9785000023310;Книга 2331;active;499;10;4;0
9785000023327;Книга 2332;active;349;0;5;1
9785000023334;Книга 2333;active;399;1;6;2
9785000023341;Книга 2334;active;449;2;7;3
9785000023358;Книга 2335;active;499;3;8;4
9785000023365;Книга 2336;active;349;4;9;5
9785000023372;Книга 2337;active;399;5;10;6
9785000023389;Книга 2338;active;449;6;11;0
9785000023396;Книга 2339;active;499;7;12;1
9785000023402;Книга 2340;paused;349;8;0;2
9785000023419;Книга 2341;active;399;9;1;3
9785000023426;Книга 2342;active;449;10;2;4
9785000023433;Книга 2343;active;499;0;3;5
9785000023440;Книга 2344;active;349;1;4;6
9785000023457;Книга 2345;active;399;2;5;0
9785000023464;Книга 2346;active;449;3;6;1
9785000023471;Книга 2347;active;499;4;7;2
9785000023488;Книга 2348;active;349;5;8;3
9785000023495;Книга 2349;active;399;6;9;4
9785000023501;Книга 2350;paused;449;7;10;5
9785000023518;Книга 2351;active;499;8;11;6
9785000023525;Книга 2352;active;349;9;12;0
9785000023532;Книга 2353;active;399;10;0;1
9785000023549;Книга 2354;active;449;0;1;2
9785000023556;Книга 2355;active;499;1;2;3
9785000023563;Книга 2356;active;349;2;3;4
9785000023570;Книга 2357;active;399;3;4;5
9785000023587;Книга 2358;active;449;4;5;6
9785000023594;Книга 2359;active;499;5;6;0
9785000023600;Книга 2360;paused;349;6;7;1
9785000023617;Книга 2361;active;399;7;8;2
9785000023624;Книга 2362;active;449;8;9;3
9785000023631;Книга 2363;active;499;9;10;4
9785000023648;Книга 2364;active;349;10;11;5
9785000023655;Книга 2365;active;399;0;12;6
9785000023662;Книга 2366;active;449;1;0;0
9785000023679;Книга 2367;active;499;2;1;1
9785000023686;Книга 2368;active;349;3;2;2
9785000023693;Книга 2369;active;399;4;3;3
9785000023709;Книга 2370;paused;449;5;4;4
9785000023716;Книга 2371;active;499;6;5;5
9785000023723;Книга 2372;active;349;7;6;6
9785000023730;Книга 2373;active;399;8;7;0
9785000023747;Книга 2374;active;449;9;8;1
9785000023754;Книга 2375;active;499;10;9;2
9785000023761;Книга 2376;active;349;0;10;3
9785000023778;Книга 2377;active;399;1;11;4
9785000023785;Книга 2378;active;449;2;12;5
9785000023792;Книга 2379;active;499;3;0;6
9785000023808;Книга 2380;paused;349;4;1;0
9785000023815;Книга 2381;active;399;5;2;1
9785000023822;Книга 2382;active;449;6;3;2
9785000023839;Книга 2383;active;499;7;4;3
9785000023846;Книга 2384;active;349;8;5;4
9785000023853;Книга 2385;active;399;9;6;5
9785000023860;Книга 2386;active;449;10;7;6
9785000023877;Книга 2387;active;499;0;8;0
9785000023884;Книга 2388;active;349;1;9;1
9785000023891;Книга 2389;active;399;2;10;2
9785000023907;Книга 2390;paused;449;3;11;3
9785000023914;Книга 2391;active;499;4;12;4
9785000023921;Книга 2392;active;349;5;0;5
9785000023938;Книга 2393;active;399;6;1;6
9785000023945;Книга 2394;active;449;7;2;0
9785000023952;Книга 2395;active;499;8;3;1
9785000023969;Книга 2396;active;349;9;4;2
9785000023976;Книга 2397;active;399;10;5;3
9785000023983;Книга 2398;active;449;0;6;4
9785000023990;Книга 2399;active;499;1;7;5
9785000024003;Книга 2400;paused;349;2;8;6
9785000024010;Книга 2401;active;399;3;9;0
9785000024027;Книга 2402;active;449;4;10;1
9785000024034;Книга 2403;active;499;5;11;2
9785000024041;Книга 2404;active;349;6;12;3
9785000024058;Книга 2405;active;399;7;0;4
9785000024065;Книга 2406;active;449;8;1;5
9785000024072;Книга 2407;active;499;9;2;6
9785000024089;Книга 2408;active;349;10;3;0
9785000024096;Книга 2409;active;399;0;4;1
9785000024102;Книга 2410;paused;449;1;5;2
9785000024119;Книга 2411;active;499;2;6;3
9785000024126;Книга 2412;active;349;3;7;4
9785000024133;Книга 2413;active;399;4;8;5
9785000024140;Книга 2414;active;449;5;9;6
9785000024157;Книга 2415;active;499;6;10;0
9785000024164;Книга 2416;active;349;7;11;1
9785000024171;Книга 2417;active;399;8;12;2
9785000024188;Книга 2418;active;449;9;0;3
9785000024195;Книга 2419;active;499;10;1;4
9785000024201;Книга 2420;paused;349;0;2;5
9785000024218;Книга 2421;active;399;1;3;6
9785000024225;Книга 2422;active;449;2;4;0
9785000024232;Книга 2423;active;499;3;5;1
9785000024249;Книга 2424;active;349;4;6;2
9785000024256;Книга 2425;active;399;5;7;3
9785000024263;Книга 2426;active;449;6;8;4
9785000024270;Книга 2427;active;499;7;9;5
9785000024287;Книга 2428;active;349;8;10;6
9785000024294;Книга 2429;active;399;9;11;0
9785000024300;Книга 2430;paused;449;10;12;1
9785000024317;Книга 2431;active;499;0;0;2
9785000024324;Книга 2432;active;349;1;1;3
9785000024331;Книга 2433;active;399;2;2;4
9785000024348;Книга 2434;active;449;3;3;5
9785000024355;Книга 2435;active;499;4;4;6
9785000024362;Книга 2436;active;349;5;5;0
9785000024379;Книга 2437;active;399;6;6;1
9785000024386;Книга 2438;active;449;7;7;2
9785000024393;Книга 2439;active;499;8;8;3
9785000024409;Книга 2440;paused;349;9;9;4
9785000024416;Книга 2441;active;399;10;10;5
9785000024423;Книга 2442;active;449;0;11;6
9785000024430;Книга 2443;active;499;1;12;0
9785000024447;Книга 2444;active;349;2;0;1
9785000024454;Книга 2445;active;399;3;1;2
9785000024461;Книга 2446;active;449;4;2;3
9785000024478;Книга 2447;active;499;5;3;4
9785000024485;Книга 2448;active;349;6;4;5
9785000024492;Книга 2449;active;399;7;5;6
9785000024508;Книга 2450;paused;449;8;6;0
9785000024515;Книга 2451;active;499;9;7;1
9785000024522;Книга 2452;active;349;10;8;2
9785000024539;Книга 2453;active;399;0;9;3
9785000024546;Книга 2454;active;449;1;10;4
9785000024553;Книга 2455;active;499;2;11;5
9785000024560;Книга 2456;active;349;3;12;6
9785000024577;Книга 2457;active;399;4;0;0
9785000024584;Книга 2458;active;449;5;1;1
9785000024591;Книга 2459;active;499;6;2;2
9785000024607;Книга 2460;paused;349;7;3;3
9785000024614;Книга 2461;active;399;8;4;4
9785000024621;Книга 2462;active;449;9;5;5
9785000024638;Книга 2463;active;499;10;6;6
9785000024645;Книга 2464;active;349;0;7;0
9785000024652;Книга 2465;active;399;1;8;1
9785000024669;Книга 2466;active;449;2;9;2
9785000024676;Книга 2467;active;499;3;10;3
9785000024683;Книга 2468;active;349;4;11;4
9785000024690;Книга 2469;active;399;5;12;5
9785000024706;Книга 2470;paused;449;6;0;6
9785000024713;Книга 2471;active;499;7;1;0
9785000024720;Книга 2472;active;349;8;2;1
9785000024737;Книга 2473;active;399;9;3;2
9785000024744;Книга 2474;active;449;10;4;3
9785000024751;Книга 2475;active;499;0;5;4
9785000024768;Книга 2476;active;349;1;6;5
9785000024775;Книга 2477;active;399;2;7;6
9785000024782;Книга 2478;active;449;3;8;0
9785000024799;Книга 2479;active;499;4;9;1
9785000024805;Книга 2480;paused;349;5;10;2
9785000024812;Книга 2481;active;399;6;11;3
9785000024829;Книга 2482;active;449;7;12;4
9785000024836;Книга 2483;active;499;8;0;5
9785000024843;Книга 2484;active;349;9;1;6
9785000024850;Книга 2485;active;399;10;2;0
9785000024867;Книга 2486;active;449;0;3;1
9785000024874;Книга 2487;active;499;1;4;2
9785000024881;Книга 2488;active;349;2;5;3
9785000024898;Книга 2489;active;399;3;6;4
9785000024904;Книга 2490;paused;449;4;7;5
9785000024911;Книга 2491;active;499;5;8;6
9785000024928;Книга 2492;active;349;6;9;0
9785000024935;Книга 2493;active;399;7;10;1
9785000024942;Книга 2494;active;449;8;11;2
9785000024959;Книга 2495;active;499;9;12;3
9785000024966;Книга 2496;active;349;10;0;4
9785000024973;Книга 2497;active;399;0;1;5
9785000024980;Книга 2498;active;449;1;2;6
9785000024997;Книга 2499;active;499;2;3;0
9785000025000;Книга 2500;paused;349;3;4;1
9785000025017;Книга 2501;active;399;4;5;2
9785000025024;Книга 2502;active;449;5;6;3
9785000025031;Книга 2503;active;499;6;7;4
9785000025048;Книга 2504;active;349;7;8;5
9785000025055;Книга 2505;active;399;8;9;6
9785000025062;Книга 2506;active;449;9;10;0
9785000025079;Книга 2507;active;499;10;11;1
9785000025086;Книга 2508;active;349;0;12;2
9785000025093;Книга 2509;active;399;1;0;3
9785000025109;Книга 2510;paused;449;2;1;4
9785000025116;Книга 2511;active;499;3;2;5
9785000025123;Книга 2512;active;349;4;3;6
9785000025130;Книга 2513;active;399;5;4;0
9785000025147;Книга 2514;active;449;6;5;1
9785000025154;Книга 2515;active;499;7;6;2
9785000025161;Книга 2516;active;349;8;7;3
9785000025178;Книга 2517;active;399;9;8;4
9785000025185;Книга 2518;active;449;10;9;5
9785000025192;Книга 2519;active;499;0;10;6
9785000025208;Книга 2520;paused;349;1;11;0
9785000025215;Книга 2521;active;399;2;12;1
9785000025222;Книга 2522;active;449;3;0;2
9785000025239;Книга 2523;active;499;4;1;3
9785000025246;Книга 2524;active;349;5;2;4
9785000025253;Книга 2525;active;399;6;3;5
9785000025260;Книга 2526;active;449;7;4;6
9785000025277;Книга 2527;active;499;8;5;0
9785000025284;Книга 2528;active;349;9;6;1
9785000025291;Книга 2529;active;399;10;7;2
9785000025307;Книга 2530;paused;449;0;8;3
9785000025314;Книга 2531;active;499;1;9;4
9785000025321;Книга 2532;active;349;2;10;5
9785000025338;Книга 2533;active;399;3;11;6
9785000025345;Книга 2534;active;449;4;12;0
9785000025352;Книга 2535;active;499;5;0;1
9785000025369;Книга 2536;active;349;6;1;2
9785000025376;Книга 2537;active;399;7;2;3
9785000025383;Книга 2538;active;449;8;3;4
9785000025390;Книга 2539;active;499;9;4;5
9785000025406;Книга 2540;paused;349;10;5;6
9785000025413;Книга 2541;active;399;0;6;0
9785000025420;Книга 2542;active;449;1;7;1
9785000025437;Книга 2543;active;499;2;8;2
9785000025444;Книга 2544;active;349;3;9;3
9785000025451;Книга 2545;active;399;4;10;4
9785000025468;Книга 2546;active;449;5;11;5
9785000025475;Книга 2547;active;499;6;12;6
9785000025482;Книга 2548;active;349;7;0;0
9785000025499;Книга 2549;active;399;8;1;1
9785000025505;Книга 2550;paused;449;9;2;2
9785000025512;Книга 2551;active;499;10;3;3
9785000025529;Книга 2552;active;349;0;4;4
9785000025536;Книга 2553;active;399;1;5;5
9785000025543;Книга 2554;active;449;2;6;6
9785000025550;Книга 2555;active;499;3;7;0
9785000025567;Книга 2556;active;349;4;8;1
9785000025574;Книга 2557;active;399;5;9;2
9785000025581;Книга 2558;active;449;6;10;3
9785000025598;Книга 2559;active;499;7;11;4
9785000025604;Книга 2560;paused;349;8;12;5
9785000025611;Книга 2561;active;399;9;0;6
9785000025628;Книга 2562;active;449;10;1;0
9785000025635;Книга 2563;active;499;0;2;1
9785000025642;Книга 2564;active;349;1;3;2
9785000025659;Книга 2565;active;399;2;4;3
9785000025666;Книга 2566;active;449;3;5;4
9785000025673;Книга 2567;active;499;4;6;5
9785000025680;Книга 2568;active;349;5;7;6
9785000025697;Книга 2569;active;399;6;8;0
9785000025703;Книга 2570;paused;449;7;9;1
9785000025710;Книга 2571;active;499;8;10;2
9785000025727;Книга 2572;active;349;9;11;3
9785000025734;Книга 2573;active;399;10;12;4
9785000025741;Книга 2574;active;449;0;0;5
9785000025758;Книга 2575;active;499;1;1;6
9785000025765;Книга 2576;active;349;2;2;0
9785000025772;Книга 2577;active;399;3;3;1
9785000025789;Книга 2578;active;449;4;4;2
9785000025796;Книга 2579;active;499;5;5;3
9785000025802;Книга 2580;paused;349;6;6;4
9785000025819;Книга 2581;active;399;7;7;5
9785000025826;Книга 2582;active;449;8;8;6
9785000025833;Книга 2583;active;499;9;9;0
9785000025840;Книга 2584;active;349;10;10;1
9785000025857;Книга 2585;active;399;0;11;2
9785000025864;Книга 2586;active;449;1;12;3
9785000025871;Книга 2587;active;499;2;0;4
9785000025888;Книга 2588;active;349;3;1;5
9785000025895;Книга 2589;active;399;4;2;6
9785000025901;Книга 2590;paused;449;5;3;0
9785000025918;Книга 2591;active;499;6;4;1
9785000025925;Книга 2592;active;349;7;5;2
9785000025932;Книга 2593;active;399;8;6;3
9785000025949;Книга 2594;active;449;9;7;4
9785000025956;Книга 2595;active;499;10;8;5
9785000025963;Книга 2596;active;349;0;9;6
9785000025970;Книга 2597;active;399;1;10;0
9785000025987;Книга 2598;active;449;2;11;1
9785000025994;Книга 2599;active;499;3;12;2
9785000026007;Книга 2600;paused;349;4;0;3
9785000026014;Книга 2601;active;399;5;1;4
9785000026021;Книга 2602;active;449;6;2;5
9785000026038;Книга 2603;active;499;7;3;6
9785000026045;Книга 2604;active;349;8;4;0
9785000026052;Книга 2605;active;399;9;5;1
9785000026069;Книга 2606;active;449;10;6;2
9785000026076;Книга 2607;active;499;0;7;3
9785000026083;Книга 2608;active;349;1;8;4
9785000026090;Книга 2609;active;399;2;9;5
9785000026106;Книга 2610;paused;449;3;10;6
9785000026113;Книга 2611;active;499;4;11;0
9785000026120;Книга 2612;active;349;5;12;1
9785000026137;Книга 2613;active;399;6;0;2
9785000026144;Книга 2614;active;449;7;1;3
9785000026151;Книга 2615;active;499;8;2;4
9785000026168;Книга 2616;active;349;9;3;5
9785000026175;Книга 2617;active;399;10;4;6
9785000026182;Книга 2618;active;449;0;5;0
9785000026199;Книга 2619;active;499;1;6;1
9785000026205;Книга 2620;paused;349;2;7;2
9785000026212;Книга 2621;active;399;3;8;3
9785000026229;Книга 2622;active;449;4;9;4
9785000026236;Книга 2623;active;499;5;10;5
9785000026243;Книга 2624;active;349;6;11;6
9785000026250;Книга 2625;active;399;7;12;0
9785000026267;Книга 2626;active;449;8;0;1
9785000026274;Книга 2627;active;499;9;1;2
9785000026281;Книга 2628;active;349;10;2;3
9785000026298;Книга 2629;active;399;0;3;4
9785000026304;Книга 2630;paused;449;1;4;5
9785000026311;Книга 2631;active;499;2;5;6
9785000026328;Книга 2632;active;349;3;6;0
9785000026335;Книга 2633;active;399;4;7;1
9785000026342;Книга 2634;active;449;5;8;2
9785000026359;Книга 2635;active;499;6;9;3
9785000026366;Книга 2636;active;349;7;10;4
9785000026373;Книга 2637;active;399;8;11;5
9785000026380;Книга 2638;active;449;9;12;6
9785000026397;Книга 2639;active;499;10;0;0
9785000026403;Книга 2640;paused;349;0;1;1
9785000026410;Книга 2641;active;399;1;2;2
9785000026427;Книга 2642;active;449;2;3;3
9785000026434;Книга 2643;active;499;3;4;4
9785000026441;Книга 2644;active;349;4;5;5
9785000026458;Книга 2645;active;399;5;6;6
9785000026465;Книга 2646;active;449;6;7;0
9785000026472;Книга 2647;active;499;7;8;1
9785000026489;Книга 2648;active;349;8;9;2
9785000026496;Книга 2649;active;399;9;10;3
9785000026502;Книга 2650;paused;449;10;11;4
9785000026519;Книга 2651;active;499;0;12;5
9785000026526;Книга 2652;active;349;1;0;6
9785000026533;Книга 2653;active;399;2;1;0
9785000026540;Книга 2654;active;449;3;2;1
9785000026557;Книга 2655;active;499;4;3;2
9785000026564;Книга 2656;active;349;5;4;3
9785000026571;Книга 2657;active;399;6;5;4
9785000026588;Книга 2658;active;449;7;6;5
9785000026595;Книга 2659;active;499;8;7;6
9785000026601;Книга 2660;paused;349;9;8;0
9785000026618;Книга 2661;active;399;10;9;1
9785000026625;Книга 2662;active;449;0;10;2
9785000026632;Книга 2663;active;499;1;11;3
9785000026649;Книга 2664;active;349;2;12;4
9785000026656;Книга 2665;active;399;3;0;5
9785000026663;Книга 2666;active;449;4;1;6
9785000026670;Книга 2667;active;499;5;2;0
9785000026687;Книга 2668;active;349;6;3;1
9785000026694;Книга 2669;active;399;7;4;2
9785000026700;Книга 2670;paused;449;8;5;3
9785000026717;Книга 2671;active;499;9;6;4
9785000026724;Книга 2672;active;349;10;7;5
9785000026731;Книга 2673;active;399;0;8;6
9785000026748;Книга 2674;active;449;1;9;0
9785000026755;Книга 2675;active;499;2;10;1
9785000026762;Книга 2676;active;349;3;11;2
9785000026779;Книга 2677;active;399;4;12;3
9785000026786;Книга 2678;active;449;5;0;4
9785000026793;Книга 2679;active;499;6;1;5
9785000026809;Книга 2680;paused;349;7;2;6
9785000026816;Книга 2681;active;399;8;3;0
9785000026823;Книга 2682;active;449;9;4;1
9785000026830;Книга 2683;active;499;10;5;2
9785000026847;Книга 2684;active;349;0;6;3
9785000026854;Книга 2685;active;399;1;7;4
9785000026861;Книга 2686;active;449;2;8;5
9785000026878;Книга 2687;active;499;3;9;6
9785000026885;Книга 2688;active;349;4;10;0
9785000026892;Книга 2689;active;399;5;11;1
9785000026908;Книга 2690;paused;449;6;12;2
9785000026915;Книга 2691;active;499;7;0;3
9785000026922;Книга 2692;active;349;8;1;4
9785000026939;Книга 2693;active;399;9;2;5
9785000026946;Книга 2694;active;449;10;3;6
9785000026953;Книга 2695;active;499;0;4;0
9785000026960;Книга 2696;active;349;1;5;1
9785000026977;Книга 2697;active;399;2;6;2
9785000026984;Книга 2698;active;449;3;7;3
9785000026991;Книга 2699;active;499;4;8;4
9785000027004;Книга 2700;paused;349;5;9;5
9785000027011;Книга 2701;active;399;6;10;6
9785000027028;Книга 2702;active;449;7;11;0
9785000027035;Книга 2703;active;499;8;12;1
9785000027042;Книга 2704;active;349;9;0;2
9785000027059;Книга 2705;active;399;10;1;3
9785000027066;Книга 2706;active;449;0;2;4
9785000027073;Книга 2707;active;499;1;3;5
9785000027080;Книга 2708;active;349;2;4;6
9785000027097;Книга 2709;active;399;3;5;0
9785000027103;Книга 2710;paused;449;4;6;1
9785000027110;Книга 2711;active;499;5;7;2
9785000027127;Книга 2712;active;349;6;8;3
9785000027134;Книга 2713;active;399;7;9;4
9785000027141;Книга 2714;active;449;8;10;5
9785000027158;Книга 2715;active;499;9;11;6
9785000027165;Книга 2716;active;349;10;12;0
9785000027172;Книга 2717;active;399;0;0;1
9785000027189;Книга 2718;active;449;1;1;2
9785000027196;Книга 2719;active;499;2;2;3
9785000027202;Книга 2720;paused;349;3;3;4
9785000027219;Книга 2721;active;399;4;4;5
9785000027226;Книга 2722;active;449;5;5;6
9785000027233;Книга 2723;active;499;6;6;0
9785000027240;Книга 2724;active;349;7;7;1
9785000027257;Книга 2725;active;399;8;8;2
9785000027264;Книга 2726;active;449;9;9;3
9785000027271;Книга 2727;active;499;10;10;4
9785000027288;Книга 2728;active;349;0;11;5
9785000027295;Книга 2729;active;399;1;12;6
9785000027301;Книга 2730;paused;449;2;0;0
9785000027318;Книга 2731;active;499;3;1;1
9785000027325;Книга 2732;active;349;4;2;2
9785000027332;Книга 2733;active;399;5;3;3
9785000027349;Книга 2734;active;449;6;4;4
9785000027356;Книга 2735;active;499;7;5;5
9785000027363;Книга 2736;active;349;8;6;6
9785000027370;Книга 2737;active;399;9;7;0
9785000027387;Книга 2738;active;449;10;8;1
9785000027394;Книга 2739;active;499;0;9;2
9785000027400;Книга 2740;paused;349;1;10;3
9785000027417;Книга 2741;active;399;2;11;4
9785000027424;Книга 2742;active;449;3;12;5
9785000027431;Книга 2743;active;499;4;0;6
9785000027448;Книга 2744;active;349;5;1;0
9785000027455;Книга 2745;active;399;6;2;1
9785000027462;Книга 2746;active;449;7;3;2
9785000027479;Книга 2747;active;499;8;4;3
9785000027486;Книга 2748;active;349;9;5;4
9785000027493;Книга 2749;active;399;10;6;5
9785000027509;Книга 2750;paused;449;0;7;6
9785000027516;Книга 2751;active;499;1;8;0
9785000027523;Книга 2752;active;349;2;9;1
9785000027530;Книга 2753;active;399;3;10;2
9785000027547;Книга 2754;active;449;4;11;3
9785000027554;Книга 2755;active;499;5;12;4
9785000027561;Книга 2756;active;349;6;0;5
9785000027578;Книга 2757;active;399;7;1;6
9785000027585;Книга 2758;active;449;8;2;0
9785000027592;Книга 2759;active;499;9;3;1
9785000027608;Книга 2760;paused;349;10;4;2
9785000027615;Книга 2761;active;399;0;5;3
9785000027622;Книга 2762;active;449;1;6;4
9785000027639;Книга 2763;active;499;2;7;5
9785000027646;Книга 2764;active;349;3;8;6
9785000027653;Книга 2765;active;399;4;9;0
9785000027660;Книга 2766;active;449;5;10;1
9785000027677;Книга 2767;active;499;6;11;2
9785000027684;Книга 2768;active;349;7;12;3
9785000027691;Книга 2769;active;399;8;0;4
9785000027707;Книга 2770;paused;449;9;1;5
9785000027714;Книга 2771;active;499;10;2;6
9785000027721;Книга 2772;active;349;0;3;0
9785000027738;Книга 2773;active;399;1;4;1
9785000027745;Книга 2774;active;449;2;5;2
9785000027752;Книга 2775;active;499;3;6;3
9785000027769;Книга 2776;active;349;4;7;4
9785000027776;Книга 2777;active;399;5;8;5
9785000027783;Книга 2778;active;449;6;9;6
9785000027790;Книга 2779;active;499;7;10;0
9785000027806;Книга 2780;paused;349;8;11;1
9785000027813;Книга 2781;active;399;9;12;2
9785000027820;Книга 2782;active;449;10;0;3
9785000027837;Книга 2783;active;499;0;1;4
9785000027844;Книга 2784;active;349;1;2;5
9785000027851;Книга 2785;active;399;2;3;6
9785000027868;Книга 2786;active;449;3;4;0
9785000027875;Книга 2787;active;499;4;5;1
9785000027882;Книга 2788;active;349;5;6;2
9785000027899;Книга 2789;active;399;6;7;3
9785000027905;Книга 2790;paused;449;7;8;4
9785000027912;Книга 2791;active;499;8;9;5
9785000027929;Книга 2792;active;349;9;10;6
9785000027936;Книга 2793;active;399;10;11;0
9785000027943;Книга 2794;active;449;0;12;1
9785000027950;Книга 2795;active;499;1;0;2
9785000027967;Книга 2796;active;349;2;1;3
9785000027974;Книга 2797;active;399;3;2;4
9785000027981;Книга 2798;active;449;4;3;5
9785000027998;Книга 2799;active;499;5;4;6
9785000028001;Книга 2800;paused;349;6;5;0
9785000028018;Книга 2801;active;399;7;6;1
9785000028025;Книга 2802;active;449;8;7;2
9785000028032;Книга 2803;active;499;9;8;3
9785000028049;Книга 2804;active;349;10;9;4
9785000028056;Книга 2805;active;399;0;10;5
9785000028063;Книга 2806;active;449;1;11;6
9785000028070;Книга 2807;active;499;2;12;0
9785000028087;Книга 2808;active;349;3;0;1
9785000028094;Книга 2809;active;399;4;1;2
9785000028100;Книга 2810;paused;449;5;2;3
9785000028117;Книга 2811;active;499;6;3;4
9785000028124;Книга 2812;active;349;7;4;5
9785000028131;Книга 2813;active;399;8;5;6
9785000028148;Книга 2814;active;449;9;6;0
9785000028155;Книга 2815;active;499;10;7;1
9785000028162;Книга 2816;active;349;0;8;2
9785000028179;Книга 2817;active;399;1;9;3
9785000028186;Книга 2818;active;449;2;10;4
9785000028193;Книга 2819;active;499;3;11;5
9785000028209;Книга 2820;paused;349;4;12;6
9785000028216;Книга 2821;active;399;5;0;0
9785000028223;Книга 2822;active;449;6;1;1
9785000028230;Книга 2823;active;499;7;2;2
9785000028247;Книга 2824;active;349;8;3;3
9785000028254;Книга 2825;active;399;9;4;4
9785000028261;Книга 2826;active;449;10;5;5
9785000028278;Книга 2827;active;499;0;6;6
9785000028285;Книга 2828;active;349;1;7;0
9785000028292;Книга 2829;active;399;2;8;1
9785000028308;Книга 2830;paused;449;3;9;2
9785000028315;Книга 2831;active;499;4;10;3
9785000028322;Книга 2832;active;349;5;11;4
9785000028339;Книга 2833;active;399;6;12;5
9785000028346;Книга 2834;active;449;7;0;6
9785000028353;Книга 2835;active;499;8;1;0
9785000028360;Книга 2836;active;349;9;2;1
9785000028377;Книга 2837;active;399;10;3;2
9785000028384;Книга 2838;active;449;0;4;3
9785000028391;Книга 2839;active;499;1;5;4
9785000028407;Книга 2840;paused;349;2;6;5
9785000028414;Книга 2841;active;399;3;7;6
9785000028421;Книга 2842;active;449;4;8;0
9785000028438;Книга 2843;active;499;5;9;1
9785000028445;Книга 2844;active;349;6;10;2
9785000028452;Книга 2845;active;399;7;11;3
9785000028469;Книга 2846;active;449;8;12;4
9785000028476;Книга 2847;active;499;9;0;5
9785000028483;Книга 2848;active;349;10;1;6
9785000028490;Книга 2849;active;399;0;2;0
9785000028506;Книга 2850;paused;449;1;3;1
9785000028513;Книга 2851;active;499;2;4;2
9785000028520;Книга 2852;active;349;3;5;3
9785000028537;Книга 2853;active;399;4;6;4
9785000028544;Книга 2854;active;449;5;7;5
9785000028551;Книга 2855;active;499;6;8;6
9785000028568;Книга 2856;active;349;7;9;0
9785000028575;Книга 2857;active;399;8;10;1
9785000028582;Книга 2858;active;449;9;11;2
9785000028599;Книга 2859;active;499;10;12;3
9785000028605;Книга 2860;paused;349;0;0;4
9785000028612;Книга 2861;active;399;1;1;5
9785000028629;Книга 2862;active;449;2;2;6
9785000028636;Книга 2863;active;499;3;3;0
9785000028643;Книга 2864;active;349;4;4;1
9785000028650;Книга 2865;active;399;5;5;2
9785000028667;Книга 2866;active;449;6;6;3
9785000028674;Книга 2867;active;499;7;7;4
9785000028681;Книга 2868;active;349;8;8;5
9785000028698;Книга 2869;active;399;9;9;6
9785000028704;Книга 2870;paused;449;10;10;0
9785000028711;Книга 2871;active;499;0;11;1
9785000028728;Книга 2872;active;349;1;12;2
9785000028735;Книга 2873;active;399;2;0;3
9785000028742;Книга 2874;active;449;3;1;4
9785000028759;Книга 2875;active;499;4;2;5
9785000028766;Книга 2876;active;349;5;3;6
9785000028773;Книга 2877;active;399;6;4;0
9785000028780;Книга 2878;active;449;7;5;1
9785000028797;Книга 2879;active;499;8;6;2
9785000028803;Книга 2880;paused;349;9;7;3
9785000028810;Книга 2881;active;399;10;8;4
9785000028827;Книга 2882;active;449;0;9;5
9785000028834;Книга 2883;active;499;1;10;6
9785000028841;Книга 2884;active;349;2;11;0
9785000028858;Книга 2885;active;399;3;12;1
9785000028865;Книга 2886;active;449;4;0;2
9785000028872;Книга 2887;active;499;5;1;3
9785000028889;Книга 2888;active;349;6;2;4
9785000028896;Книга 2889;active;399;7;3;5
9785000028902;Книга 2890;paused;449;8;4;6
9785000028919;Книга 2891;active;499;9;5;0
9785000028926;Книга 2892;active;349;10;6;1
9785000028933;Книга 2893;active;399;0;7;2
9785000028940;Книга 2894;active;449;1;8;3
9785000028957;Книга 2895;active;499;2;9;4
9785000028964;Книга 2896;active;349;3;10;5
9785000028971;Книга 2897;active;399;4;11;6
9785000028988;Книга 2898;active;449;5;12;0
9785000028995;Книга 2899;active;499;6;0;1
9785000029008;Книга 2900;paused;349;7;1;2
9785000029015;Книга 2901;active;399;8;2;3
9785000029022;Книга 2902;active;449;9;3;4
9785000029039;Книга 2903;active;499;10;4;5
9785000029046;Книга 2904;active;349;0;5;6
9785000029053;Книга 2905;active;399;1;6;0
9785000029060;Книга 2906;active;449;2;7;1
9785000029077;Книга 2907;active;499;3;8;2
9785000029084;Книга 2908;active;349;4;9;3
9785000029091;Книга 2909;active;399;5;10;4
9785000029107;Книга 2910;paused;449;6;11;5
9785000029114;Книга 2911;active;499;7;12;6
9785000029121;Книга 2912;active;349;8;0;0
9785000029138;Книга 2913;active;399;9;1;1
9785000029145;Книга 2914;active;449;10;2;2
9785000029152;Книга 2915;active;499;0;3;3
9785000029169;Книга 2916;active;349;1;4;4
9785000029176;Книга 2917;active;399;2;5;5
9785000029183;Книга 2918;active;449;3;6;6
9785000029190;Книга 2919;active;499;4;7;0
9785000029206;Книга 2920;paused;349;5;8;1
9785000029213;Книга 2921;active;399;6;9;2
9785000029220;Книга 2922;active;449;7;10;3
9785000029237;Книга 2923;active;499;8;11;4
9785000029244;Книга 2924;active;349;9;12;5
9785000029251;Книга 2925;active;399;10;0;6
9785000029268;Книга 2926;active;449;0;1;0
9785000029275;Книга 2927;active;499;1;2;1
9785000029282;Книга 2928;active;349;2;3;2
9785000029299;Книга 2929;active;399;3;4;3
9785000029305;Книга 2930;paused;449;4;5;4
9785000029312;Книга 2931;active;499;5;6;5
9785000029329;Книга 2932;active;349;6;7;6
9785000029336;Книга 2933;active;399;7;8;0
9785000029343;Книга 2934;active;449;8;9;1
9785000029350;Книга 2935;active;499;9;10;2
9785000029367;Книга 2936;active;349;10;11;3
9785000029374;Книга 2937;active;399;0;12;4
9785000029381;Книга 2938;active;449;1;0;5
9785000029398;Книга 2939;active;499;2;1;6
9785000029404;Книга 2940;paused;349;3;2;0
9785000029411;Книга 2941;active;399;4;3;1
9785000029428;Книга 2942;active;449;5;4;2
9785000029435;Книга 2943;active;499;6;5;3
9785000029442;Книга 2944;active;349;7;6;4
9785000029459;Книга 2945;active;399;8;7;5
9785000029466;Книга 2946;active;449;9;8;6
9785000029473;Книга 2947;active;499;10;9;0
9785000029480;Книга 2948;active;349;0;10;1
9785000029497;Книга 2949;active;399;1;11;2
9785000029503;Книга 2950;paused;449;2;12;3
9785000029510;Книга 2951;active;499;3;0;4
9785000029527;Книга 2952;active;349;4;1;5
9785000029534;Книга 2953;active;399;5;2;6
9785000029541;Книга 2954;active;449;6;3;0
9785000029558;Книга 2955;active;499;7;4;1
9785000029565;Книга 2956;active;349;8;5;2
9785000029572;Книга 2957;active;399;9;6;3
9785000029589;Книга 2958;active;449;10;7;4
9785000029596;Книга 2959;active;499;0;8;5
9785000029602;Книга 2960;paused;349;1;9;6
9785000029619;Книга 2961;active;399;2;10;0
9785000029626;Книга 2962;active;449;3;11;1
9785000029633;Книга 2963;active;499;4;12;2
9785000029640;Книга 2964;active;349;5;0;3
9785000029657;Книга 2965;active;399;6;1;4
9785000029664;Книга 2966;active;449;7;2;5
9785000029671;Книга 2967;active;499;8;3;6
9785000029688;Книга 2968;active;349;9;4;0
9785000029695;Книга 2969;active;399;10;5;1
9785000029701;Книга 2970;paused;449;0;6;2
9785000029718;Книга 2971;active;499;1;7;3
9785000029725;Книга 2972;active;349;2;8;4
9785000029732;Книга 2973;active;399;3;9;5
9785000029749;Книга 2974;active;449;4;10;6
9785000029756;Книга 2975;active;499;5;11;0
9785000029763;Книга 2976;active;349;6;12;1
9785000029770;Книга 2977;active;399;7;0;2
9785000029787;Книга 2978;active;449;8;1;3
9785000029794;Книга 2979;active;499;9;2;4
9785000029800;Книга 2980;paused;349;10;3;5
9785000029817;Книга 2981;active;399;0;4;6
9785000029824;Книга 2982;active;449;1;5;0
9785000029831;Книга 2983;active;499;2;6;1
9785000029848;Книга 2984;active;349;3;7;2
9785000029855;Книга 2985;active;399;4;8;3
9785000029862;Книга 2986;active;449;5;9;4
9785000029879;Книга 2987;active;499;6;10;5
9785000029886;Книга 2988;active;349;7;11;6
9785000029893;Книга 2989;active;399;8;12;0
9785000029909;Книга 2990;paused;449;9;0;1
9785000029916;Книга 2991;active;499;10;1;2
9785000029923;Книга 2992;active;349;0;2;3
9785000029930;Книга 2993;active;399;1;3;4
9785000029947;Книга 2994;active;449;2;4;5
9785000029954;Книга 2995;active;499;3;5;6
9785000029961;Книга 2996;active;349;4;6;0
9785000029978;Книга 2997;active;399;5;7;1
9785000029985;Книга 2998;active;449;6;8;2
9785000029992;Книга 2999;active;499;7;9;3
9785000030004;Книга 3000;paused;349;8;10;4
9785000030011;Книга 3001;active;399;9;11;5
9785000030028;Книга 3002;active;449;10;12;6
9785000030035;Книга 3003;active;499;0;0;0
9785000030042;Книга 3004;active;349;1;1;1
9785000030059;Книга 3005;active;399;2;2;2
9785000030066;Книга 3006;active;449;3;3;3
9785000030073;Книга 3007;active;499;4;4;4
9785000030080;Книга 3008;active;349;5;5;5
9785000030097;Книга 3009;active;399;6;6;6
9785000030103;Книга 3010;paused;449;7;7;0
9785000030110;Книга 3011;active;499;8;8;1
9785000030127;Книга 3012;active;349;9;9;2
9785000030134;Книга 3013;active;399;10;10;3
9785000030141;Книга 3014;active;449;0;11;4
9785000030158;Книга 3015;active;499;1;12;5
9785000030165;Книга 3016;active;349;2;0;6
9785000030172;Книга 3017;active;399;3;1;0
9785000030189;Книга 3018;active;449;4;2;1
9785000030196;Книга 3019;active;499;5;3;2
9785000030202;Книга 3020;paused;349;6;4;3
9785000030219;Книга 3021;active;399;7;5;4
9785000030226;Книга 3022;active;449;8;6;5
9785000030233;Книга 3023;active;499;9;7;6
9785000030240;Книга 3024;active;349;10;8;0
9785000030257;Книга 3025;active;399;0;9;1
9785000030264;Книга 3026;active;449;1;10;2
9785000030271;Книга 3027;active;499;2;11;3
9785000030288;Книга 3028;active;349;3;12;4
9785000030295;Книга 3029;active;399;4;0;5
9785000030301;Книга 3030;paused;449;5;1;6
9785000030318;Книга 3031;active;499;6;2;0
9785000030325;Книга 3032;active;349;7;3;1
9785000030332;Книга 3033;active;399;8;4;2
9785000030349;Книга 3034;active;449;9;5;3
9785000030356;Книга 3035;active;499;10;6;4
9785000030363;Книга 3036;active;349;0;7;5
9785000030370;Книга 3037;active;399;1;8;6
9785000030387;Книга 3038;active;449;2;9;0
9785000030394;Книга 3039;active;499;3;10;1
9785000030400;Книга 3040;paused;349;4;11;2
9785000030417;Книга 3041;active;399;5;12;3
9785000030424;Книга 3042;active;449;6;0;4
9785000030431;Книга 3043;active;499;7;1;5
9785000030448;Книга 3044;active;349;8;2;6
9785000030455;Книга 3045;active;399;9;3;0
9785000030462;Книга 3046;active;449;10;4;1
9785000030479;Книга 3047;active;499;0;5;2
9785000030486;Книга 3048;active;349;1;6;3
9785000030493;Книга 3049;active;399;2;7;4
9785000030509;Книга 3050;paused;449;3;8;5
9785000030516;Книга 3051;active;499;4;9;6
9785000030523;Книга 3052;active;349;5;10;0
9785000030530;Книга 3053;active;399;6;11;1
9785000030547;Книга 3054;active;449;7;12;2
9785000030554;Книга 3055;active;499;8;0;3
9785000030561;Книга 3056;active;349;9;1;4
9785000030578;Книга 3057;active;399;10;2;5
9785000030585;Книга 3058;active;449;0;3;6
9785000030592;Книга 3059;active;499;1;4;0
9785000030608;Книга 3060;paused;349;2;5;1
9785000030615;Книга 3061;active;399;3;6;2
9785000030622;Книга 3062;active;449;4;7;3
9785000030639;Книга 3063;active;499;5;8;4
9785000030646;Книга 3064;active;349;6;9;5
9785000030653;Книга 3065;active;399;7;10;6
9785000030660;Книга 3066;active;449;8;11;0
9785000030677;Книга 3067;active;499;9;12;1
9785000030684;Книга 3068;active;349;10;0;2
9785000030691;Книга 3069;active;399;0;1;3
9785000030707;Книга 3070;paused;449;1;2;4
9785000030714;Книга 3071;active;499;2;3;5
9785000030721;Книга 3072;active;349;3;4;6
9785000030738;Книга 3073;active;399;4;5;0
9785000030745;Книга 3074;active;449;5;6;1
9785000030752;Книга 3075;active;499;6;7;2
9785000030769;Книга 3076;active;349;7;8;3
9785000030776;Книга 3077;active;399;8;9;4
9785000030783;Книга 3078;active;449;9;10;5
9785000030790;Книга 3079;active;499;10;11;6
9785000030806;Книга 3080;paused;349;0;12;0
9785000030813;Книга 3081;active;399;1;0;1
9785000030820;Книга 3082;active;449;2;1;2
9785000030837;Книга 3083;active;499;3;2;3
9785000030844;Книга 3084;active;349;4;3;4
9785000030851;Книга 3085;active;399;5;4;5
9785000030868;Книга 3086;active;449;6;5;6
9785000030875;Книга 3087;active;499;7;6;0
9785000030882;Книга 3088;active;349;8;7;1
9785000030899;Книга 3089;active;399;9;8;2
9785000030905;Книга 3090;paused;449;10;9;3
9785000030912;Книга 3091;active;499;0;10;4
9785000030929;Книга 3092;active;349;1;11;5
9785000030936;Книга 3093;active;399;2;12;6
9785000030943;Книга 3094;active;449;3;0;0
9785000030950;Книга 3095;active;499;4;1;1
9785000030967;Книга 3096;active;349;5;2;2
9785000030974;Книга 3097;active;399;6;3;3
9785000030981;Книга 3098;active;449;7;4;4
9785000030998;Книга 3099;active;499;8;5;5
9785000031001;Книга 3100;paused;349;9;6;6
9785000031018;Книга 3101;active;399;10;7;0
9785000031025;Книга 3102;active;449;0;8;1
9785000031032;Книга 3103;active;499;1;9;2
9785000031049;Книга 3104;active;349;2;10;3
9785000031056;Книга 3105;active;399;3;11;4
9785000031063;Книга 3106;active;449;4;12;5
9785000031070;Книга 3107;active;499;5;0;6
9785000031087;Книга 3108;active;349;6;1;0
9785000031094;Книга 3109;active;399;7;2;1
9785000031100;Книга 3110;paused;449;8;3;2
9785000031117;Книга 3111;active;499;9;4;3
9785000031124;Книга 3112;active;349;10;5;4
9785000031131;Книга 3113;active;399;0;6;5
9785000031148;Книга 3114;active;449;1;7;6
9785000031155;Книга 3115;active;499;2;8;0
9785000031162;Книга 3116;active;349;3;9;1
9785000031179;Книга 3117;active;399;4;10;2
9785000031186;Книга 3118;active;449;5;11;3
9785000031193;Книга 3119;active;499;6;12;4
9785000031209;Книга 3120;paused;349;7;0;5
9785000031216;Книга 3121;active;399;8;1;6
9785000031223;Книга 3122;active;449;9;2;0
9785000031230;Книга 3123;active;499;10;3;1
9785000031247;Книга 3124;active;349;0;4;2
9785000031254;Книга 3125;active;399;1;5;3
9785000031261;Книга 3126;active;449;2;6;4
9785000031278;Книга 3127;active;499;3;7;5
9785000031285;Книга 3128;active;349;4;8;6
9785000031292;Книга 3129;active;399;5;9;0
9785000031308;Книга 3130;paused;449;6;10;1
9785000031315;Книга 3131;active;499;7;11;2
9785000031322;Книга 3132;active;349;8;12;3
9785000031339;Книга 3133;active;399;9;0;4
9785000031346;Книга 3134;active;449;10;1;5
9785000031353;Книга 3135;active;499;0;2;6
9785000031360;Книга 3136;active;349;1;3;0
9785000031377;Книга 3137;active;399;2;4;1
9785000031384;Книга 3138;active;449;3;5;2
9785000031391;Книга 3139;active;499;4;6;3
9785000031407;Книга 3140;paused;349;5;7;4
9785000031414;Книга 3141;active;399;6;8;5
9785000031421;Книга 3142;active;449;7;9;6
9785000031438;Книга 3143;active;499;8;10;0
9785000031445;Книга 3144;active;349;9;11;1
9785000031452;Книга 3145;active;399;10;12;2
9785000031469;Книга 3146;active;449;0;0;3
9785000031476;Книга 3147;active;499;1;1;4
9785000031483;Книга 3148;active;349;2;2;5
9785000031490;Книга 3149;active;399;3;3;6
9785000031506;Книга 3150;paused;449;4;4;0
9785000031513;Книга 3151;active;499;5;5;1
9785000031520;Книга 3152;active;349;6;6;2
9785000031537;Книга 3153;active;399;7;7;3
9785000031544;Книга 3154;active;449;8;8;4
9785000031551;Книга 3155;active;499;9;9;5
9785000031568;Книга 3156;active;349;10;10;6
9785000031575;Книга 3157;active;399;0;11;0
9785000031582;Книга 3158;active;449;1;12;1
9785000031599;Книга 3159;active;499;2;0;2
9785000031605;Книга 3160;paused;349;3;1;3
9785000031612;Книга 3161;active;399;4;2;4
9785000031629;Книга 3162;active;449;5;3;5
9785000031636;Книга 3163;active;499;6;4;6
9785000031643;Книга 3164;active;349;7;5;0
9785000031650;Книга 3165;active;399;8;6;1
9785000031667;Книга 3166;active;449;9;7;2
9785000031674;Книга 3167;active;499;10;8;3
9785000031681;Книга 3168;active;349;0;9;4
9785000031698;Книга 3169;active;399;1;10;5
9785000031704;Книга 3170;paused;449;2;11;6
9785000031711;Книга 3171;active;499;3;12;0
9785000031728;Книга 3172;active;349;4;0;1
9785000031735;Книга 3173;active;399;5;1;2
9785000031742;Книга 3174;active;449;6;2;3
9785000031759;Книга 3175;active;499;7;3;4
9785000031766;Книга 3176;active;349;8;4;5
9785000031773;Книга 3177;active;399;9;5;6
9785000031780;Книга 3178;active;449;10;6;0
9785000031797;Книга 3179;active;499;0;7;1
9785000031803;Книга 3180;paused;349;1;8;2
9785000031810;Книга 3181;active;399;2;9;3
9785000031827;Книга 3182;active;449;3;10;4
9785000031834;Книга 3183;active;499;4;11;5
9785000031841;Книга 3184;active;349;5;12;6
9785000031858;Книга 3185;active;399;6;0;0
9785000031865;Книга 3186;active;449;7;1;1
9785000031872;Книга 3187;active;499;8;2;2
9785000031889;Книга 3188;active;349;9;3;3
9785000031896;Книга 3189;active;399;10;4;4
9785000031902;Книга 3190;paused;449;0;5;5
9785000031919;Книга 3191;active;499;1;6;6
9785000031926;Книга 3192;active;349;2;7;0
9785000031933;Книга 3193;active;399;3;8;1
9785000031940;Книга 3194;active;449;4;9;2
9785000031957;Книга 3195;active;499;5;10;3
9785000031964;Книга 3196;active;349;6;11;4
9785000031971;Книга 3197;active;399;7;12;5
9785000031988;Книга 3198;active;449;8;0;6
9785000031995;Книга 3199;active;499;9;1;0
9785000032008;Книга 3200;paused;349;10;2;1
9785000032015;Книга 3201;active;399;0;3;2
9785000032022;Книга 3202;active;449;1;4;3
9785000032039;Книга 3203;active;499;2;5;4
9785000032046;Книга 3204;active;349;3;6;5
9785000032053;Книга 3205;active;399;4;7;6
9785000032060;Книга 3206;active;449;5;8;0
9785000032077;Книга 3207;active;499;6;9;1
9785000032084;Книга 3208;active;349;7;10;2
9785000032091;Книга 3209;active;399;8;11;3
9785000032107;Книга 3210;paused;449;9;12;4
9785000032114;Книга 3211;active;499;10;0;5
9785000032121;Книга 3212;active;349;0;1;6
9785000032138;Книга 3213;active;399;1;2;0
9785000032145;Книга 3214;active;449;2;3;1
9785000032152;Книга 3215;active;499;3;4;2
9785000032169;Книга 3216;active;349;4;5;3
9785000032176;Книга 3217;active;399;5;6;4
9785000032183;Книга 3218;active;449;6;7;5
9785000032190;Книга 3219;active;499;7;8;6
9785000032206;Книга 3220;paused;349;8;9;0
9785000032213;Книга 3221;active;399;9;10;1
9785000032220;Книга 3222;active;449;10;11;2
9785000032237;Книга 3223;active;499;0;12;3
9785000032244;Книга 3224;active;349;1;0;4
9785000032251;Книга 3225;active;399;2;1;5
9785000032268;Книга 3226;active;449;3;2;6
9785000032275;Книга 3227;active;499;4;3;0
9785000032282;Книга 3228;active;349;5;4;1
9785000032299;Книга 3229;active;399;6;5;2
9785000032305;Книга 3230;paused;449;7;6;3
9785000032312;Книга 3231;active;499;8;7;4
9785000032329;Книга 3232;active;349;9;8;5
9785000032336;Книга 3233;active;399;10;9;6
9785000032343;Книга 3234;active;449;0;10;0
9785000032350;Книга 3235;active;499;1;11;1
9785000032367;Книга 3236;active;349;2;12;2
9785000032374;Книга 3237;active;399;3;0;3
9785000032381;Книга 3238;active;449;4;1;4
9785000032398;Книга 3239;active;499;5;2;5
9785000032404;Книга 3240;paused;349;6;3;6
9785000032411;Книга 3241;active;399;7;4;0
9785000032428;Книга 3242;active;449;8;5;1
9785000032435;Книга 3243;active;499;9;6;2
9785000032442;Книга 3244;active;349;10;7;3
9785000032459;Книга 3245;active;399;0;8;4
9785000032466;Книга 3246;active;449;1;9;5
9785000032473;Книга 3247;active;499;2;10;6
9785000032480;Книга 3248;active;349;3;11;0
9785000032497;Книга 3249;active;399;4;12;1
9785000032503;Книга 3250;paused;449;5;0;2
9785000032510;Книга 3251;active;499;6;1;3
9785000032527;Книга 3252;active;349;7;2;4
9785000032534;Книга 3253;active;399;8;3;5
9785000032541;Книга 3254;active;449;9;4;6
9785000032558;Книга 3255;active;499;10;5;0
9785000032565;Книга 3256;active;349;0;6;1
9785000032572;Книга 3257;active;399;1;7;2
9785000032589;Книга 3258;active;449;2;8;3
9785000032596;Книга 3259;active;499;3;9;4
9785000032602;Книга 3260;paused;349;4;10;5
9785000032619;Книга 3261;active;399;5;11;6
9785000032626;Книга 3262;active;449;6;12;0
9785000032633;Книга 3263;active;499;7;0;1
9785000032640;Книга 3264;active;349;8;1;2
9785000032657;Книга 3265;active;399;9;2;3
9785000032664;Книга 3266;active;449;10;3;4
9785000032671;Книга 3267;active;499;0;4;5
9785000032688;Книга 3268;active;349;1;5;6
9785000032695;Книга 3269;active;399;2;6;0
9785000032701;Книга 3270;paused;449;3;7;1
9785000032718;Книга 3271;active;499;4;8;2
9785000032725;Книга 3272;active;349;5;9;3
9785000032732;Книга 3273;active;399;6;10;4
9785000032749;Книга 3274;active;449;7;11;5
9785000032756;Книга 3275;active;499;8;12;6
9785000032763;Книга 3276;active;349;9;0;0
9785000032770;Книга 3277;active;399;10;1;1
9785000032787;Книга 3278;active;449;0;2;2
9785000032794;Книга 3279;active;499;1;3;3
9785000032800;Книга 3280;paused;349;2;4;4
9785000032817;Книга 3281;active;399;3;5;5
9785000032824;Книга 3282;active;449;4;6;6
9785000032831;Книга 3283;active;499;5;7;0
9785000032848;Книга 3284;active;349;6;8;1
9785000032855;Книга 3285;active;399;7;9;2
9785000032862;Книга 3286;active;449;8;10;3
9785000032879;Книга 3287;active;499;9;11;4
9785000032886;Книга 3288;active;349;10;12;5
9785000032893;Книга 3289;active;399;0;0;6
9785000032909;Книга 3290;paused;449;1;1;0
9785000032916;Книга 3291;active;499;2;2;1
9785000032923;Книга 3292;active;349;3;3;2
9785000032930;Книга 3293;active;399;4;4;3
9785000032947;Книга 3294;active;449;5;5;4
9785000032954;Книга 3295;active;499;6;6;5
9785000032961;Книга 3296;active;349;7;7;6
9785000032978;Книга 3297;active;399;8;8;0
9785000032985;Книга 3298;active;449;9;9;1
9785000032992;Книга 3299;active;499;10;10;2
9785000033005;Книга 3300;paused;349;0;11;3
9785000033012;Книга 3301;active;399;1;12;4
9785000033029;Книга 3302;active;449;2;0;5
9785000033036;Книга 3303;active;499;3;1;6
9785000033043;Книга 3304;active;349;4;2;0
9785000033050;Книга 3305;active;399;5;3;1
9785000033067;Книга 3306;active;449;6;4;2
9785000033074;Книга 3307;active;499;7;5;3
9785000033081;Книга 3308;active;349;8;6;4
9785000033098;Книга 3309;active;399;9;7;5
9785000033104;Книга 3310;paused;449;10;8;6
9785000033111;Книга 3311;active;499;0;9;0
9785000033128;Книга 3312;active;349;1;10;1
9785000033135;Книга 3313;active;399;2;11;2
9785000033142;Книга 3314;active;449;3;12;3
9785000033159;Книга 3315;active;499;4;0;4
9785000033166;Книга 3316;active;349;5;1;5
9785000033173;Книга 3317;active;399;6;2;6
9785000033180;Книга 3318;active;449;7;3;0
9785000033197;Книга 3319;active;499;8;4;1
9785000033203;Книга 3320;paused;349;9;5;2
9785000033210;Книга 3321;active;399;10;6;3
9785000033227;Книга 3322;active;449;0;7;4
9785000033234;Книга 3323;active;499;1;8;5
9785000033241;Книга 3324;active;349;2;9;6
9785000033258;Книга 3325;active;399;3;10;0
9785000033265;Книга 3326;active;449;4;11;1
9785000033272;Книга 3327;active;499;5;12;2
9785000033289;Книга 3328;active;349;6;0;3
9785000033296;Книга 3329;active;399;7;1;4
9785000033302;Книга 3330;paused;449;8;2;5
9785000033319;Книга 3331;active;499;9;3;6
9785000033326;Книга 3332;active;349;10;4;0
9785000033333;Книга 3333;active;399;0;5;1
9785000033340;Книга 3334;active;449;1;6;2
9785000033357;Книга 3335;active;499;2;7;3
9785000033364;Книга 3336;active;349;3;8;4
9785000033371;Книга 3337;active;399;4;9;5
9785000033388;Книга 3338;active;449;5;10;6
9785000033395;Книга 3339;active;499;6;11;0
9785000033401;Книга 3340;paused;349;7;12;1
9785000033418;Книга 3341;active;399;8;0;2
9785000033425;Книга 3342;active;449;9;1;3
9785000033432;Книга 3343;active;499;10;2;4
9785000033449;Книга 3344;active;349;0;3;5
9785000033456;Книга 3345;active;399;1;4;6
9785000033463;Книга 3346;active;449;2;5;0
9785000033470;Книга 3347;active;499;3;6;1
9785000033487;Книга 3348;active;349;4;7;2
9785000033494;Книга 3349;active;399;5;8;3
9785000033500;Книга 3350;paused;449;6;9;4
9785000033517;Книга 3351;active;499;7;10;5
9785000033524;Книга 3352;active;349;8;11;6
9785000033531;Книга 3353;active;399;9;12;0
9785000033548;Книга 3354;active;449;10;0;1
9785000033555;Книга 3355;active;499;0;1;2
9785000033562;Книга 3356;active;349;1;2;3
9785000033579;Книга 3357;active;399;2;3;4
9785000033586;Книга 3358;active;449;3;4;5
9785000033593;Книга 3359;active;499;4;5;6
9785000033609;Книга 3360;paused;349;5;6;0
9785000033616;Книга 3361;active;399;6;7;1
9785000033623;Книга 3362;active;449;7;8;2
9785000033630;Книга 3363;active;499;8;9;3
9785000033647;Книга 3364;active;349;9;10;4
9785000033654;Книга 3365;active;399;10;11;5
9785000033661;Книга 3366;active;449;0;12;6
9785000033678;Книга 3367;active;499;1;0;0
9785000033685;Книга 3368;active;349;2;1;1
9785000033692;Книга 3369;active;399;3;2;2
9785000033708;Книга 3370;paused;449;4;3;3
9785000033715;Книга 3371;active;499;5;4;4
9785000033722;Книга 3372;active;349;6;5;5
9785000033739;Книга 3373;active;399;7;6;6
9785000033746;Книга 3374;active;449;8;7;0
9785000033753;Книга 3375;active;499;9;8;1
9785000033760;Книга 3376;active;349;10;9;2
9785000033777;Книга 3377;active;399;0;10;3
9785000033784;Книга 3378;active;449;1;11;4
9785000033791;Книга 3379;active;499;2;12;5
9785000033807;Книга 3380;paused;349;3;0;6
9785000033814;Книга 3381;active;399;4;1;0
9785000033821;Книга 3382;active;449;5;2;1
9785000033838;Книга 3383;active;499;6;3;2
9785000033845;Книга 3384;active;349;7;4;3
9785000033852;Книга 3385;active;399;8;5;4
9785000033869;Книга 3386;active;449;9;6;5
9785000033876;Книга 3387;active;499;10;7;6
9785000033883;Книга 3388;active;349;0;8;0
9785000033890;Книга 3389;active;399;1;9;1
9785000033906;Книга 3390;paused;449;2;10;2
9785000033913;Книга 3391;active;499;3;11;3
9785000033920;Книга 3392;active;349;4;12;4
9785000033937;Книга 3393;active;399;5;0;5
9785000033944;Книга 3394;active;449;6;1;6
9785000033951;Книга 3395;active;499;7;2;0
9785000033968;Книга 3396;active;349;8;3;1
9785000033975;Книга 3397;active;399;9;4;2
9785000033982;Книга 3398;active;449;10;5;3
9785000033999;Книга 3399;active;499;0;6;4
9785000034002;Книга 3400;paused;349;1;7;5
9785000034019;Книга 3401;active;399;2;8;6
9785000034026;Книга 3402;active;449;3;9;0
9785000034033;Книга 3403;active;499;4;10;1
9785000034040;Книга 3404;active;349;5;11;2
9785000034057;Книга 3405;active;399;6;12;3
9785000034064;Книга 3406;active;449;7;0;4
9785000034071;Книга 3407;active;499;8;1;5
9785000034088;Книга 3408;active;349;9;2;6
9785000034095;Книга 3409;active;399;10;3;0
9785000034101;Книга 3410;paused;449;0;4;1
9785000034118;Книга 3411;active;499;1;5;2
9785000034125;Книга 3412;active;349;2;6;3
9785000034132;Книга 3413;active;399;3;7;4
9785000034149;Книга 3414;active;449;4;8;5
9785000034156;Книга 3415;active;499;5;9;6
9785000034163;Книга 3416;active;349;6;10;0
9785000034170;Книга 3417;active;399;7;11;1
9785000034187;Книга 3418;active;449;8;12;2
9785000034194;Книга 3419;active;499;9;0;3
9785000034200;Книга 3420;paused;349;10;1;4
9785000034217;Книга 3421;active;399;0;2;5
9785000034224;Книга 3422;active;449;1;3;6
9785000034231;Книга 3423;active;499;2;4;0
9785000034248;Книга 3424;active;349;3;5;1
9785000034255;Книга 3425;active;399;4;6;2
9785000034262;Книга 3426;active;449;5;7;3
9785000034279;Книга 3427;active;499;6;8;4
9785000034286;Книга 3428;active;349;7;9;5
9785000034293;Книга 3429;active;399;8;10;6
9785000034309;Книга 3430;paused;449;9;11;0
9785000034316;Книга 3431;active;499;10;12;1
9785000034323;Книга 3432;active;349;0;0;2
9785000034330;Книга 3433;active;399;1;1;3
9785000034347;Книга 3434;active;449;2;2;4
9785000034354;Книга 3435;active;499;3;3;5
9785000034361;Книга 3436;active;349;4;4;6
9785000034378;Книга 3437;active;399;5;5;0
9785000034385;Книга 3438;active;449;6;6;1
9785000034392;Книга 3439;active;499;7;7;2
9785000034408;Книга 3440;paused;349;8;8;3
9785000034415;Книга 3441;active;399;9;9;4
9785000034422;Книга 3442;active;449;10;10;5
9785000034439;Книга 3443;active;499;0;11;6
9785000034446;Книга 3444;active;349;1;12;0
9785000034453;Книга 3445;active;399;2;0;1
9785000034460;Книга 3446;active;449;3;1;2
9785000034477;Книга 3447;active;499;4;2;3
9785000034484;Книга 3448;active;349;5;3;4
9785000034491;Книга 3449;active;399;6;4;5
9785000034507;Книга 3450;paused;449;7;5;6
9785000034514;Книга 3451;active;499;8;6;0
9785000034521;Книга 3452;active;349;9;7;1
9785000034538;Книга 3453;active;399;10;8;2
9785000034545;Книга 3454;active;449;0;9;3
9785000034552;Книга 3455;active;499;1;10;4
9785000034569;Книга 3456;active;349;2;11;5
9785000034576;Книга 3457;active;399;3;12;6
9785000034583;Книга 3458;active;449;4;0;0
9785000034590;Книга 3459;active;499;5;1;1
9785000034606;Книга 3460;paused;349;6;2;2
9785000034613;Книга 3461;active;399;7;3;3
9785000034620;Книга 3462;active;449;8;4;4
9785000034637;Книга 3463;active;499;9;5;5
9785000034644;Книга 3464;active;349;10;6;6
9785000034651;Книга 3465;active;399;0;7;0
9785000034668;Книга 3466;active;449;1;8;1
9785000034675;Книга 3467;active;499;2;9;2
9785000034682;Книга 3468;active;349;3;10;3
9785000034699;Книга 3469;active;399;4;11;4
9785000034705;Книга 3470;paused;449;5;12;5
9785000034712;Книга 3471;active;499;6;0;6
9785000034729;Книга 3472;active;349;7;1;0
9785000034736;Книга 3473;active;399;8;2;1
9785000034743;Книга 3474;active;449;9;3;2
9785000034750;Книга 3475;active;499;10;4;3
9785000034767;Книга 3476;active;349;0;5;4
9785000034774;Книга 3477;active;399;1;6;5
9785000034781;Книга 3478;active;449;2;7;6
9785000034798;Книга 3479;active;499;3;8;0
9785000034804;Книга 3480;paused;349;4;9;1
9785000034811;Книга 3481;active;399;5;10;2
9785000034828;Книга 3482;active;449;6;11;3
9785000034835;Книга 3483;active;499;7;12;4
9785000034842;Книга 3484;active;349;8;0;5
9785000034859;Книга 3485;active;399;9;1;6
9785000034866;Книга 3486;active;449;10;2;0
9785000034873;Книга 3487;active;499;0;3;1
9785000034880;Книга 3488;active;349;1;4;2
9785000034897;Книга 3489;active;399;2;5;3
9785000034903;Книга 3490;paused;449;3;6;4
9785000034910;Книга 3491;active;499;4;7;5
9785000034927;Книга 3492;active;349;5;8;6
9785000034934;Книга 3493;active;399;6;9;0
9785000034941;Книга 3494;active;449;7;10;1
9785000034958;Книга 3495;active;499;8;11;2
9785000034965;Книга 3496;active;349;9;12;3
9785000034972;Книга 3497;active;399;10;0;4
9785000034989;Книга 3498;active;449;0;1;5
9785000034996;Книга 3499;active;499;1;2;6
9785000035009;Книга 3500;paused;349;2;3;0
9785000035016;Книга 3501;active;399;3;4;1
9785000035023;Книга 3502;active;449;4;5;2
9785000035030;Книга 3503;active;499;5;6;3
9785000035047;Книга 3504;active;349;6;7;4
9785000035054;Книга 3505;active;399;7;8;5
9785000035061;Книга 3506;active;449;8;9;6
9785000035078;Книга 3507;active;499;9;10;0
9785000035085;Книга 3508;active;349;10;11;1
9785000035092;Книга 3509;active;399;0;12;2
9785000035108;Книга 3510;paused;449;1;0;3
9785000035115;Книга 3511;active;499;2;1;4
9785000035122;Книга 3512;active;349;3;2;5
9785000035139;Книга 3513;active;399;4;3;6
9785000035146;Книга 3514;active;449;5;4;0
9785000035153;Книга 3515;active;499;6;5;1
9785000035160;Книга 3516;active;349;7;6;2
9785000035177;Книга 3517;active;399;8;7;3
9785000035184;Книга 3518;active;449;9;8;4
9785000035191;Книга 3519;active;499;10;9;5
9785000035207;Книга 3520;paused;349;0;10;6
9785000035214;Книга 3521;active;399;1;11;0
9785000035221;Книга 3522;active;449;2;12;1
9785000035238;Книга 3523;active;499;3;0;2
9785000035245;Книга 3524;active;349;4;1;3
9785000035252;Книга 3525;active;399;5;2;4
9785000035269;Книга 3526;active;449;6;3;5
9785000035276;Книга 3527;active;499;7;4;6
9785000035283;Книга 3528;active;349;8;5;0
9785000035290;Книга 3529;active;399;9;6;1
9785000035306;Книга 3530;paused;449;10;7;2
9785000035313;Книга 3531;active;499;0;8;3
9785000035320;Книга 3532;active;349;1;9;4
9785000035337;Книга 3533;active;399;2;10;5
9785000035344;Книга 3534;active;449;3;11;6
9785000035351;Книга 3535;active;499;4;12;0
9785000035368;Книга 3536;active;349;5;0;1
9785000035375;Книга 3537;active;399;6;1;2
9785000035382;Книга 3538;active;449;7;2;3
9785000035399;Книга 3539;active;499;8;3;4
9785000035405;Книга 3540;paused;349;9;4;5
9785000035412;Книга 3541;active;399;10;5;6
9785000035429;Книга 3542;active;449;0;6;0
9785000035436;Книга 3543;active;499;1;7;1
9785000035443;Книга 3544;active;349;2;8;2
9785000035450;Книга 3545;active;399;3;9;3
9785000035467;Книга 3546;active;449;4;10;4
9785000035474;Книга 3547;active;499;5;11;5
9785000035481;Книга 3548;active;349;6;12;6
9785000035498;Книга 3549;active;399;7;0;0
9785000035504;Книга 3550;paused;449;8;1;1
9785000035511;Книга 3551;active;499;9;2;2
9785000035528;Книга 3552;active;349;10;3;3
9785000035535;Книга 3553;active;399;0;4;4
9785000035542;Книга 3554;active;449;1;5;5
9785000035559;Книга 3555;active;499;2;6;6
9785000035566;Книга 3556;active;349;3;7;0
9785000035573;Книга 3557;active;399;4;8;1
9785000035580;Книга 3558;active;449;5;9;2
9785000035597;Книга 3559;active;499;6;10;3
9785000035603;Книга 3560;paused;349;7;11;4
9785000035610;Книга 3561;active;399;8;12;5
9785000035627;Книга 3562;active;449;9;0;6
9785000035634;Книга 3563;active;499;10;1;0
9785000035641;Книга 3564;active;349;0;2;1
9785000035658;Книга 3565;active;399;1;3;2
9785000035665;Книга 3566;active;449;2;4;3
9785000035672;Книга 3567;active;499;3;5;4
9785000035689;Книга 3568;active;349;4;6;5
9785000035696;Книга 3569;active;399;5;7;6
9785000035702;Книга 3570;paused;449;6;8;0
9785000035719;Книга 3571;active;499;7;9;1
9785000035726;Книга 3572;active;349;8;10;2
9785000035733;Книга 3573;active;399;9;11;3
9785000035740;Книга 3574;active;449;10;12;4
9785000035757;Книга 3575;active;499;0;0;5
9785000035764;Книга 3576;active;349;1;1;6
9785000035771;Книга 3577;active;399;2;2;0
9785000035788;Книга 3578;active;449;3;3;1
9785000035795;Книга 3579;active;499;4;4;2
9785000035801;Книга 3580;paused;349;5;5;3
9785000035818;Книга 3581;active;399;6;6;4
9785000035825;Книга 3582;active;449;7;7;5
9785000035832;Книга 3583;active;499;8;8;6
9785000035849;Книга 3584;active;349;9;9;0
9785000035856;Книга 3585;active;399;10;10;1
9785000035863;Книга 3586;active;449;0;11;2
9785000035870;Книга 3587;active;499;1;12;3
9785000035887;Книга 3588;active;349;2;0;4
9785000035894;Книга 3589;active;399;3;1;5
9785000035900;Книга 3590;paused;449;4;2;6
9785000035917;Книга 3591;active;499;5;3;0
9785000035924;Книга 3592;active;349;6;4;1
9785000035931;Книга 3593;active;399;7;5;2
9785000035948;Книга 3594;active;449;8;6;3
9785000035955;Книга 3595;active;499;9;7;4
9785000035962;Книга 3596;active;349;10;8;5
9785000035979;Книга 3597;active;399;0;9;6
9785000035986;Книга 3598;active;449;1;10;0
9785000035993;Книга 3599;active;499;2;11;1
9785000036006;Книга 3600;paused;349;3;12;2
9785000036013;Книга 3601;active;399;4;0;3
9785000036020;Книга 3602;active;449;5;1;4
9785000036037;Книга 3603;active;499;6;2;5
9785000036044;Книга 3604;active;349;7;3;6
9785000036051;Книга 3605;active;399;8;4;0
9785000036068;Книга 3606;active;449;9;5;1
9785000036075;Книга 3607;active;499;10;6;2
9785000036082;Книга 3608;active;349;0;7;3
9785000036099;Книга 3609;active;399;1;8;4
9785000036105;Книга 3610;paused;449;2;9;5
9785000036112;Книга 3611;active;499;3;10;6
9785000036129;Книга 3612;active;349;4;11;0
9785000036136;Книга 3613;active;399;5;12;1
9785000036143;Книга 3614;active;449;6;0;2
9785000036150;Книга 3615;active;499;7;1;3
9785000036167;Книга 3616;active;349;8;2;4
9785000036174;Книга 3617;active;399;9;3;5
9785000036181;Книга 3618;active;449;10;4;6
9785000036198;Книга 3619;active;499;0;5;0
9785000036204;Книга 3620;paused;349;1;6;1
9785000036211;Книга 3621;active;399;2;7;2
9785000036228;Книга 3622;active;449;3;8;3
9785000036235;Книга 3623;active;499;4;9;4
9785000036242;Книга 3624;active;349;5;10;5
9785000036259;Книга 3625;active;399;6;11;6
9785000036266;Книга 3626;active;449;7;12;0
9785000036273;Книга 3627;active;499;8;0;1
9785000036280;Книга 3628;active;349;9;1;2
9785000036297;Книга 3629;active;399;10;2;3
9785000036303;Книга 3630;paused;449;0;3;4
9785000036310;Книга 3631;active;499;1;4;5
9785000036327;Книга 3632;active;349;2;5;6
9785000036334;Книга 3633;active;399;3;6;0
9785000036341;Книга 3634;active;449;4;7;1
9785000036358;Книга 3635;active;499;5;8;2
9785000036365;Книга 3636;active;349;6;9;3
9785000036372;Книга 3637;active;399;7;10;4
9785000036389;Книга 3638;active;449;8;11;5
9785000036396;Книга 3639;active;499;9;12;6
9785000036402;Книга 3640;paused;349;10;0;0
9785000036419;Книга 3641;active;399;0;1;1
9785000036426;Книга 3642;active;449;1;2;2
9785000036433;Книга 3643;active;499;2;3;3
9785000036440;Книга 3644;active;349;3;4;4
9785000036457;Книга 3645;active;399;4;5;5
9785000036464;Книга 3646;active;449;5;6;6
9785000036471;Книга 3647;active;499;6;7;0
9785000036488;Книга 3648;active;349;7;8;1
9785000036495;Книга 3649;active;399;8;9;2
9785000036501;Книга 3650;paused;449;9;10;3
9785000036518;Книга 3651;active;499;10;11;4
9785000036525;Книга 3652;active;349;0;12;5
9785000036532;Книга 3653;active;399;1;0;6
9785000036549;Книга 3654;active;449;2;1;0
9785000036556;Книга 3655;active;499;3;2;1
9785000036563;Книга 3656;active;349;4;3;2
9785000036570;Книга 3657;active;399;5;4;3
9785000036587;Книга 3658;active;449;6;5;4
9785000036594;Книга 3659;active;499;7;6;5
9785000036600;Книга 3660;paused;349;8;7;6
9785000036617;Книга 3661;active;399;9;8;0
9785000036624;Книга 3662;active;449;10;9;1
9785000036631;Книга 3663;active;499;0;10;2
9785000036648;Книга 3664;active;349;1;11;3
9785000036655;Книга 3665;active;399;2;12;4
9785000036662;Книга 3666;active;449;3;0;5
9785000036679;Книга 3667;active;499;4;1;6
9785000036686;Книга 3668;active;349;5;2;0
9785000036693;Книга 3669;active;399;6;3;1
9785000036709;Книга 3670;paused;449;7;4;2
9785000036716;Книга 3671;active;499;8;5;3
9785000036723;Книга 3672;active;349;9;6;4
9785000036730;Книга 3673;active;399;10;7;5
9785000036747;Книга 3674;active;449;0;8;6
9785000036754;Книга 3675;active;499;1;9;0
9785000036761;Книга 3676;active;349;2;10;1
9785000036778;Книга 3677;active;399;3;11;2
9785000036785;Книга 3678;active;449;4;12;3
9785000036792;Книга 3679;active;499;5;0;4
9785000036808;Книга 3680;paused;349;6;1;5
9785000036815;Книга 3681;active;399;7;2;6
9785000036822;Книга 3682;active;449;8;3;0
9785000036839;Книга 3683;active;499;9;4;1
9785000036846;Книга 3684;active;349;10;5;2
9785000036853;Книга 3685;active;399;0;6;3
9785000036860;Книга 3686;active;449;1;7;4
9785000036877;Книга 3687;active;499;2;8;5
9785000036884;Книга 3688;active;349;3;9;6
9785000036891;Книга 3689;active;399;4;10;0
9785000036907;Книга 3690;paused;449;5;11;1
9785000036914;Книга 3691;active;499;6;12;2
9785000036921;Книга 3692;active;349;7;0;3
9785000036938;Книга 3693;active;399;8;1;4
9785000036945;Книга 3694;active;449;9;2;5
9785000036952;Книга 3695;active;499;10;3;6
9785000036969;Книга 3696;active;349;0;4;0
9785000036976;Книга 3697;active;399;1;5;1
9785000036983;Книга 3698;active;449;2;6;2
9785000036990;Книга 3699;active;499;3;7;3
9785000037003;Книга 3700;paused;349;4;8;4
9785000037010;Книга 3701;active;399;5;9;5
9785000037027;Книга 3702;active;449;6;10;6
9785000037034;Книга 3703;active;499;7;11;0
9785000037041;Книга 3704;active;349;8;12;1
9785000037058;Книга 3705;active;399;9;0;2
9785000037065;Книга 3706;active;449;10;1;3
9785000037072;Книга 3707;active;499;0;2;4
9785000037089;Книга 3708;active;349;1;3;5
9785000037096;Книга 3709;active;399;2;4;6
9785000037102;Книга 3710;paused;449;3;5;0
9785000037119;Книга 3711;active;499;4;6;1
9785000037126;Книга 3712;active;349;5;7;2
9785000037133;Книга 3713;active;399;6;8;3
9785000037140;Книга 3714;active;449;7;9;4
9785000037157;Книга 3715;active;499;8;10;5
9785000037164;Книга 3716;active;349;9;11;6
9785000037171;Книга 3717;active;399;10;12;0
9785000037188;Книга 3718;active;449;0;0;1
9785000037195;Книга 3719;active;499;1;1;2
9785000037201;Книга 3720;paused;349;2;2;3
9785000037218;Книга 3721;active;399;3;3;4
9785000037225;Книга 3722;active;449;4;4;5
9785000037232;Книга 3723;active;499;5;5;6
9785000037249;Книга 3724;active;349;6;6;0
9785000037256;Книга 3725;active;399;7;7;1
9785000037263;Книга 3726;active;449;8;8;2
9785000037270;Книга 3727;active;499;9;9;3
9785000037287;Книга 3728;active;349;10;10;4
9785000037294;Книга 3729;active;399;0;11;5
9785000037300;Книга 3730;paused;449;1;12;6
9785000037317;Книга 3731;active;499;2;0;0
9785000037324;Книга 3732;active;349;3;1;1
9785000037331;Книга 3733;active;399;4;2;2
9785000037348;Книга 3734;active;449;5;3;3
9785000037355;Книга 3735;active;499;6;4;4
9785000037362;Книга 3736;active;349;7;5;5
9785000037379;Книга 3737;active;399;8;6;6
9785000037386;Книга 3738;active;449;9;7;0
9785000037393;Книга 3739;active;499;10;8;1
9785000037409;Книга 3740;paused;349;0;9;2
9785000037416;Книга 3741;active;399;1;10;3
9785000037423;Книга 3742;active;449;2;11;4
9785000037430;Книга 3743;active;499;3;12;5
9785000037447;Книга 3744;active;349;4;0;6
9785000037454;Книга 3745;active;399;5;1;0
9785000037461;Книга 3746;active;449;6;2;1
9785000037478;Книга 3747;active;499;7;3;2
9785000037485;Книга 3748;active;349;8;4;3
9785000037492;Книга 3749;active;399;9;5;4
9785000037508;Книга 3750;paused;449;10;6;5
9785000037515;Книга 3751;active;499;0;7;6
9785000037522;Книга 3752;active;349;1;8;0
9785000037539;Книга 3753;active;399;2;9;1
9785000037546;Книга 3754;active;449;3;10;2
9785000037553;Книга 3755;active;499;4;11;3
9785000037560;Книга 3756;active;349;5;12;4
9785000037577;Книга 3757;active;399;6;0;5
9785000037584;Книга 3758;active;449;7;1;6
9785000037591;Книга 3759;active;499;8;2;0
9785000037607;Книга 3760;paused;349;9;3;1
9785000037614;Книга 3761;active;399;10;4;2
9785000037621;Книга 3762;active;449;0;5;3
9785000037638;Книга 3763;active;499;1;6;4
9785000037645;Книга 3764;active;349;2;7;5
9785000037652;Книга 3765;active;399;3;8;6
9785000037669;Книга 3766;active;449;4;9;0
9785000037676;Книга 3767;active;499;5;10;1
9785000037683;Книга 3768;active;349;6;11;2
9785000037690;Книга 3769;active;399;7;12;3
9785000037706;Книга 3770;paused;449;8;0;4
9785000037713;Книга 3771;active;499;9;1;5
9785000037720;Книга 3772;active;349;10;2;6
9785000037737;Книга 3773;active;399;0;3;0
9785000037744;Книга 3774;active;449;1;4;1
9785000037751;Книга 3775;active;499;2;5;2
9785000037768;Книга 3776;active;349;3;6;3
9785000037775;Книга 3777;active;399;4;7;4
9785000037782;Книга 3778;active;449;5;8;5
9785000037799;Книга 3779;active;499;6;9;6
9785000037805;Книга 3780;paused;349;7;10;0
9785000037812;Книга 3781;active;399;8;11;1
9785000037829;Книга 3782;active;449;9;12;2
9785000037836;Книга 3783;active;499;10;0;3
9785000037843;Книга 3784;active;349;0;1;4
9785000037850;Книга 3785;active;399;1;2;5
9785000037867;Книга 3786;active;449;2;3;6
9785000037874;Книга 3787;active;499;3;4;0
9785000037881;Книга 3788;active;349;4;5;1
9785000037898;Книга 3789;active;399;5;6;2
9785000037904;Книга 3790;paused;449;6;7;3
9785000037911;Книга 3791;active;499;7;8;4
9785000037928;Книга 3792;active;349;8;9;5
9785000037935;Книга 3793;active;399;9;10;6
9785000037942;Книга 3794;active;449;10;11;0
9785000037959;Книга 3795;active;499;0;12;1
9785000037966;Книга 3796;active;349;1;0;2
9785000037973;Книга 3797;active;399;2;1;3
9785000037980;Книга 3798;active;449;3;2;4
9785000037997;Книга 3799;active;499;4;3;5
9785000038000;Книга 3800;paused;349;5;4;6
9785000038017;Книга 3801;active;399;6;5;0
9785000038024;Книга 3802;active;449;7;6;1
9785000038031;Книга 3803;active;499;8;7;2
9785000038048;Книга 3804;active;349;9;8;3
9785000038055;Книга 3805;active;399;10;9;4
9785000038062;Книга 3806;active;449;0;10;5
9785000038079;Книга 3807;active;499;1;11;6
9785000038086;Книга 3808;active;349;2;12;0
9785000038093;Книга 3809;active;399;3;0;1
9785000038109;Книга 3810;paused;449;4;1;2
9785000038116;Книга 3811;active;499;5;2;3
9785000038123;Книга 3812;active;349;6;3;4
9785000038130;Книга 3813;active;399;7;4;5
9785000038147;Книга 3814;active;449;8;5;6
9785000038154;Книга 3815;active;499;9;6;0
9785000038161;Книга 3816;active;349;10;7;1
9785000038178;Книга 3817;active;399;0;8;2
9785000038185;Книга 3818;active;449;1;9;3
9785000038192;Книга 3819;active;499;2;10;4
9785000038208;Книга 3820;paused;349;3;11;5
9785000038215;Книга 3821;active;399;4;12;6
9785000038222;Книга 3822;active;449;5;0;0
9785000038239;Книга 3823;active;499;6;1;1
9785000038246;Книга 3824;active;349;7;2;2
9785000038253;Книга 3825;active;399;8;3;3
9785000038260;Книга 3826;active;449;9;4;4
9785000038277;Книга 3827;active;499;10;5;5
9785000038284;Книга 3828;active;349;0;6;6
9785000038291;Книга 3829;active;399;1;7;0
9785000038307;Книга 3830;paused;449;2;8;1
9785000038314;Книга 3831;active;499;3;9;2
9785000038321;Книга 3832;active;349;4;10;3
9785000038338;Книга 3833;active;399;5;11;4
9785000038345;Книга 3834;active;449;6;12;5
9785000038352;Книга 3835;active;499;7;0;6
9785000038369;Книга 3836;active;349;8;1;0
9785000038376;Книга 3837;active;399;9;2;1
9785000038383;Книга 3838;active;449;10;3;2
9785000038390;Книга 3839;active;499;0;4;3
9785000038406;Книга 3840;paused;349;1;5;4
9785000038413;Книга 3841;active;399;2;6;5
9785000038420;Книга 3842;active;449;3;7;6
9785000038437;Книга 3843;active;499;4;8;0
9785000038444;Книга 3844;active;349;5;9;1
9785000038451;Книга 3845;active;399;6;10;2
9785000038468;Книга 3846;active;449;7;11;3
9785000038475;Книга 3847;active;499;8;12;4
9785000038482;Книга 3848;active;349;9;0;5
9785000038499;Книга 3849;active;399;10;1;6
9785000038505;Книга 3850;paused;449;0;2;0
9785000038512;Книга 3851;active;499;1;3;1
9785000038529;Книга 3852;active;349;2;4;2
9785000038536;Книга 3853;active;399;3;5;3
9785000038543;Книга 3854;active;449;4;6;4
9785000038550;Книга 3855;active;499;5;7;5
9785000038567;Книга 3856;active;349;6;8;6
9785000038574;Книга 3857;active;399;7;9;0
9785000038581;Книга 3858;active;449;8;10;1
9785000038598;Книга 3859;active;499;9;11;2
9785000038604;Книга 3860;paused;349;10;12;3
9785000038611;Книга 3861;active;399;0;0;4
9785000038628;Книга 3862;active;449;1;1;5
9785000038635;Книга 3863;active;499;2;2;6
9785000038642;Книга 3864;active;349;3;3;0
9785000038659;Книга 3865;active;399;4;4;1
9785000038666;Книга 3866;active;449;5;5;2
9785000038673;Книга 3867;active;499;6;6;3
9785000038680;Книга 3868;active;349;7;7;4
9785000038697;Книга 3869;active;399;8;8;5
9785000038703;Книга 3870;paused;449;9;9;6
9785000038710;Книга 3871;active;499;10;10;0
9785000038727;Книга 3872;active;349;0;11;1
9785000038734;Книга 3873;active;399;1;12;2
9785000038741;Книга 3874;active;449;2;0;3
9785000038758;Книга 3875;active;499;3;1;4
9785000038765;Книга 3876;active;349;4;2;5
9785000038772;Книга 3877;active;399;5;3;6
9785000038789;Книга 3878;active;449;6;4;0
9785000038796;Книга 3879;active;499;7;5;1
9785000038802;Книга 3880;paused;349;8;6;2
9785000038819;Книга 3881;active;399;9;7;3
9785000038826;Книга 3882;active;449;10;8;4
9785000038833;Книга 3883;active;499;0;9;5
9785000038840;Книга 3884;active;349;1;10;6
9785000038857;Книга 3885;active;399;2;11;0
9785000038864;Книга 3886;active;449;3;12;1
9785000038871;Книга 3887;active;499;4;0;2
9785000038888;Книга 3888;active;349;5;1;3
9785000038895;Книга 3889;active;399;6;2;4
9785000038901;Книга 3890;paused;449;7;3;5
9785000038918;Книга 3891;active;499;8;4;6
9785000038925;Книга 3892;active;349;9;5;0
9785000038932;Книга 3893;active;399;10;6;1
9785000038949;Книга 3894;active;449;0;7;2
9785000038956;Книга 3895;active;499;1;8;3
9785000038963;Книга 3896;active;349;2;9;4
9785000038970;Книга 3897;active;399;3;10;5
9785000038987;Книга 3898;active;449;4;11;6
9785000038994;Книга 3899;active;499;5;12;0
9785000039007;Книга 3900;paused;349;6;0;1
9785000039014;Книга 3901;active;399;7;1;2
9785000039021;Книга 3902;active;449;8;2;3
9785000039038;Книга 3903;active;499;9;3;4
9785000039045;Книга 3904;active;349;10;4;5
9785000039052;Книга 3905;active;399;0;5;6
9785000039069;Книга 3906;active;449;1;6;0
9785000039076;Книга 3907;active;499;2;7;1
9785000039083;Книга 3908;active;349;3;8;2
9785000039090;Книга 3909;active;399;4;9;3
9785000039106;Книга 3910;paused;449;5;10;4
9785000039113;Книга 3911;active;499;6;11;5
9785000039120;Книга 3912;active;349;7;12;6
9785000039137;Книга 3913;active;399;8;0;0
9785000039144;Книга 3914;active;449;9;1;1
9785000039151;Книга 3915;active;499;10;2;2
9785000039168;Книга 3916;active;349;0;3;3
9785000039175;Книга 3917;active;399;1;4;4
9785000039182;Книга 3918;active;449;2;5;5
9785000039199;Книга 3919;active;499;3;6;6
9785000039205;Книга 3920;paused;349;4;7;0
9785000039212;Книга 3921;active;399;5;8;1
9785000039229;Книга 3922;active;449;6;9;2
9785000039236;Книга 3923;active;499;7;10;3
9785000039243;Книга 3924;active;349;8;11;4
9785000039250;Книга 3925;active;399;9;12;5
9785000039267;Книга 3926;active;449;10;0;6
9785000039274;Книга 3927;active;499;0;1;0
9785000039281;Книга 3928;active;349;1;2;1
9785000039298;Книга 3929;active;399;2;3;2
9785000039304;Книга 3930;paused;449;3;4;3
9785000039311;Книга 3931;active;499;4;5;4
9785000039328;Книга 3932;active;349;5;6;5
9785000039335;Книга 3933;active;399;6;7;6
9785000039342;Книга 3934;active;449;7;8;0
9785000039359;Книга 3935;active;499;8;9;1
9785000039366;Книга 3936;active;349;9;10;2
9785000039373;Книга 3937;active;399;10;11;3
9785000039380;Книга 3938;active;449;0;12;4
9785000039397;Книга 3939;active;499;1;0;5
9785000039403;Книга 3940;paused;349;2;1;6
9785000039410;Книга 3941;active;399;3;2;0
9785000039427;Книга 3942;active;449;4;3;1
9785000039434;Книга 3943;active;499;5;4;2
9785000039441;Книга 3944;active;349;6;5;3
9785000039458;Книга 3945;active;399;7;6;4
9785000039465;Книга 3946;active;449;8;7;5
9785000039472;Книга 3947;active;499;9;8;6
9785000039489;Книга 3948;active;349;10;9;0
9785000039496;Книга 3949;active;399;0;10;1
9785000039502;Книга 3950;paused;449;1;11;2
9785000039519;Книга 3951;active;499;2;12;3
9785000039526;Книга 3952;active;349;3;0;4
9785000039533;Книга 3953;active;399;4;1;5
9785000039540;Книга 3954;active;449;5;2;6
9785000039557;Книга 3955;active;499;6;3;0
9785000039564;Книга 3956;active;349;7;4;1
9785000039571;Книга 3957;active;399;8;5;2
9785000039588;Книга 3958;active;449;9;6;3
9785000039595;Книга 3959;active;499;10;7;4
9785000039601;Книга 3960;paused;349;0;8;5
9785000039618;Книга 3961;active;399;1;9;6
9785000039625;Книга 3962;active;449;2;10;0
9785000039632;Книга 3963;active;499;3;11;1
9785000039649;Книга 3964;active;349;4;12;2
9785000039656;Книга 3965;active;399;5;0;3
9785000039663;Книга 3966;active;449;6;1;4
9785000039670;Книга 3967;active;499;7;2;5
9785000039687;Книга 3968;active;349;8;3;6
9785000039694;Книга 3969;active;399;9;4;0
9785000039700;Книга 3970;paused;449;10;5;1
9785000039717;Книга 3971;active;499;0;6;2
9785000039724;Книга 3972;active;349;1;7;3
9785000039731;Книга 3973;active;399;2;8;4
9785000039748;Книга 3974;active;449;3;9;5
9785000039755;Книга 3975;active;499;4;10;6
9785000039762;Книга 3976;active;349;5;11;0
9785000039779;Книга 3977;active;399;6;12;1
9785000039786;Книга 3978;active;449;7;0;2
9785000039793;Книга 3979;active;499;8;1;3
9785000039809;Книга 3980;paused;349;9;2;4
9785000039816;Книга 3981;active;399;10;3;5
9785000039823;Книга 3982;active;449;0;4;6
9785000039830;Книга 3983;active;499;1;5;0
9785000039847;Книга 3984;active;349;2;6;1
9785000039854;Книга 3985;active;399;3;7;2
9785000039861;Книга 3986;active;449;4;8;3
9785000039878;Книга 3987;active;499;5;9;4
9785000039885;Книга 3988;active;349;6;10;5
9785000039892;Книга 3989;active;399;7;11;6
9785000039908;Книга 3990;paused;449;8;12;0
9785000039915;Книга 3991;active;499;9;0;1
9785000039922;Книга 3992;active;349;10;1;2
9785000039939;Книга 3993;active;399;0;2;3
9785000039946;Книга 3994;active;449;1;3;4
9785000039953;Книга 3995;active;499;2;4;5
9785000039960;Книга 3996;active;349;3;5;6
9785000039977;Книга 3997;active;399;4;6;0
9785000039984;Книга 3998;active;449;5;7;1
9785000039991;Книга 3999;active;499;6;8;2
9785000040003;Книга 4000;paused;349;7;9;3
9785000040010;Книга 4001;active;399;8;10;4
9785000040027;Книга 4002;active;449;9;11;5
9785000040034;Книга 4003;active;499;10;12;6
9785000040041;Книга 4004;active;349;0;0;0
9785000040058;Книга 4005;active;399;1;1;1
9785000040065;Книга 4006;active;449;2;2;2
9785000040072;Книга 4007;active;499;3;3;3
9785000040089;Книга 4008;active;349;4;4;4
9785000040096;Книга 4009;active;399;5;5;5
9785000040102;Книга 4010;paused;449;6;6;6
9785000040119;Книга 4011;active;499;7;7;0
9785000040126;Книга 4012;active;349;8;8;1
9785000040133;Книга 4013;active;399;9;9;2
9785000040140;Книга 4014;active;449;10;10;3
9785000040157;Книга 4015;active;499;0;11;4
9785000040164;Книга 4016;active;349;1;12;5
9785000040171;Книга 4017;active;399;2;0;6
9785000040188;Книга 4018;active;449;3;1;0
9785000040195;Книга 4019;active;499;4;2;1
9785000040201;Книга 4020;paused;349;5;3;2
9785000040218;Книга 4021;active;399;6;4;3
9785000040225;Книга 4022;active;449;7;5;4
9785000040232;Книга 4023;active;499;8;6;5
9785000040249;Книга 4024;active;349;9;7;6
9785000040256;Книга 4025;active;399;10;8;0
9785000040263;Книга 4026;active;449;0;9;1
9785000040270;Книга 4027;active;499;1;10;2
9785000040287;Книга 4028;active;349;2;11;3
9785000040294;Книга 4029;active;399;3;12;4
9785000040300;Книга 4030;paused;449;4;0;5
9785000040317;Книга 4031;active;499;5;1;6
9785000040324;Книга 4032;active;349;6;2;0
9785000040331;Книга 4033;active;399;7;3;1
9785000040348;Книга 4034;active;449;8;4;2
9785000040355;Книга 4035;active;499;9;5;3
9785000040362;Книга 4036;active;349;10;6;4
9785000040379;Книга 4037;active;399;0;7;5
9785000040386;Книга 4038;active;449;1;8;6
9785000040393;Книга 4039;active;499;2;9;0
9785000040409;Книга 4040;paused;349;3;10;1
9785000040416;Книга 4041;active;399;4;11;2
9785000040423;Книга 4042;active;449;5;12;3
9785000040430;Книга 4043;active;499;6;0;4
9785000040447;Книга 4044;active;349;7;1;5
9785000040454;Книга 4045;active;399;8;2;6
9785000040461;Книга 4046;active;449;9;3;0
9785000040478;Книга 4047;active;499;10;4;1
9785000040485;Книга 4048;active;349;0;5;2
9785000040492;Книга 4049;active;399;1;6;3
9785000040508;Книга 4050;paused;449;2;7;4
9785000040515;Книга 4051;active;499;3;8;5
9785000040522;Книга 4052;active;349;4;9;6
9785000040539;Книга 4053;active;399;5;10;0
9785000040546;Книга 4054;active;449;6;11;1
9785000040553;Книга 4055;active;499;7;12;2
9785000040560;Книга 4056;active;349;8;0;3
9785000040577;Книга 4057;active;399;9;1;4
9785000040584;Книга 4058;active;449;10;2;5
9785000040591;Книга 4059;active;499;0;3;6
9785000040607;Книга 4060;paused;349;1;4;0
9785000040614;Книга 4061;active;399;2;5;1
9785000040621;Книга 4062;active;449;3;6;2
9785000040638;Книга 4063;active;499;4;7;3
9785000040645;Книга 4064;active;349;5;8;4
9785000040652;Книга 4065;active;399;6;9;5
9785000040669;Книга 4066;active;449;7;10;6
9785000040676;Книга 4067;active;499;8;11;0
9785000040683;Книга 4068;active;349;9;12;1
9785000040690;Книга 4069;active;399;10;0;2
9785000040706;Книга 4070;paused;449;0;1;3
9785000040713;Книга 4071;active;499;1;2;4
9785000040720;Книга 4072;active;349;2;3;5
9785000040737;Книга 4073;active;399;3;4;6
9785000040744;Книга 4074;active;449;4;5;0
9785000040751;Книга 4075;active;499;5;6;1
9785000040768;Книга 4076;active;349;6;7;2
9785000040775;Книга 4077;active;399;7;8;3
9785000040782;Книга 4078;active;449;8;9;4
9785000040799;Книга 4079;active;499;9;10;5
9785000040805;Книга 4080;paused;349;10;11;6
9785000040812;Книга 4081;active;399;0;12;0
9785000040829;Книга 4082;active;449;1;0;1
9785000040836;Книга 4083;active;499;2;1;2
9785000040843;Книга 4084;active;349;3;2;3
9785000040850;Книга 4085;active;399;4;3;4
9785000040867;Книга 4086;active;449;5;4;5
9785000040874;Книга 4087;active;499;6;5;6
9785000040881;Книга 4088;active;349;7;6;0
9785000040898;Книга 4089;active;399;8;7;1
9785000040904;Книга 4090;paused;449;9;8;2
9785000040911;Книга 4091;active;499;10;9;3
9785000040928;Книга 4092;active;349;0;10;4
9785000040935;Книга 4093;active;399;1;11;5
9785000040942;Книга 4094;active;449;2;12;6
9785000040959;Книга 4095;active;499;3;0;0
9785000040966;Книга 4096;active;349;4;1;1
9785000040973;Книга 4097;active;399;5;2;2
9785000040980;Книга 4098;active;449;6;3;3
9785000040997;Книга 4099;active;499;7;4;4
9785000041000;Книга 4100;paused;349;8;5;5
9785000041017;Книга 4101;active;399;9;6;6
9785000041024;Книга 4102;active;449;10;7;0
9785000041031;Книга 4103;active;499;0;8;1
9785000041048;Книга 4104;active;349;1;9;2
9785000041055;Книга 4105;active;399;2;10;3
9785000041062;Книга 4106;active;449;3;11;4
9785000041079;Книга 4107;active;499;4;12;5
9785000041086;Книга 4108;active;349;5;0;6
9785000041093;Книга 4109;active;399;6;1;0
9785000041109;Книга 4110;paused;449;7;2;1
9785000041116;Книга 4111;active;499;8;3;2
9785000041123;Книга 4112;active;349;9;4;3
9785000041130;Книга 4113;active;399;10;5;4
9785000041147;Книга 4114;active;449;0;6;5
9785000041154;Книга 4115;active;499;1;7;6
9785000041161;Книга 4116;active;349;2;8;0
9785000041178;Книга 4117;active;399;3;9;1
9785000041185;Книга 4118;active;449;4;10;2
9785000041192;Книга 4119;active;499;5;11;3
9785000041208;Книга 4120;paused;349;6;12;4
9785000041215;Книга 4121;active;399;7;0;5
9785000041222;Книга 4122;active;449;8;1;6
9785000041239;Книга 4123;active;499;9;2;0
9785000041246;Книга 4124;active;349;10;3;1
9785000041253;Книга 4125;active;399;0;4;2
9785000041260;Книга 4126;active;449;1;5;3
9785000041277;Книга 4127;active;499;2;6;4
9785000041284;Книга 4128;active;349;3;7;5
9785000041291;Книга 4129;active;399;4;8;6
9785000041307;Книга 4130;paused;449;5;9;0
9785000041314;Книга 4131;active;499;6;10;1
9785000041321;Книга 4132;active;349;7;11;2
9785000041338;Книга 4133;active;399;8;12;3
9785000041345;Книга 4134;active;449;9;0;4
9785000041352;Книга 4135;active;499;10;1;5
9785000041369;Книга 4136;active;349;0;2;6
9785000041376;Книга 4137;active;399;1;3;0
9785000041383;Книга 4138;active;449;2;4;1
9785000041390;Книга 4139;active;499;3;5;2
9785000041406;Книга 4140;paused;349;4;6;3
9785000041413;Книга 4141;active;399;5;7;4
9785000041420;Книга 4142;active;449;6;8;5
9785000041437;Книга 4143;active;499;7;9;6
9785000041444;Книга 4144;active;349;8;10;0
9785000041451;Книга 4145;active;399;9;11;1
9785000041468;Книга 4146;active;449;10;12;2
9785000041475;Книга 4147;active;499;0;0;3
9785000041482;Книга 4148;active;349;1;1;4
9785000041499;Книга 4149;active;399;2;2;5
9785000041505;Книга 4150;paused;449;3;3;6
9785000041512;Книга 4151;active;499;4;4;0
9785000041529;Книга 4152;active;349;5;5;1
9785000041536;Книга 4153;active;399;6;6;2
9785000041543;Книга 4154;active;449;7;7;3
9785000041550;Книга 4155;active;499;8;8;4
9785000041567;Книга 4156;active;349;9;9;5
9785000041574;Книга 4157;active;399;10;10;6
9785000041581;Книга 4158;active;449;0;11;0
9785000041598;Книга 4159;active;499;1;12;1
9785000041604;Книга 4160;paused;349;2;0;2
9785000041611;Книга 4161;active;399;3;1;3
9785000041628;Книга 4162;active;449;4;2;4
9785000041635;Книга 4163;active;499;5;3;5
9785000041642;Книга 4164;active;349;6;4;6
9785000041659;Книга 4165;active;399;7;5;0
9785000041666;Книга 4166;active;449;8;6;1
9785000041673;Книга 4167;active;499;9;7;2
9785000041680;Книга 4168;active;349;10;8;3
9785000041697;Книга 4169;active;399;0;9;4
9785000041703;Книга 4170;paused;449;1;10;5
9785000041710;Книга 4171;active;499;2;11;6
9785000041727;Книга 4172;active;349;3;12;0
9785000041734;Книга 4173;active;399;4;0;1
9785000041741;Книга 4174;active;449;5;1;2
9785000041758;Книга 4175;active;499;6;2;3
9785000041765;Книга 4176;active;349;7;3;4
9785000041772;Книга 4177;active;399;8;4;5
9785000041789;Книга 4178;active;449;9;5;6
9785000041796;Книга 4179;active;499;10;6;0
9785000041802;Книга 4180;paused;349;0;7;1
9785000041819;Книга 4181;active;399;1;8;2
9785000041826;Книга 4182;active;449;2;9;3
9785000041833;Книга 4183;active;499;3;10;4
9785000041840;Книга 4184;active;349;4;11;5
9785000041857;Книга 4185;active;399;5;12;6
9785000041864;Книга 4186;active;449;6;0;0
9785000041871;Книга 4187;active;499;7;1;1
9785000041888;Книга 4188;active;349;8;2;2
9785000041895;Книга 4189;active;399;9;3;3
9785000041901;Книга 4190;paused;449;10;4;4
9785000041918;Книга 4191;active;499;0;5;5
9785000041925;Книга 4192;active;349;1;6;6
9785000041932;Книга 4193;active;399;2;7;0
9785000041949;Книга 4194;active;449;3;8;1
9785000041956;Книга 4195;active;499;4;9;2
9785000041963;Книга 4196;active;349;5;10;3
9785000041970;Книга 4197;active;399;6;11;4
9785000041987;Книга 4198;active;449;7;12;5
9785000041994;Книга 4199;active;499;8;0;6
9785000042007;Книга 4200;paused;349;9;1;0
9785000042014;Книга 4201;active;399;10;2;1
9785000042021;Книга 4202;active;449;0;3;2
9785000042038;Книга 4203;active;499;1;4;3
9785000042045;Книга 4204;active;349;2;5;4
9785000042052;Книга 4205;active;399;3;6;5
9785000042069;Книга 4206;active;449;4;7;6
9785000042076;Книга 4207;active;499;5;8;0
9785000042083;Книга 4208;active;349;6;9;1
9785000042090;Книга 4209;active;399;7;10;2
9785000042106;Книга 4210;paused;449;8;11;3
9785000042113;Книга 4211;active;499;9;12;4
9785000042120;Книга 4212;active;349;10;0;5
9785000042137;Книга 4213;active;399;0;1;6
9785000042144;Книга 4214;active;449;1;2;0
9785000042151;Книга 4215;active;499;2;3;1
9785000042168;Книга 4216;active;349;3;4;2
9785000042175;Книга 4217;active;399;4;5;3
9785000042182;Книга 4218;active;449;5;6;4
9785000042199;Книга 4219;active;499;6;7;5
9785000042205;Книга 4220;paused;349;7;8;6
9785000042212;Книга 4221;active;399;8;9;0
9785000042229;Книга 4222;active;449;9;10;1
9785000042236;Книга 4223;active;499;10;11;2
9785000042243;Книга 4224;active;349;0;12;3
9785000042250;Книга 4225;active;399;1;0;4
9785000042267;Книга 4226;active;449;2;1;5
9785000042274;Книга 4227;active;499;3;2;6
9785000042281;Книга 4228;active;349;4;3;0
9785000042298;Книга 4229;active;399;5;4;1
9785000042304;Книга 4230;paused;449;6;5;2
9785000042311;Книга 4231;active;499;7;6;3
9785000042328;Книга 4232;active;349;8;7;4
9785000042335;Книга 4233;active;399;9;8;5
9785000042342;Книга 4234;active;449;10;9;6
9785000042359;Книга 4235;active;499;0;10;0
9785000042366;Книга 4236;active;349;1;11;1
9785000042373;Книга 4237;active;399;2;12;2
9785000042380;Книга 4238;active;449;3;0;3
9785000042397;Книга 4239;active;499;4;1;4
9785000042403;Книга 4240;paused;349;5;2;5
9785000042410;Книга 4241;active;399;6;3;6
9785000042427;Книга 4242;active;449;7;4;0
9785000042434;Книга 4243;active;499;8;5;1
9785000042441;Книга 4244;active;349;9;6;2
9785000042458;Книга 4245;active;399;10;7;3
9785000042465;Книга 4246;active;449;0;8;4
9785000042472;Книга 4247;active;499;1;9;5
9785000042489;Книга 4248;active;349;2;10;6
9785000042496;Книга 4249;active;399;3;11;0
9785000042502;Книга 4250;paused;449;4;12;1
9785000042519;Книга 4251;active;499;5;0;2
9785000042526;Книга 4252;active;349;6;1;3
9785000042533;Книга 4253;active;399;7;2;4
9785000042540;Книга 4254;active;449;8;3;5
9785000042557;Книга 4255;active;499;9;4;6
9785000042564;Книга 4256;active;349;10;5;0
9785000042571;Книга 4257;active;399;0;6;1
9785000042588;Книга 4258;active;449;1;7;2
9785000042595;Книга 4259;active;499;2;8;3
9785000042601;Книга 4260;paused;349;3;9;4
9785000042618;Книга 4261;active;399;4;10;5
9785000042625;Книга 4262;active;449;5;11;6
9785000042632;Книга 4263;active;499;6;12;0
9785000042649;Книга 4264;active;349;7;0;1
9785000042656;Книга 4265;active;399;8;1;2
9785000042663;Книга 4266;active;449;9;2;3
9785000042670;Книга 4267;active;499;10;3;4
9785000042687;Книга 4268;active;349;0;4;5
9785000042694;Книга 4269;active;399;1;5;6
9785000042700;Книга 4270;paused;449;2;6;0
9785000042717;Книга 4271;active;499;3;7;1
9785000042724;Книга 4272;active;349;4;8;2
9785000042731;Книга 4273;active;399;5;9;3
9785000042748;Книга 4274;active;449;6;10;4
9785000042755;Книга 4275;active;499;7;11;5
9785000042762;Книга 4276;active;349;8;12;6
9785000042779;Книга 4277;active;399;9;0;0
9785000042786;Книга 4278;active;449;10;1;1
9785000042793;Книга 4279;active;499;0;2;2
9785000042809;Книга 4280;paused;349;1;3;3
9785000042816;Книга 4281;active;399;2;4;4
9785000042823;Книга 4282;active;449;3;5;5
9785000042830;Книга 4283;active;499;4;6;6
9785000042847;Книга 4284;active;349;5;7;0
9785000042854;Книга 4285;active;399;6;8;1
9785000042861;Книга 4286;active;449;7;9;2
9785000042878;Книга 4287;active;499;8;10;3
9785000042885;Книга 4288;active;349;9;11;4
9785000042892;Книга 4289;active;399;10;12;5
9785000042908;Книга 4290;paused;449;0;0;6
9785000042915;Книга 4291;active;499;1;1;0
9785000042922;Книга 4292;active;349;2;2;1
9785000042939;Книга 4293;active;399;3;3;2
9785000042946;Книга 4294;active;449;4;4;3
9785000042953;Книга 4295;active;499;5;5;4
9785000042960;Книга 4296;active;349;6;6;5
9785000042977;Книга 4297;active;399;7;7;6
9785000042984;Книга 4298;active;449;8;8;0
9785000042991;Книга 4299;active;499;9;9;1
9785000043004;Книга 4300;paused;349;10;10;2
9785000043011;Книга 4301;active;399;0;11;3
9785000043028;Книга 4302;active;449;1;12;4
9785000043035;Книга 4303;active;499;2;0;5
9785000043042;Книга 4304;active;349;3;1;6
9785000043059;Книга 4305;active;399;4;2;0
9785000043066;Книга 4306;active;449;5;3;1
9785000043073;Книга 4307;active;499;6;4;2
9785000043080;Книга 4308;active;349;7;5;3
9785000043097;Книга 4309;active;399;8;6;4
9785000043103;Книга 4310;paused;449;9;7;5
9785000043110;Книга 4311;active;499;10;8;6
9785000043127;Книга 4312;active;349;0;9;0
9785000043134;Книга 4313;active;399;1;10;1
9785000043141;Книга 4314;active;449;2;11;2
9785000043158;Книга 4315;active;499;3;12;3
9785000043165;Книга 4316;active;349;4;0;4
9785000043172;Книга 4317;active;399;5;1;5
9785000043189;Книга 4318;active;449;6;2;6
9785000043196;Книга 4319;active;499;7;3;0
9785000043202;Книга 4320;paused;349;8;4;1
9785000043219;Книга 4321;active;399;9;5;2
9785000043226;Книга 4322;active;449;10;6;3
9785000043233;Книга 4323;active;499;0;7;4
9785000043240;Книга 4324;active;349;1;8;5
9785000043257;Книга 4325;active;399;2;9;6
9785000043264;Книга 4326;active;449;3;10;0
9785000043271;Книга 4327;active;499;4;11;1
9785000043288;Книга 4328;active;349;5;12;2
9785000043295;Книга 4329;active;399;6;0;3
9785000043301;Книга 4330;paused;449;7;1;4
9785000043318;Книга 4331;active;499;8;2;5
9785000043325;Книга 4332;active;349;9;3;6
9785000043332;Книга 4333;active;399;10;4;0
9785000043349;Книга 4334;active;449;0;5;1
9785000043356;Книга 4335;active;499;1;6;2
9785000043363;Книга 4336;active;349;2;7;3
9785000043370;Книга 4337;active;399;3;8;4
9785000043387;Книга 4338;active;449;4;9;5
9785000043394;Книга 4339;active;499;5;10;6
9785000043400;Книга 4340;paused;349;6;11;0
9785000043417;Книга 4341;active;399;7;12;1
9785000043424;Книга 4342;active;449;8;0;2
9785000043431;Книга 4343;active;499;9;1;3
9785000043448;Книга 4344;active;349;10;2;4
9785000043455;Книга 4345;active;399;0;3;5
9785000043462;Книга 4346;active;449;1;4;6
9785000043479;Книга 4347;active;499;2;5;0
9785000043486;Книга 4348;active;349;3;6;1
9785000043493;Книга 4349;active;399;4;7;2
9785000043509;Книга 4350;paused;449;5;8;3
9785000043516;Книга 4351;active;499;6;9;4
9785000043523;Книга 4352;active;349;7;10;5
9785000043530;Книга 4353;active;399;8;11;6
9785000043547;Книга 4354;active;449;9;12;0
9785000043554;Книга 4355;active;499;10;0;1
9785000043561;Книга 4356;active;349;0;1;2
9785000043578;Книга 4357;active;399;1;2;3
9785000043585;Книга 4358;active;449;2;3;4
9785000043592;Книга 4359;active;499;3;4;5
9785000043608;Книга 4360;paused;349;4;5;6
9785000043615;Книга 4361;active;399;5;6;0
9785000043622;Книга 4362;active;449;6;7;1
9785000043639;Книга 4363;active;499;7;8;2
9785000043646;Книга 4364;active;349;8;9;3
9785000043653;Книга 4365;active;399;9;10;4
9785000043660;Книга 4366;active;449;10;11;5
9785000043677;Книга 4367;active;499;0;12;6
9785000043684;Книга 4368;active;349;1;0;0
9785000043691;Книга 4369;active;399;2;1;1
9785000043707;Книга 4370;paused;449;3;2;2
9785000043714;Книга 4371;active;499;4;3;3
9785000043721;Книга 4372;active;349;5;4;4
9785000043738;Книга 4373;active;399;6;5;5
9785000043745;Книга 4374;active;449;7;6;6
9785000043752;Книга 4375;active;499;8;7;0
9785000043769;Книга 4376;active;349;9;8;1
9785000043776;Книга 4377;active;399;10;9;2
9785000043783;Книга 4378;active;449;0;10;3
9785000043790;Книга 4379;active;499;1;11;4
9785000043806;Книга 4380;paused;349;2;12;5
9785000043813;Книга 4381;active;399;3;0;6
9785000043820;Книга 4382;active;449;4;1;0
9785000043837;Книга 4383;active;499;5;2;1
9785000043844;Книга 4384;active;349;6;3;2
9785000043851;Книга 4385;active;399;7;4;3
9785000043868;Книга 4386;active;449;8;5;4
9785000043875;Книга 4387;active;499;9;6;5
9785000043882;Книга 4388;active;349;10;7;6
9785000043899;Книга 4389;active;399;0;8;0
9785000043905;Книга 4390;paused;449;1;9;1
9785000043912;Книга 4391;active;499;2;10;2
9785000043929;Книга 4392;active;349;3;11;3
9785000043936;Книга 4393;active;399;4;12;4
9785000043943;Книга 4394;active;449;5;0;5
9785000043950;Книга 4395;active;499;6;1;6
9785000043967;Книга 4396;active;349;7;2;0
9785000043974;Книга 4397;active;399;8;3;1
9785000043981;Книга 4398;active;449;9;4;2
9785000043998;Книга 4399;active;499;10;5;3
9785000044001;Книга 4400;paused;349;0;6;4
9785000044018;Книга 4401;active;399;1;7;5
9785000044025;Книга 4402;active;449;2;8;6
9785000044032;Книга 4403;active;499;3;9;0
9785000044049;Книга 4404;active;349;4;10;1
9785000044056;Книга 4405;active;399;5;11;2
9785000044063;Книга 4406;active;449;6;12;3
9785000044070;Книга 4407;active;499;7;0;4
9785000044087;Книга 4408;active;349;8;1;5
9785000044094;Книга 4409;active;399;9;2;6
9785000044100;Книга 4410;paused;449;10;3;0
9785000044117;Книга 4411;active;499;0;4;1
9785000044124;Книга 4412;active;349;1;5;2
9785000044131;Книга 4413;active;399;2;6;3
9785000044148;Книга 4414;active;449;3;7;4
9785000044155;Книга 4415;active;499;4;8;5
9785000044162;Книга 4416;active;349;5;9;6
9785000044179;Книга 4417;active;399;6;10;0
9785000044186;Книга 4418;active;449;7;11;1
9785000044193;Книга 4419;active;499;8;12;2
9785000044209;Книга 4420;paused;349;9;0;3
9785000044216;Книга 4421;active;399;10;1;4
9785000044223;Книга 4422;active;449;0;2;5
9785000044230;Книга 4423;active;499;1;3;6
9785000044247;Книга 4424;active;349;2;4;0
9785000044254;Книга 4425;active;399;3;5;1
9785000044261;Книга 4426;active;449;4;6;2
9785000044278;Книга 4427;active;499;5;7;3
9785000044285;Книга 4428;active;349;6;8;4
9785000044292;Книга 4429;active;399;7;9;5
9785000044308;Книга 4430;paused;449;8;10;6
9785000044315;Книга 4431;active;499;9;11;0
9785000044322;Книга 4432;active;349;10;12;1
9785000044339;Книга 4433;active;399;0;0;2
9785000044346;Книга 4434;active;449;1;1;3
9785000044353;Книга 4435;active;499;2;2;4
9785000044360;Книга 4436;active;349;3;3;5
9785000044377;Книга 4437;active;399;4;4;6
9785000044384;Книга 4438;active;449;5;5;0
9785000044391;Книга 4439;active;499;6;6;1
9785000044407;Книга 4440;paused;349;7;7;2
9785000044414;Книга 4441;active;399;8;8;3
9785000044421;Книга 4442;active;449;9;9;4
9785000044438;Книга 4443;active;499;10;10;5
9785000044445;Книга 4444;active;349;0;11;6
9785000044452;Книга 4445;active;399;1;12;0
9785000044469;Книга 4446;active;449;2;0;1
9785000044476;Книга 4447;active;499;3;1;2
9785000044483;Книга 4448;active;349;4;2;3
9785000044490;Книга 4449;active;399;5;3;4
9785000044506;Книга 4450;paused;449;6;4;5
9785000044513;Книга 4451;active;499;7;5;6
9785000044520;Книга 4452;active;349;8;6;0
9785000044537;Книга 4453;active;399;9;7;1
9785000044544;Книга 4454;active;449;10;8;2
9785000044551;Книга 4455;active;499;0;9;3
9785000044568;Книга 4456;active;349;1;10;4
9785000044575;Книга 4457;active;399;2;11;5
9785000044582;Книга 4458;active;449;3;12;6
9785000044599;Книга 4459;active;499;4;0;0
9785000044605;Книга 4460;paused;349;5;1;1
9785000044612;Книга 4461;active;399;6;2;2
9785000044629;Книга 4462;active;449;7;3;3
9785000044636;Книга 4463;active;499;8;4;4
9785000044643;Книга 4464;active;349;9;5;5
9785000044650;Книга 4465;active;399;10;6;6
9785000044667;Книга 4466;active;449;0;7;0
9785000044674;Книга 4467;active;499;1;8;1
9785000044681;Книга 4468;active;349;2;9;2
9785000044698;Книга 4469;active;399;3;10;3
9785000044704;Книга 4470;paused;449;4;11;4
9785000044711;Книга 4471;active;499;5;12;5
9785000044728;Книга 4472;active;349;6;0;6
9785000044735;Книга 4473;active;399;7;1;0
9785000044742;Книга 4474;active;449;8;2;1
9785000044759;Книга 4475;active;499;9;3;2
9785000044766;Книга 4476;active;349;10;4;3
9785000044773;Книга 4477;active;399;0;5;4
9785000044780;Книга 4478;active;449;1;6;5
9785000044797;Книга 4479;active;499;2;7;6
9785000044803;Книга 4480;paused;349;3;8;0
9785000044810;Книга 4481;active;399;4;9;1
9785000044827;Книга 4482;active;449;5;10;2
9785000044834;Книга 4483;active;499;6;11;3
9785000044841;Книга 4484;active;349;7;12;4
9785000044858;Книга 4485;active;399;8;0;5
9785000044865;Книга 4486;active;449;9;1;6
9785000044872;Книга 4487;active;499;10;2;0
9785000044889;Книга 4488;active;349;0;3;1
9785000044896;Книга 4489;active;399;1;4;2
9785000044902;Книга 4490;paused;449;2;5;3
9785000044919;Книга 4491;active;499;3;6;4
9785000044926;Книга 4492;active;349;4;7;5
9785000044933;Книга 4493;active;399;5;8;6
9785000044940;Книга 4494;active;449;6;9;0
9785000044957;Книга 4495;active;499;7;10;1
9785000044964;Книга 4496;active;349;8;11;2
9785000044971;Книга 4497;active;399;9;12;3
9785000044988;Книга 4498;active;449;10;0;4
9785000044995;Книга 4499;active;499;0;1;5
9785000045008;Книга 4500;paused;349;1;2;6
9785000045015;Книга 4501;active;399;2;3;0
9785000045022;Книга 4502;active;449;3;4;1
9785000045039;Книга 4503;active;499;4;5;2
9785000045046;Книга 4504;active;349;5;6;3
9785000045053;Книга 4505;active;399;6;7;4
9785000045060;Книга 4506;active;449;7;8;5
9785000045077;Книга 4507;active;499;8;9;6
9785000045084;Книга 4508;active;349;9;10;0
9785000045091;Книга 4509;active;399;10;11;1
9785000045107;Книга 4510;paused;449;0;12;2
9785000045114;Книга 4511;active;499;1;0;3
9785000045121;Книга 4512;active;349;2;1;4
9785000045138;Книга 4513;active;399;3;2;5
9785000045145;Книга 4514;active;449;4;3;6
9785000045152;Книга 4515;active;499;5;4;0
9785000045169;Книга 4516;active;349;6;5;1
9785000045176;Книга 4517;active;399;7;6;2
9785000045183;Книга 4518;active;449;8;7;3
9785000045190;Книга 4519;active;499;9;8;4
9785000045206;Книга 4520;paused;349;10;9;5
9785000045213;Книга 4521;active;399;0;10;6
9785000045220;Книга 4522;active;449;1;11;0
9785000045237;Книга 4523;active;499;2;12;1
9785000045244;Книга 4524;active;349;3;0;2
9785000045251;Книга 4525;active;399;4;1;3
9785000045268;Книга 4526;active;449;5;2;4
9785000045275;Книга 4527;active;499;6;3;5
9785000045282;Книга 4528;active;349;7;4;6
9785000045299;Книга 4529;active;399;8;5;0
9785000045305;Книга 4530;paused;449;9;6;1
9785000045312;Книга 4531;active;499;10;7;2
9785000045329;Книга 4532;active;349;0;8;3
9785000045336;Книга 4533;active;399;1;9;4
9785000045343;Книга 4534;active;449;2;10;5
9785000045350;Книга 4535;active;499;3;11;6
9785000045367;Книга 4536;active;349;4;12;0
9785000045374;Книга 4537;active;399;5;0;1
9785000045381;Книга 4538;active;449;6;1;2
9785000045398;Книга 4539;active;499;7;2;3
9785000045404;Книга 4540;paused;349;8;3;4
9785000045411;Книга 4541;active;399;9;4;5
9785000045428;Книга 4542;active;449;10;5;6
9785000045435;Книга 4543;active;499;0;6;0
9785000045442;Книга 4544;active;349;1;7;1
9785000045459;Книга 4545;active;399;2;8;2
9785000045466;Книга 4546;active;449;3;9;3
9785000045473;Книга 4547;active;499;4;10;4
9785000045480;Книга 4548;active;349;5;11;5
9785000045497;Книга 4549;active;399;6;12;6
9785000045503;Книга 4550;paused;449;7;0;0
9785000045510;Книга 4551;active;499;8;1;1
9785000045527;Книга 4552;active;349;9;2;2
9785000045534;Книга 4553;active;399;10;3;3
9785000045541;Книга 4554;active;449;0;4;4
9785000045558;Книга 4555;active;499;1;5;5
9785000045565;Книга 4556;active;349;2;6;6
9785000045572;Книга 4557;active;399;3;7;0
9785000045589;Книга 4558;active;449;4;8;1
9785000045596;Книга 4559;active;499;5;9;2
9785000045602;Книга 4560;paused;349;6;10;3
9785000045619;Книга 4561;active;399;7;11;4
9785000045626;Книга 4562;active;449;8;12;5
9785000045633;Книга 4563;active;499;9;0;6
9785000045640;Книга 4564;active;349;10;1;0
9785000045657;Книга 4565;active;399;0;2;1
9785000045664;Книга 4566;active;449;1;3;2
9785000045671;Книга 4567;active;499;2;4;3
9785000045688;Книга 4568;active;349;3;5;4
9785000045695;Книга 4569;active;399;4;6;5
9785000045701;Книга 4570;paused;449;5;7;6
9785000045718;Книга 4571;active;499;6;8;0
9785000045725;Книга 4572;active;349;7;9;1
9785000045732;Книга 4573;active;399;8;10;2
9785000045749;Книга 4574;active;449;9;11;3
9785000045756;Книга 4575;active;499;10;12;4
9785000045763;Книга 4576;active;349;0;0;5
9785000045770;Книга 4577;active;399;1;1;6
9785000045787;Книга 4578;active;449;2;2;0
9785000045794;Книга 4579;active;499;3;3;1
9785000045800;Книга 4580;paused;349;4;4;2
9785000045817;Книга 4581;active;399;5;5;3
9785000045824;Книга 4582;active;449;6;6;4
9785000045831;Книга 4583;active;499;7;7;5
9785000045848;Книга 4584;active;349;8;8;6
9785000045855;Книга 4585;active;399;9;9;0
9785000045862;Книга 4586;active;449;10;10;1
9785000045879;Книга 4587;active;499;0;11;2
9785000045886;Книга 4588;active;349;1;12;3
9785000045893;Книга 4589;active;399;2;0;4
9785000045909;Книга 4590;paused;449;3;1;5
9785000045916;Книга 4591;active;499;4;2;6
9785000045923;Книга 4592;active;349;5;3;0
9785000045930;Книга 4593;active;399;6;4;1
9785000045947;Книга 4594;active;449;7;5;2
9785000045954;Книга 4595;active;499;8;6;3
9785000045961;Книга 4596;active;349;9;7;4
9785000045978;Книга 4597;active;399;10;8;5
9785000045985;Книга 4598;active;449;0;9;6
9785000045992;Книга 4599;active;499;1;10;0
9785000046005;Книга 4600;paused;349;2;11;1
9785000046012;Книга 4601;active;399;3;12;2
9785000046029;Книга 4602;active;449;4;0;3
9785000046036;Книга 4603;active;499;5;1;4
9785000046043;Книга 4604;active;349;6;2;5
9785000046050;Книга 4605;active;399;7;3;6
9785000046067;Книга 4606;active;449;8;4;0
9785000046074;Книга 4607;active;499;9;5;1
9785000046081;Книга 4608;active;349;10;6;2
9785000046098;Книга 4609;active;399;0;7;3
9785000046104;Книга 4610;paused;449;1;8;4
9785000046111;Книга 4611;active;499;2;9;5
9785000046128;Книга 4612;active;349;3;10;6
9785000046135;Книга 4613;active;399;4;11;0
9785000046142;Книга 4614;active;449;5;12;1
9785000046159;Книга 4615;active;499;6;0;2
9785000046166;Книга 4616;active;349;7;1;3
9785000046173;Книга 4617;active;399;8;2;4
9785000046180;Книга 4618;active;449;9;3;5
9785000046197;Книга 4619;active;499;10;4;6
9785000046203;Книга 4620;paused;349;0;5;0
9785000046210;Книга 4621;active;399;1;6;1
9785000046227;Книга 4622;active;449;2;7;2
9785000046234;Книга 4623;active;499;3;8;3
9785000046241;Книга 4624;active;349;4;9;4
9785000046258;Книга 4625;active;399;5;10;5
9785000046265;Книга 4626;active;449;6;11;6
9785000046272;Книга 4627;active;499;7;12;0
9785000046289;Книга 4628;active;349;8;0;1
9785000046296;Книга 4629;active;399;9;1;2
9785000046302;Книга 4630;paused;449;10;2;3
9785000046319;Книга 4631;active;499;0;3;4
9785000046326;Книга 4632;active;349;1;4;5
9785000046333;Книга 4633;active;399;2;5;6
9785000046340;Книга 4634;active;449;3;6;0
9785000046357;Книга 4635;active;499;4;7;1
9785000046364;Книга 4636;active;349;5;8;2
9785000046371;Книга 4637;active;399;6;9;3
9785000046388;Книга 4638;active;449;7;10;4
9785000046395;Книга 4639;active;499;8;11;5
9785000046401;Книга 4640;paused;349;9;12;6
9785000046418;Книга 4641;active;399;10;0;0
9785000046425;Книга 4642;active;449;0;1;1
9785000046432;Книга 4643;active;499;1;2;2
9785000046449;Книга 4644;active;349;2;3;3
9785000046456;Книга 4645;active;399;3;4;4
9785000046463;Книга 4646;active;449;4;5;5
9785000046470;Книга 4647;active;499;5;6;6
9785000046487;Книга 4648;active;349;6;7;0
9785000046494;Книга 4649;active;399;7;8;1
9785000046500;Книга 4650;paused;449;8;9;2
9785000046517;Книга 4651;active;499;9;10;3
9785000046524;Книга 4652;active;349;10;11;4
9785000046531;Книга 4653;active;399;0;12;5
9785000046548;Книга 4654;active;449;1;0;6
9785000046555;Книга 4655;active;499;2;1;0
9785000046562;Книга 4656;active;349;3;2;1
9785000046579;Книга 4657;active;399;4;3;2
9785000046586;Книга 4658;active;449;5;4;3
9785000046593;Книга 4659;active;499;6;5;4
9785000046609;Книга 4660;paused;349;7;6;5
9785000046616;Книга 4661;active;399;8;7;6
9785000046623;Книга 4662;active;449;9;8;0
9785000046630;Книга 4663;active;499;10;9;1
9785000046647;Книга 4664;active;349;0;10;2
9785000046654;Книга 4665;active;399;1;11;3
9785000046661;Книга 4666;active;449;2;12;4
9785000046678;Книга 4667;active;499;3;0;5
9785000046685;Книга 4668;active;349;4;1;6
9785000046692;Книга 4669;active;399;5;2;0
9785000046708;Книга 4670;paused;449;6;3;1
9785000046715;Книга 4671;active;499;7;4;2
9785000046722;Книга 4672;active;349;8;5;3
9785000046739;Книга 4673;active;399;9;6;4
9785000046746;Книга 4674;active;449;10;7;5
9785000046753;Книга 4675;active;499;0;8;6
9785000046760;Книга 4676;active;349;1;9;0
9785000046777;Книга 4677;active;399;2;10;1
9785000046784;Книга 4678;active;449;3;11;2
9785000046791;Книга 4679;active;499;4;12;3
9785000046807;Книга 4680;paused;349;5;0;4
9785000046814;Книга 4681;active;399;6;1;5
9785000046821;Книга 4682;active;449;7;2;6
9785000046838;Книга 4683;active;499;8;3;0
9785000046845;Книга 4684;active;349;9;4;1
9785000046852;Книга 4685;active;399;10;5;2
9785000046869;Книга 4686;active;449;0;6;3
9785000046876;Книга 4687;active;499;1;7;4
9785000046883;Книга 4688;active;349;2;8;5
9785000046890;Книга 4689;active;399;3;9;6
9785000046906;Книга 4690;paused;449;4;10;0
9785000046913;Книга 4691;active;499;5;11;1
9785000046920;Книга 4692;active;349;6;12;2
9785000046937;Книга 4693;active;399;7;0;3
9785000046944;Книга 4694;active;449;8;1;4
9785000046951;Книга 4695;active;499;9;2;5
9785000046968;Книга 4696;active;349;10;3;6
9785000046975;Книга 4697;active;399;0;4;0
9785000046982;Книга 4698;active;449;1;5;1
9785000046999;Книга 4699;active;499;2;6;2
9785000047002;Книга 4700;paused;349;3;7;3
9785000047019;Книга 4701;active;399;4;8;4
9785000047026;Книга 4702;active;449;5;9;5
9785000047033;Книга 4703;active;499;6;10;6
9785000047040;Книга 4704;active;349;7;11;0
9785000047057;Книга 4705;active;399;8;12;1
9785000047064;Книга 4706;active;449;9;0;2
9785000047071;Книга 4707;active;499;10;1;3
9785000047088;Книга 4708;active;349;0;2;4
9785000047095;Книга 4709;active;399;1;3;5
9785000047101;Книга 4710;paused;449;2;4;6
9785000047118;Книга 4711;active;499;3;5;0
9785000047125;Книга 4712;active;349;4;6;1
9785000047132;Книга 4713;active;399;5;7;2
9785000047149;Книга 4714;active;449;6;8;3
9785000047156;Книга 4715;active;499;7;9;4
9785000047163;Книга 4716;active;349;8;10;5
9785000047170;Книга 4717;active;399;9;11;6
9785000047187;Книга 4718;active;449;10;12;0
9785000047194;Книга 4719;active;499;0;0;1
9785000047200;Книга 4720;paused;349;1;1;2
9785000047217;Книга 4721;active;399;2;2;3
9785000047224;Книга 4722;active;449;3;3;4
9785000047231;Книга 4723;active;499;4;4;5
9785000047248;Книга 4724;active;349;5;5;6
9785000047255;Книга 4725;active;399;6;6;0
9785000047262;Книга 4726;active;449;7;7;1
9785000047279;Книга 4727;active;499;8;8;2
9785000047286;Книга 4728;active;349;9;9;3
9785000047293;Книга 4729;active;399;10;10;4
9785000047309;Книга 4730;paused;449;0;11;5
9785000047316;Книга 4731;active;499;1;12;6
9785000047323;Книга 4732;active;349;2;0;0
9785000047330;Книга 4733;active;399;3;1;1
9785000047347;Книга 4734;active;449;4;2;2
9785000047354;Книга 4735;active;499;5;3;3
9785000047361;Книга 4736;active;349;6;4;4
9785000047378;Книга 4737;active;399;7;5;5
9785000047385;Книга 4738;active;449;8;6;6
9785000047392;Книга 4739;active;499;9;7;0
9785000047408;Книга 4740;paused;349;10;8;1
9785000047415;Книга 4741;active;399;0;9;2
9785000047422;Книга 4742;active;449;1;10;3
9785000047439;Книга 4743;active;499;2;11;4
9785000047446;Книга 4744;active;349;3;12;5
9785000047453;Книга 4745;active;399;4;0;6
9785000047460;Книга 4746;active;449;5;1;0
9785000047477;Книга 4747;active;499;6;2;1
9785000047484;Книга 4748;active;349;7;3;2
9785000047491;Книга 4749;active;399;8;4;3
9785000047507;Книга 4750;paused;449;9;5;4
9785000047514;Книга 4751;active;499;10;6;5
9785000047521;Книга 4752;active;349;0;7;6
9785000047538;Книга 4753;active;399;1;8;0
9785000047545;Книга 4754;active;449;2;9;1
9785000047552;Книга 4755;active;499;3;10;2
9785000047569;Книга 4756;active;349;4;11;3
9785000047576;Книга 4757;active;399;5;12;4
9785000047583;Книга 4758;active;449;6;0;5
9785000047590;Книга 4759;active;499;7;1;6
9785000047606;Книга 4760;paused;349;8;2;0
9785000047613;Книга 4761;active;399;9;3;1
9785000047620;Книга 4762;active;449;10;4;2
9785000047637;Книга 4763;active;499;0;5;3
9785000047644;Книга 4764;active;349;1;6;4
9785000047651;Книга 4765;active;399;2;7;5
9785000047668;Книга 4766;active;449;3;8;6
9785000047675;Книга 4767;active;499;4;9;0
9785000047682;Книга 4768;active;349;5;10;1
9785000047699;Книга 4769;active;399;6;11;2
9785000047705;Книга 4770;paused;449;7;12;3
9785000047712;Книга 4771;active;499;8;0;4
9785000047729;Книга 4772;active;349;9;1;5
9785000047736;Книга 4773;active;399;10;2;6
9785000047743;Книга 4774;active;449;0;3;0
9785000047750;Книга 4775;active;499;1;4;1
9785000047767;Книга 4776;active;349;2;5;2
9785000047774;Книга 4777;active;399;3;6;3
9785000047781;Книга 4778;active;449;4;7;4
9785000047798;Книга 4779;active;499;5;8;5
9785000047804;Книга 4780;paused;349;6;9;6
9785000047811;Книга 4781;active;399;7;10;0
9785000047828;Книга 4782;active;449;8;11;1
9785000047835;Книга 4783;active;499;9;12;2
9785000047842;Книга 4784;active;349;10;0;3
9785000047859;Книга 4785;active;399;0;1;4
9785000047866;Книга 4786;active;449;1;2;5
9785000047873;Книга 4787;active;499;2;3;6
9785000047880;Книга 4788;active;349;3;4;0
9785000047897;Книга 4789;active;399;4;5;1
9785000047903;Книга 4790;paused;449;5;6;2
9785000047910;Книга 4791;active;499;6;7;3
9785000047927;Книга 4792;active;349;7;8;4
9785000047934;Книга 4793;active;399;8;9;5
9785000047941;Книга 4794;active;449;9;10;6
9785000047958;Книга 4795;active;499;10;11;0
9785000047965;Книга 4796;active;349;0;12;1
9785000047972;Книга 4797;active;399;1;0;2
9785000047989;Книга 4798;active;449;2;1;3
9785000047996;Книга 4799;active;499;3;2;4
9785000048009;Книга 4800;paused;349;4;3;5
9785000048016;Книга 4801;active;399;5;4;6
9785000048023;Книга 4802;active;449;6;5;0
9785000048030;Книга 4803;active;499;7;6;1
9785000048047;Книга 4804;active;349;8;7;2
9785000048054;Книга 4805;active;399;9;8;3
9785000048061;Книга 4806;active;449;10;9;4
9785000048078;Книга 4807;active;499;0;10;5
9785000048085;Книга 4808;active;349;1;11;6
9785000048092;Книга 4809;active;399;2;12;0
9785000048108;Книга 4810;paused;449;3;0;1
9785000048115;Книга 4811;active;499;4;1;2
9785000048122;Книга 4812;active;349;5;2;3
9785000048139;Книга 4813;active;399;6;3;4
9785000048146;Книга 4814;active;449;7;4;5
9785000048153;Книга 4815;active;499;8;5;6
9785000048160;Книга 4816;active;349;9;6;0
9785000048177;Книга 4817;active;399;10;7;1
9785000048184;Книга 4818;active;449;0;8;2
9785000048191;Книга 4819;active;499;1;9;3
9785000048207;Книга 4820;paused;349;2;10;4
9785000048214;Книга 4821;active;399;3;11;5
9785000048221;Книга 4822;active;449;4;12;6
9785000048238;Книга 4823;active;499;5;0;0
9785000048245;Книга 4824;active;349;6;1;1
9785000048252;Книга 4825;active;399;7;2;2
9785000048269;Книга 4826;active;449;8;3;3
9785000048276;Книга 4827;active;499;9;4;4
9785000048283;Книга 4828;active;349;10;5;5
9785000048290;Книга 4829;active;399;0;6;6
9785000048306;Книга 4830;paused;449;1;7;0
9785000048313;Книга 4831;active;499;2;8;1
9785000048320;Книга 4832;active;349;3;9;2
9785000048337;Книга 4833;active;399;4;10;3
9785000048344;Книга 4834;active;449;5;11;4
9785000048351;Книга 4835;active;499;6;12;5
9785000048368;Книга 4836;active;349;7;0;6
9785000048375;Книга 4837;active;399;8;1;0
9785000048382;Книга 4838;active;449;9;2;1
9785000048399;Книга 4839;active;499;10;3;2
9785000048405;Книга 4840;paused;349;0;4;3
9785000048412;Книга 4841;active;399;1;5;4
9785000048429;Книга 4842;active;449;2;6;5
9785000048436;Книга 4843;active;499;3;7;6
9785000048443;Книга 4844;active;349;4;8;0
9785000048450;Книга 4845;active;399;5;9;1
9785000048467;Книга 4846;active;449;6;10;2
9785000048474;Книга 4847;active;499;7;11;3
9785000048481;Книга 4848;active;349;8;12;4
9785000048498;Книга 4849;active;399;9;0;5
9785000048504;Книга 4850;paused;449;10;1;6
9785000048511;Книга 4851;active;499;0;2;0
9785000048528;Книга 4852;active;349;1;3;1
9785000048535;Книга 4853;active;399;2;4;2
9785000048542;Книга 4854;active;449;3;5;3
9785000048559;Книга 4855;active;499;4;6;4
9785000048566;Книга 4856;active;349;5;7;5
9785000048573;Книга 4857;active;399;6;8;6
9785000048580;Книга 4858;active;449;7;9;0
9785000048597;Книга 4859;active;499;8;10;1
9785000048603;Книга 4860;paused;349;9;11;2
9785000048610;Книга 4861;active;399;10;12;3
9785000048627;Книга 4862;active;449;0;0;4
9785000048634;Книга 4863;active;499;1;1;5
9785000048641;Книга 4864;active;349;2;2;6
9785000048658;Книга 4865;active;399;3;3;0
9785000048665;Книга 4866;active;449;4;4;1
9785000048672;Книга 4867;active;499;5;5;2
9785000048689;Книга 4868;active;349;6;6;3
9785000048696;Книга 4869;active;399;7;7;4
9785000048702;Книга 4870;paused;449;8;8;5
9785000048719;Книга 4871;active;499;9;9;6
9785000048726;Книга 4872;active;349;10;10;0
9785000048733;Книга 4873;active;399;0;11;1
9785000048740;Книга 4874;active;449;1;12;2
9785000048757;Книга 4875;active;499;2;0;3
9785000048764;Книга 4876;active;349;3;1;4
9785000048771;Книга 4877;active;399;4;2;5
9785000048788;Книга 4878;active;449;5;3;6
9785000048795;Книга 4879;active;499;6;4;0
9785000048801;Книга 4880;paused;349;7;5;1
9785000048818;Книга 4881;active;399;8;6;2
9785000048825;Книга 4882;active;449;9;7;3
9785000048832;Книга 4883;active;499;10;8;4
9785000048849;Книга 4884;active;349;0;9;5
9785000048856;Книга 4885;active;399;1;10;6
9785000048863;Книга 4886;active;449;2;11;0
9785000048870;Книга 4887;active;499;3;12;1
9785000048887;Книга 4888;active;349;4;0;2
9785000048894;Книга 4889;active;399;5;1;3
9785000048900;Книга 4890;paused;449;6;2;4
9785000048917;Книга 4891;active;499;7;3;5
9785000048924;Книга 4892;active;349;8;4;6
9785000048931;Книга 4893;active;399;9;5;0
9785000048948;Книга 4894;active;449;10;6;1
9785000048955;Книга 4895;active;499;0;7;2
9785000048962;Книга 4896;active;349;1;8;3
9785000048979;Книга 4897;active;399;2;9;4
9785000048986;Книга 4898;active;449;3;10;5
9785000048993;Книга 4899;active;499;4;11;6
9785000049006;Книга 4900;paused;349;5;12;0
9785000049013;Книга 4901;active;399;6;0;1
9785000049020;Книга 4902;active;449;7;1;2
9785000049037;Книга 4903;active;499;8;2;3
9785000049044;Книга 4904;active;349;9;3;4
9785000049051;Книга 4905;active;399;10;4;5
9785000049068;Книга 4906;active;449;0;5;6
9785000049075;Книга 4907;active;499;1;6;0
9785000049082;Книга 4908;active;349;2;7;1
9785000049099;Книга 4909;active;399;3;8;2
9785000049105;Книга 4910;paused;449;4;9;3
9785000049112;Книга 4911;active;499;5;10;4
9785000049129;Книга 4912;active;349;6;11;5
9785000049136;Книга 4913;active;399;7;12;6
9785000049143;Книга 4914;active;449;8;0;0
9785000049150;Книга 4915;active;499;9;1;1
9785000049167;Книга 4916;active;349;10;2;2
9785000049174;Книга 4917;active;399;0;3;3
9785000049181;Книга 4918;active;449;1;4;4
9785000049198;Книга 4919;active;499;2;5;5
9785000049204;Книга 4920;paused;349;3;6;6
9785000049211;Книга 4921;active;399;4;7;0
9785000049228;Книга 4922;active;449;5;8;1
9785000049235;Книга 4923;active;499;6;9;2
9785000049242;Книга 4924;active;349;7;10;3
9785000049259;Книга 4925;active;399;8;11;4
9785000049266;Книга 4926;active;449;9;12;5
9785000049273;Книга 4927;active;499;10;0;6
9785000049280;Книга 4928;active;349;0;1;0
9785000049297;Книга 4929;active;399;1;2;1
9785000049303;Книга 4930;paused;449;2;3;2
9785000049310;Книга 4931;active;499;3;4;3
9785000049327;Книга 4932;active;349;4;5;4
9785000049334;Книга 4933;active;399;5;6;5
9785000049341;Книга 4934;active;449;6;7;6
9785000049358;Книга 4935;active;499;7;8;0
9785000049365;Книга 4936;active;349;8;9;1
9785000049372;Книга 4937;active;399;9;10;2
9785000049389;Книга 4938;active;449;10;11;3
9785000049396;Книга 4939;active;499;0;12;4
9785000049402;Книга 4940;paused;349;1;0;5
9785000049419;Книга 4941;active;399;2;1;6
9785000049426;Книга 4942;active;449;3;2;0
9785000049433;Книга 4943;active;499;4;3;1
9785000049440;Книга 4944;active;349;5;4;2
9785000049457;Книга 4945;active;399;6;5;3
9785000049464;Книга 4946;active;449;7;6;4
9785000049471;Книга 4947;active;499;8;7;5
9785000049488;Книга 4948;active;349;9;8;6
9785000049495;Книга 4949;active;399;10;9;0
9785000049501;Книга 4950;paused;449;0;10;1
9785000049518;Книга 4951;active;499;1;11;2
9785000049525;Книга 4952;active;349;2;12;3
9785000049532;Книга 4953;active;399;3;0;4
9785000049549;Книга 4954;active;449;4;1;5
9785000049556;Книга 4955;active;499;5;2;6
9785000049563;Книга 4956;active;349;6;3;0
9785000049570;Книга 4957;active;399;7;4;1
9785000049587;Книга 4958;active;449;8;5;2
9785000049594;Книга 4959;active;499;9;6;3
9785000049600;Книга 4960;paused;349;10;7;4
9785000049617;Книга 4961;active;399;0;8;5
9785000049624;Книга 4962;active;449;1;9;6
9785000049631;Книга 4963;active;499;2;10;0
9785000049648;Книга 4964;active;349;3;11;1
9785000049655;Книга 4965;active;399;4;12;2
9785000049662;Книга 4966;active;449;5;0;3
9785000049679;Книга 4967;active;499;6;1;4
9785000049686;Книга 4968;active;349;7;2;5
9785000049693;Книга 4969;active;399;8;3;6
9785000049709;Книга 4970;paused;449;9;4;0
9785000049716;Книга 4971;active;499;10;5;1
9785000049723;Книга 4972;active;349;0;6;2
9785000049730;Книга 4973;active;399;1;7;3
9785000049747;Книга 4974;active;449;2;8;4
9785000049754;Книга 4975;active;499;3;9;5
9785000049761;Книга 4976;active;349;4;10;6
9785000049778;Книга 4977;active;399;5;11;0
9785000049785;Книга 4978;active;449;6;12;1
9785000049792;Книга 4979;active;499;7;0;2
9785000049808;Книга 4980;paused;349;8;1;3
9785000049815;Книга 4981;active;399;9;2;4
9785000049822;Книга 4982;active;449;10;3;5
9785000049839;Книга 4983;active;499;0;4;6
9785000049846;Книга 4984;active;349;1;5;0
9785000049853;Книга 4985;active;399;2;6;1
9785000049860;Книга 4986;active;449;3;7;2
9785000049877;Книга 4987;active;499;4;8;3
9785000049884;Книга 4988;active;349;5;9;4
9785000049891;Книга 4989;active;399;6;10;5
9785000049907;Книга 4990;paused;449;7;11;6
9785000049914;Книга 4991;active;499;8;12;0
9785000049921;Книга 4992;active;349;9;0;1
9785000049938;Книга 4993;active;399;10;1;2
9785000049945;Книга 4994;active;449;0;2;3
9785000049952;Книга 4995;active;499;1;3;4
9785000049969;Книга 4996;active;349;2;4;5
9785000049976;Книга 4997;active;399;3;5;6
9785000049983;Книга 4998;active;449;4;6;0
9785000049990;Книга 4999;active;499;5;7;1
9785000050002;Книга 5000;paused;349;6;8;2
